<?xml version="1.0" encoding="utf-8" ?>
<kml xmlns="http://www.opengis.net/kml/2.2">
<Document id="root_doc">
<Schema name="inviduos_completos" id="inviduos_completos">
	<SimpleField name="Nº" type="float"></SimpleField>
	<SimpleField name="Individuo" type="float"></SimpleField>
	<SimpleField name="X" type="float"></SimpleField>
	<SimpleField name="Y" type="float"></SimpleField>
</Schema>
<Folder><name>inviduos_completos</name>
  <Placemark id="inviduos_completos.1">
	<ExtendedData><SchemaData schemaUrl="#inviduos_completos">
		<SimpleData name="Nº">1.000000</SimpleData>
		<SimpleData name="Individuo">1.000000</SimpleData>
		<SimpleData name="X">435301.000000</SimpleData>
		<SimpleData name="Y">7204275.000000</SimpleData>
	</SchemaData></ExtendedData>
      <Point><coordinates>-57.6425945251922,-25.2765479512268</coordinates></Point>
  </Placemark>
  <Placemark id="inviduos_completos.2">
	<ExtendedData><SchemaData schemaUrl="#inviduos_completos">
		<SimpleData name="Nº">2.000000</SimpleData>
		<SimpleData name="Individuo">2.000000</SimpleData>
		<SimpleData name="X">435317.000000</SimpleData>
		<SimpleData name="Y">7204233.000000</SimpleData>
	</SchemaData></ExtendedData>
      <Point><coordinates>-57.6424376172516,-25.2769279108363</coordinates></Point>
  </Placemark>
  <Placemark id="inviduos_completos.3">
	<ExtendedData><SchemaData schemaUrl="#inviduos_completos">
		<SimpleData name="Nº">3.000000</SimpleData>
		<SimpleData name="Individuo">3.000000</SimpleData>
		<SimpleData name="X">435314.000000</SimpleData>
		<SimpleData name="Y">7204253.000000</SimpleData>
	</SchemaData></ExtendedData>
      <Point><coordinates>-57.6424664609739,-25.2767471774334</coordinates></Point>
  </Placemark>
  <Placemark id="inviduos_completos.4">
	<ExtendedData><SchemaData schemaUrl="#inviduos_completos">
		<SimpleData name="Nº">4.000000</SimpleData>
		<SimpleData name="Individuo">4.000000</SimpleData>
		<SimpleData name="X">435308.000000</SimpleData>
		<SimpleData name="Y">7204269.000000</SimpleData>
	</SchemaData></ExtendedData>
      <Point><coordinates>-57.6425252895578,-25.2766024350407</coordinates></Point>
  </Placemark>
  <Placemark id="inviduos_completos.5">
	<ExtendedData><SchemaData schemaUrl="#inviduos_completos">
		<SimpleData name="Nº">5.000000</SimpleData>
		<SimpleData name="Individuo">5.000000</SimpleData>
		<SimpleData name="X">435315.000000</SimpleData>
		<SimpleData name="Y">7204270.000000</SimpleData>
	</SchemaData></ExtendedData>
      <Point><coordinates>-57.6424557209934,-25.2765937075287</coordinates></Point>
  </Placemark>
  <Placemark id="inviduos_completos.6">
	<ExtendedData><SchemaData schemaUrl="#inviduos_completos">
		<SimpleData name="Nº">6.000000</SimpleData>
		<SimpleData name="Individuo">6.000000</SimpleData>
		<SimpleData name="X">435314.000000</SimpleData>
		<SimpleData name="Y">7204271.000000</SimpleData>
	</SchemaData></ExtendedData>
      <Point><coordinates>-57.6424656050127,-25.2765846341068</coordinates></Point>
  </Placemark>
  <Placemark id="inviduos_completos.7">
	<ExtendedData><SchemaData schemaUrl="#inviduos_completos">
		<SimpleData name="Nº">7.000000</SimpleData>
		<SimpleData name="Individuo">7.000000</SimpleData>
		<SimpleData name="X">435321.000000</SimpleData>
		<SimpleData name="Y">7204270.000000</SimpleData>
	</SchemaData></ExtendedData>
      <Point><coordinates>-57.6423961315582,-25.2765939669364</coordinates></Point>
  </Placemark>
  <Placemark id="inviduos_completos.8">
	<ExtendedData><SchemaData schemaUrl="#inviduos_completos">
		<SimpleData name="Nº">8.000000</SimpleData>
		<SimpleData name="Individuo">8.000000</SimpleData>
		<SimpleData name="X">435333.000000</SimpleData>
		<SimpleData name="Y">7204268.000000</SimpleData>
	</SchemaData></ExtendedData>
      <Point><coordinates>-57.6422770477638,-25.2766125460502</coordinates></Point>
  </Placemark>
  <Placemark id="inviduos_completos.9">
	<ExtendedData><SchemaData schemaUrl="#inviduos_completos">
		<SimpleData name="Nº">9.000000</SimpleData>
		<SimpleData name="Individuo">9.000000</SimpleData>
		<SimpleData name="X">435337.000000</SimpleData>
		<SimpleData name="Y">7204271.000000</SimpleData>
	</SchemaData></ExtendedData>
      <Point><coordinates>-57.6422371788573,-25.2765856283875</coordinates></Point>
  </Placemark>
  <Placemark id="inviduos_completos.10">
	<ExtendedData><SchemaData schemaUrl="#inviduos_completos">
		<SimpleData name="Nº">10.000000</SimpleData>
		<SimpleData name="Individuo">10.000000</SimpleData>
		<SimpleData name="X">435343.000000</SimpleData>
		<SimpleData name="Y">7204268.000000</SimpleData>
	</SchemaData></ExtendedData>
      <Point><coordinates>-57.6421777320192,-25.2766129782631</coordinates></Point>
  </Placemark>
  <Placemark id="inviduos_completos.11">
	<ExtendedData><SchemaData schemaUrl="#inviduos_completos">
		<SimpleData name="Nº">11.000000</SimpleData>
		<SimpleData name="Individuo">11.000000</SimpleData>
		<SimpleData name="X">435354.000000</SimpleData>
		<SimpleData name="Y">7204248.000000</SimpleData>
	</SchemaData></ExtendedData>
      <Point><coordinates>-57.6420694351793,-25.2767940573296</coordinates></Point>
  </Placemark>
  <Placemark id="inviduos_completos.12">
	<ExtendedData><SchemaData schemaUrl="#inviduos_completos">
		<SimpleData name="Nº">12.000000</SimpleData>
		<SimpleData name="Individuo">12.000000</SimpleData>
		<SimpleData name="X">435350.000000</SimpleData>
		<SimpleData name="Y">7204242.000000</SimpleData>
	</SchemaData></ExtendedData>
      <Point><coordinates>-57.6421094467013,-25.276848065592</coordinates></Point>
  </Placemark>
  <Placemark id="inviduos_completos.13">
	<ExtendedData><SchemaData schemaUrl="#inviduos_completos">
		<SimpleData name="Nº">13.000000</SimpleData>
		<SimpleData name="Individuo">13.000000</SimpleData>
		<SimpleData name="X">435355.000000</SimpleData>
		<SimpleData name="Y">7204238.000000</SimpleData>
	</SchemaData></ExtendedData>
      <Point><coordinates>-57.6420599788268,-25.2768844023935</coordinates></Point>
  </Placemark>
  <Placemark id="inviduos_completos.14">
	<ExtendedData><SchemaData schemaUrl="#inviduos_completos">
		<SimpleData name="Nº">14.000000</SimpleData>
		<SimpleData name="Individuo">14.000000</SimpleData>
		<SimpleData name="X">435368.000000</SimpleData>
		<SimpleData name="Y">7204240.000000</SimpleData>
	</SchemaData></ExtendedData>
      <Point><coordinates>-57.6419307730366,-25.276866903702</coordinates></Point>
  </Placemark>
  <Placemark id="inviduos_completos.15">
	<ExtendedData><SchemaData schemaUrl="#inviduos_completos">
		<SimpleData name="Nº">15.000000</SimpleData>
		<SimpleData name="Individuo">15.000000</SimpleData>
		<SimpleData name="X">435381.000000</SimpleData>
		<SimpleData name="Y">7204261.000000</SimpleData>
	</SchemaData></ExtendedData>
      <Point><coordinates>-57.6418006646973,-25.276677831365</coordinates></Point>
  </Placemark>
  <Placemark id="inviduos_completos.16">
	<ExtendedData><SchemaData schemaUrl="#inviduos_completos">
		<SimpleData name="Nº">16.000000</SimpleData>
		<SimpleData name="Individuo">16.000000</SimpleData>
		<SimpleData name="X">435383.000000</SimpleData>
		<SimpleData name="Y">7204255.000000</SimpleData>
	</SchemaData></ExtendedData>
      <Point><coordinates>-57.6417810865528,-25.2767320988649</coordinates></Point>
  </Placemark>
  <Placemark id="inviduos_completos.17">
	<ExtendedData><SchemaData schemaUrl="#inviduos_completos">
		<SimpleData name="Nº">17.000000</SimpleData>
		<SimpleData name="Individuo">17.000000</SimpleData>
		<SimpleData name="X">435391.000000</SimpleData>
		<SimpleData name="Y">7204261.000000</SimpleData>
	</SchemaData></ExtendedData>
      <Point><coordinates>-57.6417013488902,-25.2766782632584</coordinates></Point>
  </Placemark>
  <Placemark id="inviduos_completos.18">
	<ExtendedData><SchemaData schemaUrl="#inviduos_completos">
		<SimpleData name="Nº">18.000000</SimpleData>
		<SimpleData name="Individuo">18.000000</SimpleData>
		<SimpleData name="X">435398.000000</SimpleData>
		<SimpleData name="Y">7204259.000000</SimpleData>
	</SchemaData></ExtendedData>
      <Point><coordinates>-57.6416319228073,-25.2766966259165</coordinates></Point>
  </Placemark>
  <Placemark id="inviduos_completos.19">
	<ExtendedData><SchemaData schemaUrl="#inviduos_completos">
		<SimpleData name="Nº">19.000000</SimpleData>
		<SimpleData name="Individuo">19.000000</SimpleData>
		<SimpleData name="X">435402.000000</SimpleData>
		<SimpleData name="Y">7204264.000000</SimpleData>
	</SchemaData></ExtendedData>
      <Point><coordinates>-57.6415919590337,-25.2766516477048</coordinates></Point>
  </Placemark>
  <Placemark id="inviduos_completos.20">
	<ExtendedData><SchemaData schemaUrl="#inviduos_completos">
		<SimpleData name="Nº">20.000000</SimpleData>
		<SimpleData name="Individuo">20.000000</SimpleData>
		<SimpleData name="X">435404.000000</SimpleData>
		<SimpleData name="Y">7204261.000000</SimpleData>
	</SchemaData></ExtendedData>
      <Point><coordinates>-57.6415722383376,-25.2766788246199</coordinates></Point>
  </Placemark>
  <Placemark id="inviduos_completos.21">
	<ExtendedData><SchemaData schemaUrl="#inviduos_completos">
		<SimpleData name="Nº">21.000000</SimpleData>
		<SimpleData name="Individuo">21.000000</SimpleData>
		<SimpleData name="X">435394.000000</SimpleData>
		<SimpleData name="Y">7204268.000000</SimpleData>
	</SchemaData></ExtendedData>
      <Point><coordinates>-57.6416712216859,-25.2766151815096</coordinates></Point>
  </Placemark>
  <Placemark id="inviduos_completos.22">
	<ExtendedData><SchemaData schemaUrl="#inviduos_completos">
		<SimpleData name="Nº">22.000000</SimpleData>
		<SimpleData name="Individuo">22.000000</SimpleData>
		<SimpleData name="X">435410.000000</SimpleData>
		<SimpleData name="Y">7204266.000000</SimpleData>
	</SchemaData></ExtendedData>
      <Point><coordinates>-57.6415124114364,-25.2766339327391</coordinates></Point>
  </Placemark>
  <Placemark id="inviduos_completos.23">
	<ExtendedData><SchemaData schemaUrl="#inviduos_completos">
		<SimpleData name="Nº">23.000000</SimpleData>
		<SimpleData name="Individuo">23.000000</SimpleData>
		<SimpleData name="X">435411.000000</SimpleData>
		<SimpleData name="Y">7204267.000000</SimpleData>
	</SchemaData></ExtendedData>
      <Point><coordinates>-57.6415024323768,-25.2766249457254</coordinates></Point>
  </Placemark>
  <Placemark id="inviduos_completos.24">
	<ExtendedData><SchemaData schemaUrl="#inviduos_completos">
		<SimpleData name="Nº">24.000000</SimpleData>
		<SimpleData name="Individuo">24.000000</SimpleData>
		<SimpleData name="X">435417.000000</SimpleData>
		<SimpleData name="Y">7204264.000000</SimpleData>
	</SchemaData></ExtendedData>
      <Point><coordinates>-57.641442985348,-25.2766522953085</coordinates></Point>
  </Placemark>
  <Placemark id="inviduos_completos.25">
	<ExtendedData><SchemaData schemaUrl="#inviduos_completos">
		<SimpleData name="Nº">25.000000</SimpleData>
		<SimpleData name="Individuo">25.000000</SimpleData>
		<SimpleData name="X">435429.000000</SimpleData>
		<SimpleData name="Y">7204260.000000</SimpleData>
	</SchemaData></ExtendedData>
      <Point><coordinates>-57.6413239962714,-25.2766889340306</coordinates></Point>
  </Placemark>
  <Placemark id="inviduos_completos.26">
	<ExtendedData><SchemaData schemaUrl="#inviduos_completos">
		<SimpleData name="Nº">26.000000</SimpleData>
		<SimpleData name="Individuo">26.000000</SimpleData>
		<SimpleData name="X">435433.000000</SimpleData>
		<SimpleData name="Y">7204282.000000</SimpleData>
	</SchemaData></ExtendedData>
      <Point><coordinates>-57.6412832256953,-25.2764904425536</coordinates></Point>
  </Placemark>
  <Placemark id="inviduos_completos.27">
	<ExtendedData><SchemaData schemaUrl="#inviduos_completos">
		<SimpleData name="Nº">27.000000</SimpleData>
		<SimpleData name="Individuo">27.000000</SimpleData>
		<SimpleData name="X">435437.000000</SimpleData>
		<SimpleData name="Y">7204267.000000</SimpleData>
	</SchemaData></ExtendedData>
      <Point><coordinates>-57.6412442113704,-25.2766260679852</coordinates></Point>
  </Placemark>
  <Placemark id="inviduos_completos.28">
	<ExtendedData><SchemaData schemaUrl="#inviduos_completos">
		<SimpleData name="Nº">28.000000</SimpleData>
		<SimpleData name="Individuo">28.000000</SimpleData>
		<SimpleData name="X">435452.000000</SimpleData>
		<SimpleData name="Y">7204266.000000</SimpleData>
	</SchemaData></ExtendedData>
      <Point><coordinates>-57.6410952851578,-25.2766357454246</coordinates></Point>
  </Placemark>
  <Placemark id="inviduos_completos.29">
	<ExtendedData><SchemaData schemaUrl="#inviduos_completos">
		<SimpleData name="Nº">29.000000</SimpleData>
		<SimpleData name="Individuo">29.000000</SimpleData>
		<SimpleData name="X">435456.000000</SimpleData>
		<SimpleData name="Y">7204266.000000</SimpleData>
	</SchemaData></ExtendedData>
      <Point><coordinates>-57.6410555588434,-25.2766359179998</coordinates></Point>
  </Placemark>
  <Placemark id="inviduos_completos.30">
	<ExtendedData><SchemaData schemaUrl="#inviduos_completos">
		<SimpleData name="Nº">30.000000</SimpleData>
		<SimpleData name="Individuo">30.000000</SimpleData>
		<SimpleData name="X">435461.000000</SimpleData>
		<SimpleData name="Y">7204260.000000</SimpleData>
	</SchemaData></ExtendedData>
      <Point><coordinates>-57.641006185622,-25.2766903148283</coordinates></Point>
  </Placemark>
  <Placemark id="inviduos_completos.31">
	<ExtendedData><SchemaData schemaUrl="#inviduos_completos">
		<SimpleData name="Nº">31.000000</SimpleData>
		<SimpleData name="Individuo">31.000000</SimpleData>
		<SimpleData name="X">435464.000000</SimpleData>
		<SimpleData name="Y">7204265.000000</SimpleData>
	</SchemaData></ExtendedData>
      <Point><coordinates>-57.6409761536567,-25.2766452933057</coordinates></Point>
  </Placemark>
  <Placemark id="inviduos_completos.32">
	<ExtendedData><SchemaData schemaUrl="#inviduos_completos">
		<SimpleData name="Nº">32.000000</SimpleData>
		<SimpleData name="Individuo">32.000000</SimpleData>
		<SimpleData name="X">435467.000000</SimpleData>
		<SimpleData name="Y">7204257.000000</SimpleData>
	</SchemaData></ExtendedData>
      <Point><coordinates>-57.6409467384457,-25.276717664214</coordinates></Point>
  </Placemark>
  <Placemark id="inviduos_completos.33">
	<ExtendedData><SchemaData schemaUrl="#inviduos_completos">
		<SimpleData name="Nº">33.000000</SimpleData>
		<SimpleData name="Individuo">33.000000</SimpleData>
		<SimpleData name="X">435472.000000</SimpleData>
		<SimpleData name="Y">7204290.000000</SimpleData>
	</SchemaData></ExtendedData>
      <Point><coordinates>-57.6408955150965,-25.2764198836875</coordinates></Point>
  </Placemark>
  <Placemark id="inviduos_completos.34">
	<ExtendedData><SchemaData schemaUrl="#inviduos_completos">
		<SimpleData name="Nº">34.000000</SimpleData>
		<SimpleData name="Individuo">34.000000</SimpleData>
		<SimpleData name="X">435445.000000</SimpleData>
		<SimpleData name="Y">7204283.000000</SimpleData>
	</SchemaData></ExtendedData>
      <Point><coordinates>-57.6411639994408,-25.2764819302089</coordinates></Point>
  </Placemark>
  <Placemark id="inviduos_completos.35">
	<ExtendedData><SchemaData schemaUrl="#inviduos_completos">
		<SimpleData name="Nº">35.000000</SimpleData>
		<SimpleData name="Individuo">35.000000</SimpleData>
		<SimpleData name="X">435374.000000</SimpleData>
		<SimpleData name="Y">7204293.000000</SimpleData>
	</SchemaData></ExtendedData>
      <Point><coordinates>-57.6418686654742,-25.2763885630467</coordinates></Point>
  </Placemark>
  <Placemark id="inviduos_completos.36">
	<ExtendedData><SchemaData schemaUrl="#inviduos_completos">
		<SimpleData name="Nº">36.000000</SimpleData>
		<SimpleData name="Individuo">36.000000</SimpleData>
		<SimpleData name="X">435387.000000</SimpleData>
		<SimpleData name="Y">7204301.000000</SimpleData>
	</SchemaData></ExtendedData>
      <Point><coordinates>-57.6417391752408,-25.2763168830567</coordinates></Point>
  </Placemark>
  <Placemark id="inviduos_completos.37">
	<ExtendedData><SchemaData schemaUrl="#inviduos_completos">
		<SimpleData name="Nº">37.000000</SimpleData>
		<SimpleData name="Individuo">37.000000</SimpleData>
		<SimpleData name="X">435391.000000</SimpleData>
		<SimpleData name="Y">7204301.000000</SimpleData>
	</SchemaData></ExtendedData>
      <Point><coordinates>-57.6416994490353,-25.2763170558032</coordinates></Point>
  </Placemark>
  <Placemark id="inviduos_completos.38">
	<ExtendedData><SchemaData schemaUrl="#inviduos_completos">
		<SimpleData name="Nº">38.000000</SimpleData>
		<SimpleData name="Individuo">38.000000</SimpleData>
		<SimpleData name="X">435389.000000</SimpleData>
		<SimpleData name="Y">7204299.000000</SimpleData>
	</SchemaData></ExtendedData>
      <Point><coordinates>-57.6417194071329,-25.2763350298044</coordinates></Point>
  </Placemark>
  <Placemark id="inviduos_completos.39">
	<ExtendedData><SchemaData schemaUrl="#inviduos_completos">
		<SimpleData name="Nº">39.000000</SimpleData>
		<SimpleData name="Individuo">39.000000</SimpleData>
		<SimpleData name="X">435383.000000</SimpleData>
		<SimpleData name="Y">7204302.000000</SimpleData>
	</SchemaData></ExtendedData>
      <Point><coordinates>-57.6417788539442,-25.276307680113</coordinates></Point>
  </Placemark>
  <Placemark id="inviduos_completos.40">
	<ExtendedData><SchemaData schemaUrl="#inviduos_completos">
		<SimpleData name="Nº">40.000000</SimpleData>
		<SimpleData name="Individuo">40.000000</SimpleData>
		<SimpleData name="X">435380.000000</SimpleData>
		<SimpleData name="Y">7204304.000000</SimpleData>
	</SchemaData></ExtendedData>
      <Point><coordinates>-57.6418085535877,-25.2762894901653</coordinates></Point>
  </Placemark>
  <Placemark id="inviduos_completos.41">
	<ExtendedData><SchemaData schemaUrl="#inviduos_completos">
		<SimpleData name="Nº">41.000000</SimpleData>
		<SimpleData name="Individuo">41.000000</SimpleData>
		<SimpleData name="X">435378.000000</SimpleData>
		<SimpleData name="Y">7204305.000000</SimpleData>
	</SchemaData></ExtendedData>
      <Point><coordinates>-57.6418283691802,-25.2762803735923</coordinates></Point>
  </Placemark>
  <Placemark id="inviduos_completos.42">
	<ExtendedData><SchemaData schemaUrl="#inviduos_completos">
		<SimpleData name="Nº">42.000000</SimpleData>
		<SimpleData name="Individuo">42.000000</SimpleData>
		<SimpleData name="X">435372.000000</SimpleData>
		<SimpleData name="Y">7204311.000000</SimpleData>
	</SchemaData></ExtendedData>
      <Point><coordinates>-57.6418876734106,-25.2762259332988</coordinates></Point>
  </Placemark>
  <Placemark id="inviduos_completos.43">
	<ExtendedData><SchemaData schemaUrl="#inviduos_completos">
		<SimpleData name="Nº">43.000000</SimpleData>
		<SimpleData name="Individuo">43.000000</SimpleData>
		<SimpleData name="X">435370.000000</SimpleData>
		<SimpleData name="Y">7204310.000000</SimpleData>
	</SchemaData></ExtendedData>
      <Point><coordinates>-57.6419075840089,-25.2762348770881</coordinates></Point>
  </Placemark>
  <Placemark id="inviduos_completos.44">
	<ExtendedData><SchemaData schemaUrl="#inviduos_completos">
		<SimpleData name="Nº">44.000000</SimpleData>
		<SimpleData name="Individuo">44.000000</SimpleData>
		<SimpleData name="X">435371.000000</SimpleData>
		<SimpleData name="Y">7204292.000000</SimpleData>
	</SchemaData></ExtendedData>
      <Point><coordinates>-57.6418985076557,-25.2763974636395</coordinates></Point>
  </Placemark>
  <Placemark id="inviduos_completos.45">
	<ExtendedData><SchemaData schemaUrl="#inviduos_completos">
		<SimpleData name="Nº">45.000000</SimpleData>
		<SimpleData name="Individuo">45.000000</SimpleData>
		<SimpleData name="X">435375.000000</SimpleData>
		<SimpleData name="Y">7204295.000000</SimpleData>
	</SchemaData></ExtendedData>
      <Point><coordinates>-57.6418586389016,-25.2763705458707</coordinates></Point>
  </Placemark>
  <Placemark id="inviduos_completos.46">
	<ExtendedData><SchemaData schemaUrl="#inviduos_completos">
		<SimpleData name="Nº">46.000000</SimpleData>
		<SimpleData name="Individuo">46.000000</SimpleData>
		<SimpleData name="X">435366.000000</SimpleData>
		<SimpleData name="Y">7204288.000000</SimpleData>
	</SchemaData></ExtendedData>
      <Point><coordinates>-57.6419483555015,-25.2764333683812</coordinates></Point>
  </Placemark>
  <Placemark id="inviduos_completos.47">
	<ExtendedData><SchemaData schemaUrl="#inviduos_completos">
		<SimpleData name="Nº">47.000000</SimpleData>
		<SimpleData name="Individuo">47.000000</SimpleData>
		<SimpleData name="X">435373.000000</SimpleData>
		<SimpleData name="Y">7204289.000000</SimpleData>
	</SchemaData></ExtendedData>
      <Point><coordinates>-57.6418787870686,-25.2764246405943</coordinates></Point>
  </Placemark>
  <Placemark id="inviduos_completos.48">
	<ExtendedData><SchemaData schemaUrl="#inviduos_completos">
		<SimpleData name="Nº">48.000000</SimpleData>
		<SimpleData name="Individuo">48.000000</SimpleData>
		<SimpleData name="X">435391.000000</SimpleData>
		<SimpleData name="Y">7204296.000000</SimpleData>
	</SchemaData></ExtendedData>
      <Point><coordinates>-57.6416996865152,-25.2763622067361</coordinates></Point>
  </Placemark>
  <Placemark id="inviduos_completos.49">
	<ExtendedData><SchemaData schemaUrl="#inviduos_completos">
		<SimpleData name="Nº">49.000000</SimpleData>
		<SimpleData name="Individuo">49.000000</SimpleData>
		<SimpleData name="X">435380.000000</SimpleData>
		<SimpleData name="Y">7204290.000000</SimpleData>
	</SchemaData></ExtendedData>
      <Point><coordinates>-57.641809218645,-25.2764159127744</coordinates></Point>
  </Placemark>
  <Placemark id="inviduos_completos.50">
	<ExtendedData><SchemaData schemaUrl="#inviduos_completos">
		<SimpleData name="Nº">50.000000</SimpleData>
		<SimpleData name="Individuo">50.000000</SimpleData>
		<SimpleData name="X">435383.000000</SimpleData>
		<SimpleData name="Y">7204295.000000</SimpleData>
	</SchemaData></ExtendedData>
      <Point><coordinates>-57.6417791864572,-25.2763708914181</coordinates></Point>
  </Placemark>
  <Placemark id="inviduos_completos.51">
	<ExtendedData><SchemaData schemaUrl="#inviduos_completos">
		<SimpleData name="Nº">51.000000</SimpleData>
		<SimpleData name="Individuo">51.000000</SimpleData>
		<SimpleData name="X">435386.000000</SimpleData>
		<SimpleData name="Y">7204287.000000</SimpleData>
	</SchemaData></ExtendedData>
      <Point><coordinates>-57.6417497717887,-25.2764432624785</coordinates></Point>
  </Placemark>
  <Placemark id="inviduos_completos.52">
	<ExtendedData><SchemaData schemaUrl="#inviduos_completos">
		<SimpleData name="Nº">52.000000</SimpleData>
		<SimpleData name="Individuo">52.000000</SimpleData>
		<SimpleData name="X">435380.000000</SimpleData>
		<SimpleData name="Y">7204287.000000</SimpleData>
	</SchemaData></ExtendedData>
      <Point><coordinates>-57.6418093611578,-25.2764430033332</coordinates></Point>
  </Placemark>
  <Placemark id="inviduos_completos.53">
	<ExtendedData><SchemaData schemaUrl="#inviduos_completos">
		<SimpleData name="Nº">53.000000</SimpleData>
		<SimpleData name="Individuo">53.000000</SimpleData>
		<SimpleData name="X">435399.000000</SimpleData>
		<SimpleData name="Y">7204295.000000</SimpleData>
	</SchemaData></ExtendedData>
      <Point><coordinates>-57.6416202815638,-25.2763715823845</coordinates></Point>
  </Placemark>
  <Placemark id="inviduos_completos.54">
	<ExtendedData><SchemaData schemaUrl="#inviduos_completos">
		<SimpleData name="Nº">54.000000</SimpleData>
		<SimpleData name="Individuo">54.000000</SimpleData>
		<SimpleData name="X">435467.000000</SimpleData>
		<SimpleData name="Y">7204248.000000</SimpleData>
	</SchemaData></ExtendedData>
      <Point><coordinates>-57.6409471654162,-25.2767989359006</coordinates></Point>
  </Placemark>
  <Placemark id="inviduos_completos.55">
	<ExtendedData><SchemaData schemaUrl="#inviduos_completos">
		<SimpleData name="Nº">55.000000</SimpleData>
		<SimpleData name="Individuo">55.000000</SimpleData>
		<SimpleData name="X">435475.000000</SimpleData>
		<SimpleData name="Y">7204248.000000</SimpleData>
	</SchemaData></ExtendedData>
      <Point><coordinates>-57.6408677126785,-25.2767992809627</coordinates></Point>
  </Placemark>
  <Placemark id="inviduos_completos.56">
	<ExtendedData><SchemaData schemaUrl="#inviduos_completos">
		<SimpleData name="Nº">56.000000</SimpleData>
		<SimpleData name="Individuo">56.000000</SimpleData>
		<SimpleData name="X">435477.000000</SimpleData>
		<SimpleData name="Y">7204257.000000</SimpleData>
	</SchemaData></ExtendedData>
      <Point><coordinates>-57.6408474225895,-25.2767180955334</coordinates></Point>
  </Placemark>
  <Placemark id="inviduos_completos.57">
	<ExtendedData><SchemaData schemaUrl="#inviduos_completos">
		<SimpleData name="Nº">57.000000</SimpleData>
		<SimpleData name="Individuo">57.000000</SimpleData>
		<SimpleData name="X">435487.000000</SimpleData>
		<SimpleData name="Y">7204266.000000</SimpleData>
	</SchemaData></ExtendedData>
      <Point><coordinates>-57.6407476798947,-25.2766372550953</coordinates></Point>
  </Placemark>
  <Placemark id="inviduos_completos.58">
	<ExtendedData><SchemaData schemaUrl="#inviduos_completos">
		<SimpleData name="Nº">58.000000</SimpleData>
		<SimpleData name="Individuo">58.000000</SimpleData>
		<SimpleData name="X">435490.000000</SimpleData>
		<SimpleData name="Y">7204265.000000</SimpleData>
	</SchemaData></ExtendedData>
      <Point><coordinates>-57.6407179325806,-25.2766464146455</coordinates></Point>
  </Placemark>
  <Placemark id="inviduos_completos.59">
	<ExtendedData><SchemaData schemaUrl="#inviduos_completos">
		<SimpleData name="Nº">59.000000</SimpleData>
		<SimpleData name="Individuo">59.000000</SimpleData>
		<SimpleData name="X">435505.000000</SimpleData>
		<SimpleData name="Y">7204260.000000</SimpleData>
	</SchemaData></ExtendedData>
      <Point><coordinates>-57.6405691959408,-25.2766922123077</coordinates></Point>
  </Placemark>
  <Placemark id="inviduos_completos.60">
	<ExtendedData><SchemaData schemaUrl="#inviduos_completos">
		<SimpleData name="Nº">60.000000</SimpleData>
		<SimpleData name="Individuo">60.000000</SimpleData>
		<SimpleData name="X">435517.000000</SimpleData>
		<SimpleData name="Y">7204266.000000</SimpleData>
	</SchemaData></ExtendedData>
      <Point><coordinates>-57.6404497325041,-25.2766385484472</coordinates></Point>
  </Placemark>
  <Placemark id="inviduos_completos.61">
	<ExtendedData><SchemaData schemaUrl="#inviduos_completos">
		<SimpleData name="Nº">61.000000</SimpleData>
		<SimpleData name="Individuo">61.000000</SimpleData>
		<SimpleData name="X">435535.000000</SimpleData>
		<SimpleData name="Y">7204260.000000</SimpleData>
	</SchemaData></ExtendedData>
      <Point><coordinates>-57.6402712484056,-25.2766935053019</coordinates></Point>
  </Placemark>
  <Placemark id="inviduos_completos.62">
	<ExtendedData><SchemaData schemaUrl="#inviduos_completos">
		<SimpleData name="Nº">62.000000</SimpleData>
		<SimpleData name="Individuo">62.000000</SimpleData>
		<SimpleData name="X">435545.000000</SimpleData>
		<SimpleData name="Y">7204265.000000</SimpleData>
	</SchemaData></ExtendedData>
      <Point><coordinates>-57.6401716956379,-25.2766487852219</coordinates></Point>
  </Placemark>
  <Placemark id="inviduos_completos.63">
	<ExtendedData><SchemaData schemaUrl="#inviduos_completos">
		<SimpleData name="Nº">63.000000</SimpleData>
		<SimpleData name="Individuo">63.000000</SimpleData>
		<SimpleData name="X">435548.000000</SimpleData>
		<SimpleData name="Y">7204273.000000</SimpleData>
	</SchemaData></ExtendedData>
      <Point><coordinates>-57.6401415218435,-25.276576672956</coordinates></Point>
  </Placemark>
  <Placemark id="inviduos_completos.64">
	<ExtendedData><SchemaData schemaUrl="#inviduos_completos">
		<SimpleData name="Nº">64.000000</SimpleData>
		<SimpleData name="Individuo">64.000000</SimpleData>
		<SimpleData name="X">435556.000000</SimpleData>
		<SimpleData name="Y">7204274.000000</SimpleData>
	</SchemaData></ExtendedData>
      <Point><coordinates>-57.6400620218628,-25.2765679873923</coordinates></Point>
  </Placemark>
  <Placemark id="inviduos_completos.65">
	<ExtendedData><SchemaData schemaUrl="#inviduos_completos">
		<SimpleData name="Nº">65.000000</SimpleData>
		<SimpleData name="Individuo">65.000000</SimpleData>
		<SimpleData name="X">435557.000000</SimpleData>
		<SimpleData name="Y">7204281.000000</SimpleData>
	</SchemaData></ExtendedData>
      <Point><coordinates>-57.6400517586666,-25.2765048191427</coordinates></Point>
  </Placemark>
  <Placemark id="inviduos_completos.66">
	<ExtendedData><SchemaData schemaUrl="#inviduos_completos">
		<SimpleData name="Nº">66.000000</SimpleData>
		<SimpleData name="Individuo">66.000000</SimpleData>
		<SimpleData name="X">435547.000000</SimpleData>
		<SimpleData name="Y">7204275.000000</SimpleData>
	</SchemaData></ExtendedData>
      <Point><coordinates>-57.6401513586554,-25.2765585694967</coordinates></Point>
  </Placemark>
  <Placemark id="inviduos_completos.67">
	<ExtendedData><SchemaData schemaUrl="#inviduos_completos">
		<SimpleData name="Nº">67.000000</SimpleData>
		<SimpleData name="Individuo">67.000000</SimpleData>
		<SimpleData name="X">435548.000000</SimpleData>
		<SimpleData name="Y">7204276.000000</SimpleData>
	</SchemaData></ExtendedData>
      <Point><coordinates>-57.6401413797001,-25.2765495823888</coordinates></Point>
  </Placemark>
  <Placemark id="inviduos_completos.68">
	<ExtendedData><SchemaData schemaUrl="#inviduos_completos">
		<SimpleData name="Nº">68.000000</SimpleData>
		<SimpleData name="Individuo">68.000000</SimpleData>
		<SimpleData name="X">435542.000000</SimpleData>
		<SimpleData name="Y">7204279.000000</SimpleData>
	</SchemaData></ExtendedData>
      <Point><coordinates>-57.6402008269836,-25.2765222333249</coordinates></Point>
  </Placemark>
  <Placemark id="inviduos_completos.69">
	<ExtendedData><SchemaData schemaUrl="#inviduos_completos">
		<SimpleData name="Nº">69.000000</SimpleData>
		<SimpleData name="Individuo">69.000000</SimpleData>
		<SimpleData name="X">435538.000000</SimpleData>
		<SimpleData name="Y">7204274.000000</SimpleData>
	</SchemaData></ExtendedData>
      <Point><coordinates>-57.6402407902098,-25.276567211925</coordinates></Point>
  </Placemark>
  <Placemark id="inviduos_completos.70">
	<ExtendedData><SchemaData schemaUrl="#inviduos_completos">
		<SimpleData name="Nº">70.000000</SimpleData>
		<SimpleData name="Individuo">70.000000</SimpleData>
		<SimpleData name="X">435536.000000</SimpleData>
		<SimpleData name="Y">7204275.000000</SimpleData>
	</SchemaData></ExtendedData>
      <Point><coordinates>-57.6402606059691,-25.2765580955598</coordinates></Point>
  </Placemark>
  <Placemark id="inviduos_completos.71">
	<ExtendedData><SchemaData schemaUrl="#inviduos_completos">
		<SimpleData name="Nº">71.000000</SimpleData>
		<SimpleData name="Individuo">71.000000</SimpleData>
		<SimpleData name="X">435537.000000</SimpleData>
		<SimpleData name="Y">7204275.000000</SimpleData>
	</SchemaData></ExtendedData>
      <Point><coordinates>-57.6402506743952,-25.2765581386483</coordinates></Point>
  </Placemark>
  <Placemark id="inviduos_completos.72">
	<ExtendedData><SchemaData schemaUrl="#inviduos_completos">
		<SimpleData name="Nº">72.000000</SimpleData>
		<SimpleData name="Individuo">72.000000</SimpleData>
		<SimpleData name="X">435529.000000</SimpleData>
		<SimpleData name="Y">7204272.000000</SimpleData>
	</SchemaData></ExtendedData>
      <Point><coordinates>-57.6403302691708,-25.2765848844876</coordinates></Point>
  </Placemark>
  <Placemark id="inviduos_completos.73">
	<ExtendedData><SchemaData schemaUrl="#inviduos_completos">
		<SimpleData name="Nº">73.000000</SimpleData>
		<SimpleData name="Individuo">73.000000</SimpleData>
		<SimpleData name="X">435522.000000</SimpleData>
		<SimpleData name="Y">7204270.000000</SimpleData>
	</SchemaData></ExtendedData>
      <Point><coordinates>-57.6403998850021,-25.2766026431933</coordinates></Point>
  </Placemark>
  <Placemark id="inviduos_completos.74">
	<ExtendedData><SchemaData schemaUrl="#inviduos_completos">
		<SimpleData name="Nº">74.000000</SimpleData>
		<SimpleData name="Individuo">74.000000</SimpleData>
		<SimpleData name="X">435517.000000</SimpleData>
		<SimpleData name="Y">7204275.000000</SimpleData>
	</SchemaData></ExtendedData>
      <Point><coordinates>-57.6404493058681,-25.276557276751</coordinates></Point>
  </Placemark>
  <Placemark id="inviduos_completos.75">
	<ExtendedData><SchemaData schemaUrl="#inviduos_completos">
		<SimpleData name="Nº">75.000000</SimpleData>
		<SimpleData name="Individuo">75.000000</SimpleData>
		<SimpleData name="X">435515.000000</SimpleData>
		<SimpleData name="Y">7204275.000000</SimpleData>
	</SchemaData></ExtendedData>
      <Point><coordinates>-57.6404691690149,-25.2765571905466</coordinates></Point>
  </Placemark>
  <Placemark id="inviduos_completos.76">
	<ExtendedData><SchemaData schemaUrl="#inviduos_completos">
		<SimpleData name="Nº">76.000000</SimpleData>
		<SimpleData name="Individuo">76.000000</SimpleData>
		<SimpleData name="X">435512.000000</SimpleData>
		<SimpleData name="Y">7204272.000000</SimpleData>
	</SchemaData></ExtendedData>
      <Point><coordinates>-57.6404991059577,-25.2765841518001</coordinates></Point>
  </Placemark>
  <Placemark id="inviduos_completos.77">
	<ExtendedData><SchemaData schemaUrl="#inviduos_completos">
		<SimpleData name="Nº">77.000000</SimpleData>
		<SimpleData name="Individuo">77.000000</SimpleData>
		<SimpleData name="X">435502.000000</SimpleData>
		<SimpleData name="Y">7204271.000000</SimpleData>
	</SchemaData></ExtendedData>
      <Point><coordinates>-57.6405984691266,-25.2765927509055</coordinates></Point>
  </Placemark>
  <Placemark id="inviduos_completos.78">
	<ExtendedData><SchemaData schemaUrl="#inviduos_completos">
		<SimpleData name="Nº">78.000000</SimpleData>
		<SimpleData name="Individuo">78.000000</SimpleData>
		<SimpleData name="X">435507.000000</SimpleData>
		<SimpleData name="Y">7204271.000000</SimpleData>
	</SchemaData></ExtendedData>
      <Point><coordinates>-57.6405488112463,-25.2765929664554</coordinates></Point>
  </Placemark>
  <Placemark id="inviduos_completos.79">
	<ExtendedData><SchemaData schemaUrl="#inviduos_completos">
		<SimpleData name="Nº">79.000000</SimpleData>
		<SimpleData name="Individuo">79.000000</SimpleData>
		<SimpleData name="X">435509.000000</SimpleData>
		<SimpleData name="Y">7204273.000000</SimpleData>
	</SchemaData></ExtendedData>
      <Point><coordinates>-57.6405288532743,-25.276574992294</coordinates></Point>
  </Placemark>
  <Placemark id="inviduos_completos.80">
	<ExtendedData><SchemaData schemaUrl="#inviduos_completos">
		<SimpleData name="Nº">80.000000</SimpleData>
		<SimpleData name="Individuo">80.000000</SimpleData>
		<SimpleData name="X">435524.000000</SimpleData>
		<SimpleData name="Y">7204268.000000</SimpleData>
	</SchemaData></ExtendedData>
      <Point><coordinates>-57.6403801166455,-25.2766207897657</coordinates></Point>
  </Placemark>
  <Placemark id="inviduos_completos.81">
	<ExtendedData><SchemaData schemaUrl="#inviduos_completos">
		<SimpleData name="Nº">81.000000</SimpleData>
		<SimpleData name="Individuo">81.000000</SimpleData>
		<SimpleData name="X">435529.000000</SimpleData>
		<SimpleData name="Y">7204263.000000</SimpleData>
	</SchemaData></ExtendedData>
      <Point><coordinates>-57.6403306957281,-25.2766661561854</coordinates></Point>
  </Placemark>
  <Placemark id="inviduos_completos.82">
	<ExtendedData><SchemaData schemaUrl="#inviduos_completos">
		<SimpleData name="Nº">82.000000</SimpleData>
		<SimpleData name="Individuo">82.000000</SimpleData>
		<SimpleData name="X">435533.000000</SimpleData>
		<SimpleData name="Y">7204263.000000</SimpleData>
	</SchemaData></ExtendedData>
      <Point><coordinates>-57.6402909693979,-25.276666328555</coordinates></Point>
  </Placemark>
  <Placemark id="inviduos_completos.83">
	<ExtendedData><SchemaData schemaUrl="#inviduos_completos">
		<SimpleData name="Nº">83.000000</SimpleData>
		<SimpleData name="Individuo">83.000000</SimpleData>
		<SimpleData name="X">435533.000000</SimpleData>
		<SimpleData name="Y">7204268.000000</SimpleData>
	</SchemaData></ExtendedData>
      <Point><coordinates>-57.6402907324361,-25.2766211776115</coordinates></Point>
  </Placemark>
  <Placemark id="inviduos_completos.84">
	<ExtendedData><SchemaData schemaUrl="#inviduos_completos">
		<SimpleData name="Nº">84.000000</SimpleData>
		<SimpleData name="Individuo">84.000000</SimpleData>
		<SimpleData name="X">435583.000000</SimpleData>
		<SimpleData name="Y">7204283.000000</SimpleData>
	</SchemaData></ExtendedData>
      <Point><coordinates>-57.6397934431306,-25.2764878784798</coordinates></Point>
  </Placemark>
  <Placemark id="inviduos_completos.85">
	<ExtendedData><SchemaData schemaUrl="#inviduos_completos">
		<SimpleData name="Nº">85.000000</SimpleData>
		<SimpleData name="Individuo">85.000000</SimpleData>
		<SimpleData name="X">435586.000000</SimpleData>
		<SimpleData name="Y">7204284.000000</SimpleData>
	</SchemaData></ExtendedData>
      <Point><coordinates>-57.6397636010703,-25.2764789774589</coordinates></Point>
  </Placemark>
  <Placemark id="inviduos_completos.86">
	<ExtendedData><SchemaData schemaUrl="#inviduos_completos">
		<SimpleData name="Nº">86.000000</SimpleData>
		<SimpleData name="Individuo">86.000000</SimpleData>
		<SimpleData name="X">435596.000000</SimpleData>
		<SimpleData name="Y">7204283.000000</SimpleData>
	</SchemaData></ExtendedData>
      <Point><coordinates>-57.6396643327311,-25.2764884381683</coordinates></Point>
  </Placemark>
  <Placemark id="inviduos_completos.87">
	<ExtendedData><SchemaData schemaUrl="#inviduos_completos">
		<SimpleData name="Nº">87.000000</SimpleData>
		<SimpleData name="Individuo">87.000000</SimpleData>
		<SimpleData name="X">435597.000000</SimpleData>
		<SimpleData name="Y">7204279.000000</SimpleData>
	</SchemaData></ExtendedData>
      <Point><coordinates>-57.6396545905416,-25.2765246019765</coordinates></Point>
  </Placemark>
  <Placemark id="inviduos_completos.88">
	<ExtendedData><SchemaData schemaUrl="#inviduos_completos">
		<SimpleData name="Nº">88.000000</SimpleData>
		<SimpleData name="Individuo">88.000000</SimpleData>
		<SimpleData name="X">435607.000000</SimpleData>
		<SimpleData name="Y">7204281.000000</SimpleData>
	</SchemaData></ExtendedData>
      <Point><coordinates>-57.6395551801422,-25.2765069720429</coordinates></Point>
  </Placemark>
  <Placemark id="inviduos_completos.89">
	<ExtendedData><SchemaData schemaUrl="#inviduos_completos">
		<SimpleData name="Nº">89.000000</SimpleData>
		<SimpleData name="Individuo">89.000000</SimpleData>
		<SimpleData name="X">435607.000000</SimpleData>
		<SimpleData name="Y">7204282.000000</SimpleData>
	</SchemaData></ExtendedData>
      <Point><coordinates>-57.6395551328046,-25.2764979418528</coordinates></Point>
  </Placemark>
  <Placemark id="inviduos_completos.90">
	<ExtendedData><SchemaData schemaUrl="#inviduos_completos">
		<SimpleData name="Nº">90.000000</SimpleData>
		<SimpleData name="Individuo">90.000000</SimpleData>
		<SimpleData name="X">435606.000000</SimpleData>
		<SimpleData name="Y">7204284.000000</SimpleData>
	</SchemaData></ExtendedData>
      <Point><coordinates>-57.6395649696983,-25.2764798384308</coordinates></Point>
  </Placemark>
  <Placemark id="inviduos_completos.91">
	<ExtendedData><SchemaData schemaUrl="#inviduos_completos">
		<SimpleData name="Nº">91.000000</SimpleData>
		<SimpleData name="Individuo">91.000000</SimpleData>
		<SimpleData name="X">435603.000000</SimpleData>
		<SimpleData name="Y">7204280.000000</SimpleData>
	</SchemaData></ExtendedData>
      <Point><coordinates>-57.6395949537668,-25.2765158300625</coordinates></Point>
  </Placemark>
  <Placemark id="inviduos_completos.92">
	<ExtendedData><SchemaData schemaUrl="#inviduos_completos">
		<SimpleData name="Nº">92.000000</SimpleData>
		<SimpleData name="Individuo">92.000000</SimpleData>
		<SimpleData name="X">435587.000000</SimpleData>
		<SimpleData name="Y">7204250.000000</SimpleData>
	</SchemaData></ExtendedData>
      <Point><coordinates>-57.6397552794916,-25.2767860469622</coordinates></Point>
  </Placemark>
  <Placemark id="inviduos_completos.93">
	<ExtendedData><SchemaData schemaUrl="#inviduos_completos">
		<SimpleData name="Nº">93.000000</SimpleData>
		<SimpleData name="Individuo">93.000000</SimpleData>
		<SimpleData name="X">435584.000000</SimpleData>
		<SimpleData name="Y">7204251.000000</SimpleData>
	</SchemaData></ExtendedData>
      <Point><coordinates>-57.6397850269165,-25.2767768876042</coordinates></Point>
  </Placemark>
  <Placemark id="inviduos_completos.94">
	<ExtendedData><SchemaData schemaUrl="#inviduos_completos">
		<SimpleData name="Nº">94.000000</SimpleData>
		<SimpleData name="Individuo">94.000000</SimpleData>
		<SimpleData name="X">435583.000000</SimpleData>
		<SimpleData name="Y">7204249.000000</SimpleData>
	</SchemaData></ExtendedData>
      <Point><coordinates>-57.639795053221,-25.2767949049254</coordinates></Point>
  </Placemark>
  <Placemark id="inviduos_completos.95">
	<ExtendedData><SchemaData schemaUrl="#inviduos_completos">
		<SimpleData name="Nº">95.000000</SimpleData>
		<SimpleData name="Individuo">95.000000</SimpleData>
		<SimpleData name="X">435579.000000</SimpleData>
		<SimpleData name="Y">7204243.000000</SimpleData>
	</SchemaData></ExtendedData>
      <Point><coordinates>-57.6398350637509,-25.2768489138242</coordinates></Point>
  </Placemark>
  <Placemark id="inviduos_completos.96">
	<ExtendedData><SchemaData schemaUrl="#inviduos_completos">
		<SimpleData name="Nº">96.000000</SimpleData>
		<SimpleData name="Individuo">96.000000</SimpleData>
		<SimpleData name="X">435578.000000</SimpleData>
		<SimpleData name="Y">7204258.000000</SimpleData>
	</SchemaData></ExtendedData>
      <Point><coordinates>-57.6398442849548,-25.2767134179235</coordinates></Point>
  </Placemark>
  <Placemark id="inviduos_completos.97">
	<ExtendedData><SchemaData schemaUrl="#inviduos_completos">
		<SimpleData name="Nº">97.000000</SimpleData>
		<SimpleData name="Individuo">97.000000</SimpleData>
		<SimpleData name="X">435575.000000</SimpleData>
		<SimpleData name="Y">7204257.000000</SimpleData>
	</SchemaData></ExtendedData>
      <Point><coordinates>-57.6398741270783,-25.2767223189266</coordinates></Point>
  </Placemark>
  <Placemark id="inviduos_completos.98">
	<ExtendedData><SchemaData schemaUrl="#inviduos_completos">
		<SimpleData name="Nº">98.000000</SimpleData>
		<SimpleData name="Individuo">98.000000</SimpleData>
		<SimpleData name="X">435577.000000</SimpleData>
		<SimpleData name="Y">7204242.000000</SimpleData>
	</SchemaData></ExtendedData>
      <Point><coordinates>-57.6398549743081,-25.2768578578908</coordinates></Point>
  </Placemark>
  <Placemark id="inviduos_completos.99">
	<ExtendedData><SchemaData schemaUrl="#inviduos_completos">
		<SimpleData name="Nº">99.000000</SimpleData>
		<SimpleData name="Individuo">99.000000</SimpleData>
		<SimpleData name="X">435650.000000</SimpleData>
		<SimpleData name="Y">7204237.000000</SimpleData>
	</SchemaData></ExtendedData>
      <Point><coordinates>-57.6391302040523,-25.2769061505904</coordinates></Point>
  </Placemark>
  <Placemark id="inviduos_completos.100">
	<ExtendedData><SchemaData schemaUrl="#inviduos_completos">
		<SimpleData name="Nº">100.000000</SimpleData>
		<SimpleData name="Individuo">100.000000</SimpleData>
		<SimpleData name="X">435656.000000</SimpleData>
		<SimpleData name="Y">7204229.000000</SimpleData>
	</SchemaData></ExtendedData>
      <Point><coordinates>-57.6390709928472,-25.2769786501822</coordinates></Point>
  </Placemark>
  <Placemark id="inviduos_completos.101">
	<ExtendedData><SchemaData schemaUrl="#inviduos_completos">
		<SimpleData name="Nº">101.000000</SimpleData>
		<SimpleData name="Individuo">101.000000</SimpleData>
		<SimpleData name="X">435669.000000</SimpleData>
		<SimpleData name="Y">7204223.000000</SimpleData>
	</SchemaData></ExtendedData>
      <Point><coordinates>-57.63894216567,-25.2770333903926</coordinates></Point>
  </Placemark>
  <Placemark id="inviduos_completos.102">
	<ExtendedData><SchemaData schemaUrl="#inviduos_completos">
		<SimpleData name="Nº">102.000000</SimpleData>
		<SimpleData name="Individuo">102.000000</SimpleData>
		<SimpleData name="X">435688.000000</SimpleData>
		<SimpleData name="Y">7204200.000000</SimpleData>
	</SchemaData></ExtendedData>
      <Point><coordinates>-57.6387545524113,-25.2772419016772</coordinates></Point>
  </Placemark>
  <Placemark id="inviduos_completos.103">
	<ExtendedData><SchemaData schemaUrl="#inviduos_completos">
		<SimpleData name="Nº">103.000000</SimpleData>
		<SimpleData name="Individuo">103.000000</SimpleData>
		<SimpleData name="X">435689.000000</SimpleData>
		<SimpleData name="Y">7204201.000000</SimpleData>
	</SchemaData></ExtendedData>
      <Point><coordinates>-57.6387445734997,-25.2772329144747</coordinates></Point>
  </Placemark>
  <Placemark id="inviduos_completos.104">
	<ExtendedData><SchemaData schemaUrl="#inviduos_completos">
		<SimpleData name="Nº">104.000000</SimpleData>
		<SimpleData name="Individuo">104.000000</SimpleData>
		<SimpleData name="X">435709.000000</SimpleData>
		<SimpleData name="Y">7204228.000000</SimpleData>
	</SchemaData></ExtendedData>
      <Point><coordinates>-57.6385446647281,-25.2769899589364</coordinates></Point>
  </Placemark>
  <Placemark id="inviduos_completos.105">
	<ExtendedData><SchemaData schemaUrl="#inviduos_completos">
		<SimpleData name="Nº">105.000000</SimpleData>
		<SimpleData name="Individuo">105.000000</SimpleData>
		<SimpleData name="X">435871.000000</SimpleData>
		<SimpleData name="Y">7204054.000000</SimpleData>
	</SchemaData></ExtendedData>
      <Point><coordinates>-57.6369439467679,-25.2785681655837</coordinates></Point>
  </Placemark>
  <Placemark id="inviduos_completos.106">
	<ExtendedData><SchemaData schemaUrl="#inviduos_completos">
		<SimpleData name="Nº">106.000000</SimpleData>
		<SimpleData name="Individuo">106.000000</SimpleData>
		<SimpleData name="X">435869.000000</SimpleData>
		<SimpleData name="Y">7204051.000000</SimpleData>
	</SchemaData></ExtendedData>
      <Point><coordinates>-57.6369639517064,-25.2785951704213</coordinates></Point>
  </Placemark>
  <Placemark id="inviduos_completos.107">
	<ExtendedData><SchemaData schemaUrl="#inviduos_completos">
		<SimpleData name="Nº">107.000000</SimpleData>
		<SimpleData name="Individuo">107.000000</SimpleData>
		<SimpleData name="X">435862.000000</SimpleData>
		<SimpleData name="Y">7204067.000000</SimpleData>
	</SchemaData></ExtendedData>
      <Point><coordinates>-57.6370327194445,-25.2784503872391</coordinates></Point>
  </Placemark>
  <Placemark id="inviduos_completos.108">
	<ExtendedData><SchemaData schemaUrl="#inviduos_completos">
		<SimpleData name="Nº">108.000000</SimpleData>
		<SimpleData name="Individuo">108.000000</SimpleData>
		<SimpleData name="X">435880.000000</SimpleData>
		<SimpleData name="Y">7204041.000000</SimpleData>
	</SchemaData></ExtendedData>
      <Point><coordinates>-57.6368551739213,-25.2786859438764</coordinates></Point>
  </Placemark>
  <Placemark id="inviduos_completos.109">
	<ExtendedData><SchemaData schemaUrl="#inviduos_completos">
		<SimpleData name="Nº">109.000000</SimpleData>
		<SimpleData name="Individuo">109.000000</SimpleData>
		<SimpleData name="X">435930.000000</SimpleData>
		<SimpleData name="Y">7203991.000000</SimpleData>
	</SchemaData></ExtendedData>
      <Point><coordinates>-57.6363609415207,-25.2791395958354</coordinates></Point>
  </Placemark>
  <Placemark id="inviduos_completos.110">
	<ExtendedData><SchemaData schemaUrl="#inviduos_completos">
		<SimpleData name="Nº">110.000000</SimpleData>
		<SimpleData name="Individuo">110.000000</SimpleData>
		<SimpleData name="X">435957.000000</SimpleData>
		<SimpleData name="Y">7203972.000000</SimpleData>
	</SchemaData></ExtendedData>
      <Point><coordinates>-57.6360936777964,-25.2793123256808</coordinates></Point>
  </Placemark>
  <Placemark id="inviduos_completos.111">
	<ExtendedData><SchemaData schemaUrl="#inviduos_completos">
		<SimpleData name="Nº">111.000000</SimpleData>
		<SimpleData name="Individuo">111.000000</SimpleData>
		<SimpleData name="X">435951.000000</SimpleData>
		<SimpleData name="Y">7203977.000000</SimpleData>
	</SchemaData></ExtendedData>
      <Point><coordinates>-57.6361530331742,-25.2792669178283</coordinates></Point>
  </Placemark>
  <Placemark id="inviduos_completos.112">
	<ExtendedData><SchemaData schemaUrl="#inviduos_completos">
		<SimpleData name="Nº">112.000000</SimpleData>
		<SimpleData name="Individuo">112.000000</SimpleData>
		<SimpleData name="X">435969.000000</SimpleData>
		<SimpleData name="Y">7203968.000000</SimpleData>
	</SchemaData></ExtendedData>
      <Point><coordinates>-57.6359746844355,-25.279348960158</coordinates></Point>
  </Placemark>
  <Placemark id="inviduos_completos.113">
	<ExtendedData><SchemaData schemaUrl="#inviduos_completos">
		<SimpleData name="Nº">113.000000</SimpleData>
		<SimpleData name="Individuo">113.000000</SimpleData>
		<SimpleData name="X">435973.000000</SimpleData>
		<SimpleData name="Y">7203960.000000</SimpleData>
	</SchemaData></ExtendedData>
      <Point><coordinates>-57.6359353338043,-25.2794213729161</coordinates></Point>
  </Placemark>
  <Placemark id="inviduos_completos.114">
	<ExtendedData><SchemaData schemaUrl="#inviduos_completos">
		<SimpleData name="Nº">114.000000</SimpleData>
		<SimpleData name="Individuo">114.000000</SimpleData>
		<SimpleData name="X">435971.000000</SimpleData>
		<SimpleData name="Y">7203944.000000</SimpleData>
	</SchemaData></ExtendedData>
      <Point><coordinates>-57.6359559506757,-25.2795657703959</coordinates></Point>
  </Placemark>
  <Placemark id="inviduos_completos.115">
	<ExtendedData><SchemaData schemaUrl="#inviduos_completos">
		<SimpleData name="Nº">115.000000</SimpleData>
		<SimpleData name="Individuo">115.000000</SimpleData>
		<SimpleData name="X">435985.000000</SimpleData>
		<SimpleData name="Y">7203943.000000</SimpleData>
	</SchemaData></ExtendedData>
      <Point><coordinates>-57.6358169521623,-25.279575399778</coordinates></Point>
  </Placemark>
  <Placemark id="inviduos_completos.116">
	<ExtendedData><SchemaData schemaUrl="#inviduos_completos">
		<SimpleData name="Nº">116.000000</SimpleData>
		<SimpleData name="Individuo">116.000000</SimpleData>
		<SimpleData name="X">435998.000000</SimpleData>
		<SimpleData name="Y">7203934.000000</SimpleData>
	</SchemaData></ExtendedData>
      <Point><coordinates>-57.6356882619172,-25.2796572277894</coordinates></Point>
  </Placemark>
  <Placemark id="inviduos_completos.117">
	<ExtendedData><SchemaData schemaUrl="#inviduos_completos">
		<SimpleData name="Nº">117.000000</SimpleData>
		<SimpleData name="Individuo">117.000000</SimpleData>
		<SimpleData name="X">435999.000000</SimpleData>
		<SimpleData name="Y">7203921.000000</SimpleData>
	</SchemaData></ExtendedData>
      <Point><coordinates>-57.6356789418299,-25.279774663085</coordinates></Point>
  </Placemark>
  <Placemark id="inviduos_completos.118">
	<ExtendedData><SchemaData schemaUrl="#inviduos_completos">
		<SimpleData name="Nº">118.000000</SimpleData>
		<SimpleData name="Individuo">118.000000</SimpleData>
		<SimpleData name="X">436055.000000</SimpleData>
		<SimpleData name="Y">7203876.000000</SimpleData>
	</SchemaData></ExtendedData>
      <Point><coordinates>-57.635124874263,-25.2801834167473</coordinates></Point>
  </Placemark>
  <Placemark id="inviduos_completos.119">
	<ExtendedData><SchemaData schemaUrl="#inviduos_completos">
		<SimpleData name="Nº">119.000000</SimpleData>
		<SimpleData name="Individuo">119.000000</SimpleData>
		<SimpleData name="X">436053.000000</SimpleData>
		<SimpleData name="Y">7203881.000000</SimpleData>
	</SchemaData></ExtendedData>
      <Point><coordinates>-57.6351445029261,-25.2801381802808</coordinates></Point>
  </Placemark>
  <Placemark id="inviduos_completos.120">
	<ExtendedData><SchemaData schemaUrl="#inviduos_completos">
		<SimpleData name="Nº">120.000000</SimpleData>
		<SimpleData name="Individuo">120.000000</SimpleData>
		<SimpleData name="X">436062.000000</SimpleData>
		<SimpleData name="Y">7203875.000000</SimpleData>
	</SchemaData></ExtendedData>
      <Point><coordinates>-57.6350553981222,-25.2801927461671</coordinates></Point>
  </Placemark>
  <Placemark id="inviduos_completos.121">
	<ExtendedData><SchemaData schemaUrl="#inviduos_completos">
		<SimpleData name="Nº">121.000000</SimpleData>
		<SimpleData name="Individuo">121.000000</SimpleData>
		<SimpleData name="X">436063.000000</SimpleData>
		<SimpleData name="Y">7203874.000000</SimpleData>
	</SchemaData></ExtendedData>
      <Point><coordinates>-57.6350455132541,-25.2802018191046</coordinates></Point>
  </Placemark>
  <Placemark id="inviduos_completos.122">
	<ExtendedData><SchemaData schemaUrl="#inviduos_completos">
		<SimpleData name="Nº">122.000000</SimpleData>
		<SimpleData name="Individuo">122.000000</SimpleData>
		<SimpleData name="X">436062.000000</SimpleData>
		<SimpleData name="Y">7203875.000000</SimpleData>
	</SchemaData></ExtendedData>
      <Point><coordinates>-57.6350553981222,-25.2801927461671</coordinates></Point>
  </Placemark>
  <Placemark id="inviduos_completos.123">
	<ExtendedData><SchemaData schemaUrl="#inviduos_completos">
		<SimpleData name="Nº">123.000000</SimpleData>
		<SimpleData name="Individuo">123.000000</SimpleData>
		<SimpleData name="X">436067.000000</SimpleData>
		<SimpleData name="Y">7203862.000000</SimpleData>
	</SchemaData></ExtendedData>
      <Point><coordinates>-57.6350063498381,-25.2803103523969</coordinates></Point>
  </Placemark>
  <Placemark id="inviduos_completos.124">
	<ExtendedData><SchemaData schemaUrl="#inviduos_completos">
		<SimpleData name="Nº">124.000000</SimpleData>
		<SimpleData name="Individuo">124.000000</SimpleData>
		<SimpleData name="X">436073.000000</SimpleData>
		<SimpleData name="Y">7203865.000000</SimpleData>
	</SchemaData></ExtendedData>
      <Point><coordinates>-57.634946617487,-25.2802835182509</coordinates></Point>
  </Placemark>
  <Placemark id="inviduos_completos.125">
	<ExtendedData><SchemaData schemaUrl="#inviduos_completos">
		<SimpleData name="Nº">125.000000</SimpleData>
		<SimpleData name="Individuo">125.000000</SimpleData>
		<SimpleData name="X">436077.000000</SimpleData>
		<SimpleData name="Y">7203855.000000</SimpleData>
	</SchemaData></ExtendedData>
      <Point><coordinates>-57.6349073599542,-25.2803739911307</coordinates></Point>
  </Placemark>
  <Placemark id="inviduos_completos.126">
	<ExtendedData><SchemaData schemaUrl="#inviduos_completos">
		<SimpleData name="Nº">126.000000</SimpleData>
		<SimpleData name="Individuo">126.000000</SimpleData>
		<SimpleData name="X">436098.000000</SimpleData>
		<SimpleData name="Y">7203843.000000</SimpleData>
	</SchemaData></ExtendedData>
      <Point><coordinates>-57.6346993539951,-25.2804832507369</coordinates></Point>
  </Placemark>
  <Placemark id="inviduos_completos.127">
	<ExtendedData><SchemaData schemaUrl="#inviduos_completos">
		<SimpleData name="Nº">127.000000</SimpleData>
		<SimpleData name="Individuo">127.000000</SimpleData>
		<SimpleData name="X">436172.000000</SimpleData>
		<SimpleData name="Y">7203797.000000</SimpleData>
	</SchemaData></ExtendedData>
      <Point><coordinates>-57.6339665519324,-25.2809017992083</coordinates></Point>
  </Placemark>
  <Placemark id="inviduos_completos.128">
	<ExtendedData><SchemaData schemaUrl="#inviduos_completos">
		<SimpleData name="Nº">128.000000</SimpleData>
		<SimpleData name="Individuo">128.000000</SimpleData>
		<SimpleData name="X">436182.000000</SimpleData>
		<SimpleData name="Y">7203789.000000</SimpleData>
	</SchemaData></ExtendedData>
      <Point><coordinates>-57.6338676079429,-25.280974467454</coordinates></Point>
  </Placemark>
  <Placemark id="inviduos_completos.129">
	<ExtendedData><SchemaData schemaUrl="#inviduos_completos">
		<SimpleData name="Nº">129.000000</SimpleData>
		<SimpleData name="Individuo">129.000000</SimpleData>
		<SimpleData name="X">436188.000000</SimpleData>
		<SimpleData name="Y">7203787.000000</SimpleData>
	</SchemaData></ExtendedData>
      <Point><coordinates>-57.6338081101114,-25.2809927838249</coordinates></Point>
  </Placemark>
  <Placemark id="inviduos_completos.130">
	<ExtendedData><SchemaData schemaUrl="#inviduos_completos">
		<SimpleData name="Nº">130.000000</SimpleData>
		<SimpleData name="Individuo">130.000000</SimpleData>
		<SimpleData name="X">436190.000000</SimpleData>
		<SimpleData name="Y">7203785.000000</SimpleData>
	</SchemaData></ExtendedData>
      <Point><coordinates>-57.6337883400572,-25.2810109295364</coordinates></Point>
  </Placemark>
  <Placemark id="inviduos_completos.131">
	<ExtendedData><SchemaData schemaUrl="#inviduos_completos">
		<SimpleData name="Nº">131.000000</SimpleData>
		<SimpleData name="Individuo">131.000000</SimpleData>
		<SimpleData name="X">436212.000000</SimpleData>
		<SimpleData name="Y">7203766.000000</SimpleData>
	</SchemaData></ExtendedData>
      <Point><coordinates>-57.6335707283593,-25.2811834416073</coordinates></Point>
  </Placemark>
  <Placemark id="inviduos_completos.132">
	<ExtendedData><SchemaData schemaUrl="#inviduos_completos">
		<SimpleData name="Nº">132.000000</SimpleData>
		<SimpleData name="Individuo">132.000000</SimpleData>
		<SimpleData name="X">436223.000000</SimpleData>
		<SimpleData name="Y">7203759.000000</SimpleData>
	</SchemaData></ExtendedData>
      <Point><coordinates>-57.6334618050372,-25.2812471220377</coordinates></Point>
  </Placemark>
  <Placemark id="inviduos_completos.133">
	<ExtendedData><SchemaData schemaUrl="#inviduos_completos">
		<SimpleData name="Nº">133.000000</SimpleData>
		<SimpleData name="Individuo">133.000000</SimpleData>
		<SimpleData name="X">436236.000000</SimpleData>
		<SimpleData name="Y">7203754.000000</SimpleData>
	</SchemaData></ExtendedData>
      <Point><coordinates>-57.6333329238773,-25.2812928272604</coordinates></Point>
  </Placemark>
  <Placemark id="inviduos_completos.134">
	<ExtendedData><SchemaData schemaUrl="#inviduos_completos">
		<SimpleData name="Nº">134.000000</SimpleData>
		<SimpleData name="Individuo">134.000000</SimpleData>
		<SimpleData name="X">436241.000000</SimpleData>
		<SimpleData name="Y">7203750.000000</SimpleData>
	</SchemaData></ExtendedData>
      <Point><coordinates>-57.6332834515478,-25.2813291611837</coordinates></Point>
  </Placemark>
  <Placemark id="inviduos_completos.135">
	<ExtendedData><SchemaData schemaUrl="#inviduos_completos">
		<SimpleData name="Nº">135.000000</SimpleData>
		<SimpleData name="Individuo">135.000000</SimpleData>
		<SimpleData name="X">436247.000000</SimpleData>
		<SimpleData name="Y">7203748.000000</SimpleData>
	</SchemaData></ExtendedData>
      <Point><coordinates>-57.6332239534512,-25.2813474773233</coordinates></Point>
  </Placemark>
  <Placemark id="inviduos_completos.136">
	<ExtendedData><SchemaData schemaUrl="#inviduos_completos">
		<SimpleData name="Nº">136.000000</SimpleData>
		<SimpleData name="Individuo">136.000000</SimpleData>
		<SimpleData name="X">436286.000000</SimpleData>
		<SimpleData name="Y">7203721.000000</SimpleData>
	</SchemaData></ExtendedData>
      <Point><coordinates>-57.6328378712906,-25.2815929543944</coordinates></Point>
  </Placemark>
  <Placemark id="inviduos_completos.137">
	<ExtendedData><SchemaData schemaUrl="#inviduos_completos">
		<SimpleData name="Nº">137.000000</SimpleData>
		<SimpleData name="Individuo">137.000000</SimpleData>
		<SimpleData name="X">436303.000000</SimpleData>
		<SimpleData name="Y">7203690.000000</SimpleData>
	</SchemaData></ExtendedData>
      <Point><coordinates>-57.6326704793303,-25.2818736145227</coordinates></Point>
  </Placemark>
  <Placemark id="inviduos_completos.138">
	<ExtendedData><SchemaData schemaUrl="#inviduos_completos">
		<SimpleData name="Nº">138.000000</SimpleData>
		<SimpleData name="Individuo">138.000000</SimpleData>
		<SimpleData name="X">436314.000000</SimpleData>
		<SimpleData name="Y">7203695.000000</SimpleData>
	</SchemaData></ExtendedData>
      <Point><coordinates>-57.6325609929385,-25.281828931953</coordinates></Point>
  </Placemark>
  <Placemark id="inviduos_completos.139">
	<ExtendedData><SchemaData schemaUrl="#inviduos_completos">
		<SimpleData name="Nº">139.000000</SimpleData>
		<SimpleData name="Individuo">139.000000</SimpleData>
		<SimpleData name="X">436316.000000</SimpleData>
		<SimpleData name="Y">7203690.000000</SimpleData>
	</SchemaData></ExtendedData>
      <Point><coordinates>-57.6325413630517,-25.2818741680894</coordinates></Point>
  </Placemark>
  <Placemark id="inviduos_completos.140">
	<ExtendedData><SchemaData schemaUrl="#inviduos_completos">
		<SimpleData name="Nº">140.000000</SimpleData>
		<SimpleData name="Individuo">140.000000</SimpleData>
		<SimpleData name="X">436324.000000</SimpleData>
		<SimpleData name="Y">7203690.000000</SimpleData>
	</SchemaData></ExtendedData>
      <Point><coordinates>-57.6324619068784,-25.2818745086896</coordinates></Point>
  </Placemark>
  <Placemark id="inviduos_completos.141">
	<ExtendedData><SchemaData schemaUrl="#inviduos_completos">
		<SimpleData name="Nº">141.000000</SimpleData>
		<SimpleData name="Individuo">141.000000</SimpleData>
		<SimpleData name="X">436338.000000</SimpleData>
		<SimpleData name="Y">7203673.000000</SimpleData>
	</SchemaData></ExtendedData>
      <Point><coordinates>-57.6323236544073,-25.2820286179728</coordinates></Point>
  </Placemark>
  <Placemark id="inviduos_completos.142">
	<ExtendedData><SchemaData schemaUrl="#inviduos_completos">
		<SimpleData name="Nº">142.000000</SimpleData>
		<SimpleData name="Individuo">142.000000</SimpleData>
		<SimpleData name="X">436342.000000</SimpleData>
		<SimpleData name="Y">7203662.000000</SimpleData>
	</SchemaData></ExtendedData>
      <Point><coordinates>-57.6322844411925,-25.2821281203779</coordinates></Point>
  </Placemark>
  <Placemark id="inviduos_completos.143">
	<ExtendedData><SchemaData schemaUrl="#inviduos_completos">
		<SimpleData name="Nº">143.000000</SimpleData>
		<SimpleData name="Individuo">143.000000</SimpleData>
		<SimpleData name="X">436379.000000</SimpleData>
		<SimpleData name="Y">7203645.000000</SimpleData>
	</SchemaData></ExtendedData>
      <Point><coordinates>-57.6319177509294,-25.2822832080128</coordinates></Point>
  </Placemark>
  <Placemark id="inviduos_completos.144">
	<ExtendedData><SchemaData schemaUrl="#inviduos_completos">
		<SimpleData name="Nº">144.000000</SimpleData>
		<SimpleData name="Individuo">144.000000</SimpleData>
		<SimpleData name="X">436395.000000</SimpleData>
		<SimpleData name="Y">7203637.000000</SimpleData>
	</SchemaData></ExtendedData>
      <Point><coordinates>-57.6317592122122,-25.2823561300832</coordinates></Point>
  </Placemark>
  <Placemark id="inviduos_completos.145">
	<ExtendedData><SchemaData schemaUrl="#inviduos_completos">
		<SimpleData name="Nº">145.000000</SimpleData>
		<SimpleData name="Individuo">145.000000</SimpleData>
		<SimpleData name="X">436400.000000</SimpleData>
		<SimpleData name="Y">7203634.000000</SimpleData>
	</SchemaData></ExtendedData>
      <Point><coordinates>-57.6317096922083,-25.2823834332942</coordinates></Point>
  </Placemark>
  <Placemark id="inviduos_completos.146">
	<ExtendedData><SchemaData schemaUrl="#inviduos_completos">
		<SimpleData name="Nº">146.000000</SimpleData>
		<SimpleData name="Individuo">146.000000</SimpleData>
		<SimpleData name="X">436414.000000</SimpleData>
		<SimpleData name="Y">7203626.000000</SimpleData>
	</SchemaData></ExtendedData>
      <Point><coordinates>-57.6315710173743,-25.2824562701197</coordinates></Point>
  </Placemark>
  <Placemark id="inviduos_completos.147">
	<ExtendedData><SchemaData schemaUrl="#inviduos_completos">
		<SimpleData name="Nº">147.000000</SimpleData>
		<SimpleData name="Individuo">147.000000</SimpleData>
		<SimpleData name="X">436431.000000</SimpleData>
		<SimpleData name="Y">7203613.000000</SimpleData>
	</SchemaData></ExtendedData>
      <Point><coordinates>-57.6314027798764,-25.2825743853119</coordinates></Point>
  </Placemark>
  <Placemark id="inviduos_completos.148">
	<ExtendedData><SchemaData schemaUrl="#inviduos_completos">
		<SimpleData name="Nº">148.000000</SimpleData>
		<SimpleData name="Individuo">148.000000</SimpleData>
		<SimpleData name="X">436435.000000</SimpleData>
		<SimpleData name="Y">7203611.000000</SimpleData>
	</SchemaData></ExtendedData>
      <Point><coordinates>-57.6313631450413,-25.2825926157095</coordinates></Point>
  </Placemark>
  <Placemark id="inviduos_completos.149">
	<ExtendedData><SchemaData schemaUrl="#inviduos_completos">
		<SimpleData name="Nº">149.000000</SimpleData>
		<SimpleData name="Individuo">149.000000</SimpleData>
		<SimpleData name="X">436484.000000</SimpleData>
		<SimpleData name="Y">7203588.000000</SimpleData>
	</SchemaData></ExtendedData>
      <Point><coordinates>-57.6308775472722,-25.2828023919337</coordinates></Point>
  </Placemark>
  <Placemark id="inviduos_completos.150">
	<ExtendedData><SchemaData schemaUrl="#inviduos_completos">
		<SimpleData name="Nº">150.000000</SimpleData>
		<SimpleData name="Individuo">150.000000</SimpleData>
		<SimpleData name="X">436545.000000</SimpleData>
		<SimpleData name="Y">7203555.000000</SimpleData>
	</SchemaData></ExtendedData>
      <Point><coordinates>-57.6302732290259,-25.2831029777398</coordinates></Point>
  </Placemark>
  <Placemark id="inviduos_completos.151">
	<ExtendedData><SchemaData schemaUrl="#inviduos_completos">
		<SimpleData name="Nº">151.000000</SimpleData>
		<SimpleData name="Individuo">151.000000</SimpleData>
		<SimpleData name="X">436671.000000</SimpleData>
		<SimpleData name="Y">7203489.000000</SimpleData>
	</SchemaData></ExtendedData>
      <Point><coordinates>-57.6290248547663,-25.2837043114423</coordinates></Point>
  </Placemark>
  <Placemark id="inviduos_completos.152">
	<ExtendedData><SchemaData schemaUrl="#inviduos_completos">
		<SimpleData name="Nº">152.000000</SimpleData>
		<SimpleData name="Individuo">152.000000</SimpleData>
		<SimpleData name="X">436705.000000</SimpleData>
		<SimpleData name="Y">7203455.000000</SimpleData>
	</SchemaData></ExtendedData>
      <Point><coordinates>-57.628688743381,-25.2840127775545</coordinates></Point>
  </Placemark>
  <Placemark id="inviduos_completos.153">
	<ExtendedData><SchemaData schemaUrl="#inviduos_completos">
		<SimpleData name="Nº">153.000000</SimpleData>
		<SimpleData name="Individuo">153.000000</SimpleData>
		<SimpleData name="X">436743.000000</SimpleData>
		<SimpleData name="Y">7203430.000000</SimpleData>
	</SchemaData></ExtendedData>
      <Point><coordinates>-57.6283124826835,-25.2842401403106</coordinates></Point>
  </Placemark>
  <Placemark id="inviduos_completos.154">
	<ExtendedData><SchemaData schemaUrl="#inviduos_completos">
		<SimpleData name="Nº">154.000000</SimpleData>
		<SimpleData name="Individuo">154.000000</SimpleData>
		<SimpleData name="X">436708.000000</SimpleData>
		<SimpleData name="Y">7203455.000000</SimpleData>
	</SchemaData></ExtendedData>
      <Point><coordinates>-57.6286589467716,-25.2840129045166</coordinates></Point>
  </Placemark>
  <Placemark id="inviduos_completos.155">
	<ExtendedData><SchemaData schemaUrl="#inviduos_completos">
		<SimpleData name="Nº">155.000000</SimpleData>
		<SimpleData name="Individuo">155.000000</SimpleData>
		<SimpleData name="X">436696.000000</SimpleData>
		<SimpleData name="Y">7203457.000000</SimpleData>
	</SchemaData></ExtendedData>
      <Point><coordinates>-57.6287780400966,-25.2839943362321</coordinates></Point>
  </Placemark>
  <Placemark id="inviduos_completos.156">
	<ExtendedData><SchemaData schemaUrl="#inviduos_completos">
		<SimpleData name="Nº">156.000000</SimpleData>
		<SimpleData name="Individuo">156.000000</SimpleData>
		<SimpleData name="X">436574.000000</SimpleData>
		<SimpleData name="Y">7203519.000000</SimpleData>
	</SchemaData></ExtendedData>
      <Point><coordinates>-57.6299868765326,-25.2834292949929</coordinates></Point>
  </Placemark>
  <Placemark id="inviduos_completos.157">
	<ExtendedData><SchemaData schemaUrl="#inviduos_completos">
		<SimpleData name="Nº">157.000000</SimpleData>
		<SimpleData name="Individuo">157.000000</SimpleData>
		<SimpleData name="X">436565.000000</SimpleData>
		<SimpleData name="Y">7203511.000000</SimpleData>
	</SchemaData></ExtendedData>
      <Point><coordinates>-57.6300766391155,-25.2835011548783</coordinates></Point>
  </Placemark>
  <Placemark id="inviduos_completos.158">
	<ExtendedData><SchemaData schemaUrl="#inviduos_completos">
		<SimpleData name="Nº">158.000000</SimpleData>
		<SimpleData name="Individuo">158.000000</SimpleData>
		<SimpleData name="X">436563.000000</SimpleData>
		<SimpleData name="Y">7203505.000000</SimpleData>
	</SchemaData></ExtendedData>
      <Point><coordinates>-57.6300967833471,-25.2835552512372</coordinates></Point>
  </Placemark>
  <Placemark id="inviduos_completos.159">
	<ExtendedData><SchemaData schemaUrl="#inviduos_completos">
		<SimpleData name="Nº">159.000000</SimpleData>
		<SimpleData name="Individuo">159.000000</SimpleData>
		<SimpleData name="X">436564.000000</SimpleData>
		<SimpleData name="Y">7203509.000000</SimpleData>
	</SchemaData></ExtendedData>
      <Point><coordinates>-57.6300866645774,-25.28351917286</coordinates></Point>
  </Placemark>
  <Placemark id="inviduos_completos.160">
	<ExtendedData><SchemaData schemaUrl="#inviduos_completos">
		<SimpleData name="Nº">160.000000</SimpleData>
		<SimpleData name="Individuo">160.000000</SimpleData>
		<SimpleData name="X">436562.000000</SimpleData>
		<SimpleData name="Y">7203501.000000</SimpleData>
	</SchemaData></ExtendedData>
      <Point><coordinates>-57.630106902123,-25.2835913296135</coordinates></Point>
  </Placemark>
  <Placemark id="inviduos_completos.161">
	<ExtendedData><SchemaData schemaUrl="#inviduos_completos">
		<SimpleData name="Nº">161.000000</SimpleData>
		<SimpleData name="Individuo">161.000000</SimpleData>
		<SimpleData name="X">436560.000000</SimpleData>
		<SimpleData name="Y">7203495.000000</SimpleData>
	</SchemaData></ExtendedData>
      <Point><coordinates>-57.6301270463838,-25.2836454259671</coordinates></Point>
  </Placemark>
  <Placemark id="inviduos_completos.162">
	<ExtendedData><SchemaData schemaUrl="#inviduos_completos">
		<SimpleData name="Nº">162.000000</SimpleData>
		<SimpleData name="Individuo">162.000000</SimpleData>
		<SimpleData name="X">436559.000000</SimpleData>
		<SimpleData name="Y">7203492.000000</SimpleData>
	</SchemaData></ExtendedData>
      <Point><coordinates>-57.630137118521,-25.2836724741426</coordinates></Point>
  </Placemark>
  <Placemark id="inviduos_completos.163">
	<ExtendedData><SchemaData schemaUrl="#inviduos_completos">
		<SimpleData name="Nº">163.000000</SimpleData>
		<SimpleData name="Individuo">163.000000</SimpleData>
		<SimpleData name="X">436531.000000</SimpleData>
		<SimpleData name="Y">7203552.000000</SimpleData>
	</SchemaData></ExtendedData>
      <Point><coordinates>-57.6304124188121,-25.2831294742912</coordinates></Point>
  </Placemark>
  <Placemark id="inviduos_completos.164">
	<ExtendedData><SchemaData schemaUrl="#inviduos_completos">
		<SimpleData name="Nº">164.000000</SimpleData>
		<SimpleData name="Individuo">164.000000</SimpleData>
		<SimpleData name="X">436502.000000</SimpleData>
		<SimpleData name="Y">7203556.000000</SimpleData>
	</SchemaData></ExtendedData>
      <Point><coordinates>-57.6307002637264,-25.2830921225648</coordinates></Point>
  </Placemark>
  <Placemark id="inviduos_completos.165">
	<ExtendedData><SchemaData schemaUrl="#inviduos_completos">
		<SimpleData name="Nº">165.000000</SimpleData>
		<SimpleData name="Individuo">165.000000</SimpleData>
		<SimpleData name="X">436502.000000</SimpleData>
		<SimpleData name="Y">7203547.000000</SimpleData>
	</SchemaData></ExtendedData>
      <Point><coordinates>-57.6307006839924,-25.2831733943432</coordinates></Point>
  </Placemark>
  <Placemark id="inviduos_completos.166">
	<ExtendedData><SchemaData schemaUrl="#inviduos_completos">
		<SimpleData name="Nº">166.000000</SimpleData>
		<SimpleData name="Individuo">166.000000</SimpleData>
		<SimpleData name="X">436491.000000</SimpleData>
		<SimpleData name="Y">7203534.000000</SimpleData>
	</SchemaData></ExtendedData>
      <Point><coordinates>-57.6308105445902,-25.2832903198531</coordinates></Point>
  </Placemark>
  <Placemark id="inviduos_completos.167">
	<ExtendedData><SchemaData schemaUrl="#inviduos_completos">
		<SimpleData name="Nº">167.000000</SimpleData>
		<SimpleData name="Individuo">167.000000</SimpleData>
		<SimpleData name="X">436496.000000</SimpleData>
		<SimpleData name="Y">7203540.000000</SimpleData>
	</SchemaData></ExtendedData>
      <Point><coordinates>-57.6307606036831,-25.2832363509779</coordinates></Point>
  </Placemark>
  <Placemark id="inviduos_completos.168">
	<ExtendedData><SchemaData schemaUrl="#inviduos_completos">
		<SimpleData name="Nº">168.000000</SimpleData>
		<SimpleData name="Individuo">168.000000</SimpleData>
		<SimpleData name="X">436497.000000</SimpleData>
		<SimpleData name="Y">7203541.000000</SimpleData>
	</SchemaData></ExtendedData>
      <Point><coordinates>-57.630750624847,-25.2832273632402</coordinates></Point>
  </Placemark>
  <Placemark id="inviduos_completos.169">
	<ExtendedData><SchemaData schemaUrl="#inviduos_completos">
		<SimpleData name="Nº">169.000000</SimpleData>
		<SimpleData name="Individuo">169.000000</SimpleData>
		<SimpleData name="X">436510.000000</SimpleData>
		<SimpleData name="Y">7203561.000000</SimpleData>
	</SchemaData></ExtendedData>
      <Point><coordinates>-57.6306205732805,-25.2830473111999</coordinates></Point>
  </Placemark>
  <Placemark id="inviduos_completos.170">
	<ExtendedData><SchemaData schemaUrl="#inviduos_completos">
		<SimpleData name="Nº">170.000000</SimpleData>
		<SimpleData name="Individuo">170.000000</SimpleData>
		<SimpleData name="X">436508.000000</SimpleData>
		<SimpleData name="Y">7203571.000000</SimpleData>
	</SchemaData></ExtendedData>
      <Point><coordinates>-57.6306399706072,-25.2829569243194</coordinates></Point>
  </Placemark>
  <Placemark id="inviduos_completos.171">
	<ExtendedData><SchemaData schemaUrl="#inviduos_completos">
		<SimpleData name="Nº">171.000000</SimpleData>
		<SimpleData name="Individuo">171.000000</SimpleData>
		<SimpleData name="X">436505.000000</SimpleData>
		<SimpleData name="Y">7203574.000000</SimpleData>
	</SchemaData></ExtendedData>
      <Point><coordinates>-57.6306696268667,-25.2829297063685</coordinates></Point>
  </Placemark>
  <Placemark id="inviduos_completos.172">
	<ExtendedData><SchemaData schemaUrl="#inviduos_completos">
		<SimpleData name="Nº">172.000000</SimpleData>
		<SimpleData name="Individuo">172.000000</SimpleData>
		<SimpleData name="X">436497.000000</SimpleData>
		<SimpleData name="Y">7203580.000000</SimpleData>
	</SchemaData></ExtendedData>
      <Point><coordinates>-57.630748803559,-25.2828751855333</coordinates></Point>
  </Placemark>
  <Placemark id="inviduos_completos.173">
	<ExtendedData><SchemaData schemaUrl="#inviduos_completos">
		<SimpleData name="Nº">173.000000</SimpleData>
		<SimpleData name="Individuo">173.000000</SimpleData>
		<SimpleData name="X">436457.000000</SimpleData>
		<SimpleData name="Y">7203603.000000</SimpleData>
	</SchemaData></ExtendedData>
      <Point><coordinates>-57.6311450130488,-25.2826657921168</coordinates></Point>
  </Placemark>
  <Placemark id="inviduos_completos.174">
	<ExtendedData><SchemaData schemaUrl="#inviduos_completos">
		<SimpleData name="Nº">174.000000</SimpleData>
		<SimpleData name="Individuo">174.000000</SimpleData>
		<SimpleData name="X">436431.000000</SimpleData>
		<SimpleData name="Y">7203588.000000</SimpleData>
	</SchemaData></ExtendedData>
      <Point><coordinates>-57.6314039485593,-25.2828001402348</coordinates></Point>
  </Placemark>
  <Placemark id="inviduos_completos.175">
	<ExtendedData><SchemaData schemaUrl="#inviduos_completos">
		<SimpleData name="Nº">175.000000</SimpleData>
		<SimpleData name="Individuo">175.000000</SimpleData>
		<SimpleData name="X">436314.000000</SimpleData>
		<SimpleData name="Y">7203692.000000</SimpleData>
	</SchemaData></ExtendedData>
      <Point><coordinates>-57.6325611334322,-25.2818560225408</coordinates></Point>
  </Placemark>
  <Placemark id="inviduos_completos.176">
	<ExtendedData><SchemaData schemaUrl="#inviduos_completos">
		<SimpleData name="Nº">176.000000</SimpleData>
		<SimpleData name="Individuo">176.000000</SimpleData>
		<SimpleData name="X">436313.000000</SimpleData>
		<SimpleData name="Y">7203695.000000</SimpleData>
	</SchemaData></ExtendedData>
      <Point><coordinates>-57.6325709249563,-25.2818288893737</coordinates></Point>
  </Placemark>
  <Placemark id="inviduos_completos.177">
	<ExtendedData><SchemaData schemaUrl="#inviduos_completos">
		<SimpleData name="Nº">177.000000</SimpleData>
		<SimpleData name="Individuo">177.000000</SimpleData>
		<SimpleData name="X">436295.000000</SimpleData>
		<SimpleData name="Y">7203703.000000</SimpleData>
	</SchemaData></ExtendedData>
      <Point><coordinates>-57.632749326513,-25.2817558812669</coordinates></Point>
  </Placemark>
  <Placemark id="inviduos_completos.178">
	<ExtendedData><SchemaData schemaUrl="#inviduos_completos">
		<SimpleData name="Nº">178.000000</SimpleData>
		<SimpleData name="Individuo">178.000000</SimpleData>
		<SimpleData name="X">436283.000000</SimpleData>
		<SimpleData name="Y">7203708.000000</SimpleData>
	</SchemaData></ExtendedData>
      <Point><coordinates>-57.6328682763811,-25.2817102191429</coordinates></Point>
  </Placemark>
  <Placemark id="inviduos_completos.179">
	<ExtendedData><SchemaData schemaUrl="#inviduos_completos">
		<SimpleData name="Nº">179.000000</SimpleData>
		<SimpleData name="Individuo">179.000000</SimpleData>
		<SimpleData name="X">436266.000000</SimpleData>
		<SimpleData name="Y">7203708.000000</SimpleData>
	</SchemaData></ExtendedData>
      <Point><coordinates>-57.633037120507,-25.2817094948556</coordinates></Point>
  </Placemark>
  <Placemark id="inviduos_completos.180">
	<ExtendedData><SchemaData schemaUrl="#inviduos_completos">
		<SimpleData name="Nº">180.000000</SimpleData>
		<SimpleData name="Individuo">180.000000</SimpleData>
		<SimpleData name="X">436261.000000</SimpleData>
		<SimpleData name="Y">7203722.000000</SimpleData>
	</SchemaData></ExtendedData>
      <Point><coordinates>-57.6330861243667,-25.2815828590596</coordinates></Point>
  </Placemark>
  <Placemark id="inviduos_completos.181">
	<ExtendedData><SchemaData schemaUrl="#inviduos_completos">
		<SimpleData name="Nº">181.000000</SimpleData>
		<SimpleData name="Individuo">181.000000</SimpleData>
		<SimpleData name="X">436233.000000</SimpleData>
		<SimpleData name="Y">7203748.000000</SimpleData>
	</SchemaData></ExtendedData>
      <Point><coordinates>-57.6333630011323,-25.2813468805382</coordinates></Point>
  </Placemark>
  <Placemark id="inviduos_completos.182">
	<ExtendedData><SchemaData schemaUrl="#inviduos_completos">
		<SimpleData name="Nº">182.000000</SimpleData>
		<SimpleData name="Individuo">182.000000</SimpleData>
		<SimpleData name="X">436217.000000</SimpleData>
		<SimpleData name="Y">7203754.000000</SimpleData>
	</SchemaData></ExtendedData>
      <Point><coordinates>-57.6335216313549,-25.2812920171683</coordinates></Point>
  </Placemark>
  <Placemark id="inviduos_completos.183">
	<ExtendedData><SchemaData schemaUrl="#inviduos_completos">
		<SimpleData name="Nº">183.000000</SimpleData>
		<SimpleData name="Individuo">183.000000</SimpleData>
		<SimpleData name="X">436214.000000</SimpleData>
		<SimpleData name="Y">7203756.000000</SimpleData>
	</SchemaData></ExtendedData>
      <Point><coordinates>-57.6335513334649,-25.2812738288472</coordinates></Point>
  </Placemark>
  <Placemark id="inviduos_completos.184">
	<ExtendedData><SchemaData schemaUrl="#inviduos_completos">
		<SimpleData name="Nº">184.000000</SimpleData>
		<SimpleData name="Individuo">184.000000</SimpleData>
		<SimpleData name="X">436128.000000</SimpleData>
		<SimpleData name="Y">7203797.000000</SimpleData>
	</SchemaData></ExtendedData>
      <Point><coordinates>-57.6344035572556,-25.2808999209885</coordinates></Point>
  </Placemark>
  <Placemark id="inviduos_completos.185">
	<ExtendedData><SchemaData schemaUrl="#inviduos_completos">
		<SimpleData name="Nº">185.000000</SimpleData>
		<SimpleData name="Individuo">185.000000</SimpleData>
		<SimpleData name="X">436134.000000</SimpleData>
		<SimpleData name="Y">7203788.000000</SimpleData>
	</SchemaData></ExtendedData>
      <Point><coordinates>-57.6343443882752,-25.2809814489307</coordinates></Point>
  </Placemark>
  <Placemark id="inviduos_completos.186">
	<ExtendedData><SchemaData schemaUrl="#inviduos_completos">
		<SimpleData name="Nº">186.000000</SimpleData>
		<SimpleData name="Individuo">186.000000</SimpleData>
		<SimpleData name="X">436132.000000</SimpleData>
		<SimpleData name="Y">7203802.000000</SimpleData>
	</SchemaData></ExtendedData>
      <Point><coordinates>-57.6343635946875,-25.2808549408194</coordinates></Point>
  </Placemark>
  <Placemark id="inviduos_completos.187">
	<ExtendedData><SchemaData schemaUrl="#inviduos_completos">
		<SimpleData name="Nº">187.000000</SimpleData>
		<SimpleData name="Individuo">187.000000</SimpleData>
		<SimpleData name="X">436124.000000</SimpleData>
		<SimpleData name="Y">7203808.000000</SimpleData>
	</SchemaData></ExtendedData>
      <Point><coordinates>-57.634442768357,-25.2808004180447</coordinates></Point>
  </Placemark>
  <Placemark id="inviduos_completos.188">
	<ExtendedData><SchemaData schemaUrl="#inviduos_completos">
		<SimpleData name="Nº">188.000000</SimpleData>
		<SimpleData name="Individuo">188.000000</SimpleData>
		<SimpleData name="X">436117.000000</SimpleData>
		<SimpleData name="Y">7203810.000000</SimpleData>
	</SchemaData></ExtendedData>
      <Point><coordinates>-57.6345121979229,-25.2807820587127</coordinates></Point>
  </Placemark>
  <Placemark id="inviduos_completos.189">
	<ExtendedData><SchemaData schemaUrl="#inviduos_completos">
		<SimpleData name="Nº">189.000000</SimpleData>
		<SimpleData name="Individuo">189.000000</SimpleData>
		<SimpleData name="X">436116.000000</SimpleData>
		<SimpleData name="Y">7203813.000000</SimpleData>
	</SchemaData></ExtendedData>
      <Point><coordinates>-57.6345219889293,-25.2807549254223</coordinates></Point>
  </Placemark>
  <Placemark id="inviduos_completos.190">
	<ExtendedData><SchemaData schemaUrl="#inviduos_completos">
		<SimpleData name="Nº">190.000000</SimpleData>
		<SimpleData name="Individuo">190.000000</SimpleData>
		<SimpleData name="X">436597.000000</SimpleData>
		<SimpleData name="Y">7203298.000000</SimpleData>
	</SchemaData></ExtendedData>
      <Point><coordinates>-57.6297687421431,-25.2854259438836</coordinates></Point>
  </Placemark>
  <Placemark id="inviduos_completos.191">
	<ExtendedData><SchemaData schemaUrl="#inviduos_completos">
		<SimpleData name="Nº">191.000000</SimpleData>
		<SimpleData name="Individuo">191.000000</SimpleData>
		<SimpleData name="X">436602.000000</SimpleData>
		<SimpleData name="Y">7203282.000000</SimpleData>
	</SchemaData></ExtendedData>
      <Point><coordinates>-57.6297198266193,-25.285570639001</coordinates></Point>
  </Placemark>
  <Placemark id="inviduos_completos.192">
	<ExtendedData><SchemaData schemaUrl="#inviduos_completos">
		<SimpleData name="Nº">192.000000</SimpleData>
		<SimpleData name="Individuo">192.000000</SimpleData>
		<SimpleData name="X">436614.000000</SimpleData>
		<SimpleData name="Y">7203287.000000</SimpleData>
	</SchemaData></ExtendedData>
      <Point><coordinates>-57.6296004055823,-25.2855259966928</coordinates></Point>
  </Placemark>
  <Placemark id="inviduos_completos.193">
	<ExtendedData><SchemaData schemaUrl="#inviduos_completos">
		<SimpleData name="Nº">193.000000</SimpleData>
		<SimpleData name="Individuo">193.000000</SimpleData>
		<SimpleData name="X">436610.000000</SimpleData>
		<SimpleData name="Y">7203280.000000</SimpleData>
	</SchemaData></ExtendedData>
      <Point><coordinates>-57.6296404612403,-25.285589038521</coordinates></Point>
  </Placemark>
  <Placemark id="inviduos_completos.194">
	<ExtendedData><SchemaData schemaUrl="#inviduos_completos">
		<SimpleData name="Nº">194.000000</SimpleData>
		<SimpleData name="Individuo">194.000000</SimpleData>
		<SimpleData name="X">436612.000000</SimpleData>
		<SimpleData name="Y">7203284.000000</SimpleData>
	</SchemaData></ExtendedData>
      <Point><coordinates>-57.6296204100954,-25.2855530025102</coordinates></Point>
  </Placemark>
  <Placemark id="inviduos_completos.195">
	<ExtendedData><SchemaData schemaUrl="#inviduos_completos">
		<SimpleData name="Nº">195.000000</SimpleData>
		<SimpleData name="Individuo">195.000000</SimpleData>
		<SimpleData name="X">436624.000000</SimpleData>
		<SimpleData name="Y">7203300.000000</SimpleData>
	</SchemaData></ExtendedData>
      <Point><coordinates>-57.6295004763751,-25.2854090279551</coordinates></Point>
  </Placemark>
  <Placemark id="inviduos_completos.196">
	<ExtendedData><SchemaData schemaUrl="#inviduos_completos">
		<SimpleData name="Nº">196.000000</SimpleData>
		<SimpleData name="Individuo">196.000000</SimpleData>
		<SimpleData name="X">436612.000000</SimpleData>
		<SimpleData name="Y">7203299.000000</SimpleData>
	</SchemaData></ExtendedData>
      <Point><coordinates>-57.6296197107777,-25.2854175495612</coordinates></Point>
  </Placemark>
  <Placemark id="inviduos_completos.197">
	<ExtendedData><SchemaData schemaUrl="#inviduos_completos">
		<SimpleData name="Nº">197.000000</SimpleData>
		<SimpleData name="Individuo">197.000000</SimpleData>
		<SimpleData name="X">436619.000000</SimpleData>
		<SimpleData name="Y">7203307.000000</SimpleData>
	</SchemaData></ExtendedData>
      <Point><coordinates>-57.6295498116408,-25.2853456046761</coordinates></Point>
  </Placemark>
  <Placemark id="inviduos_completos.198">
	<ExtendedData><SchemaData schemaUrl="#inviduos_completos">
		<SimpleData name="Nº">198.000000</SimpleData>
		<SimpleData name="Individuo">198.000000</SimpleData>
		<SimpleData name="X">436617.000000</SimpleData>
		<SimpleData name="Y">7203316.000000</SimpleData>
	</SchemaData></ExtendedData>
      <Point><coordinates>-57.6295692567073,-25.2852642481391</coordinates></Point>
  </Placemark>
  <Placemark id="inviduos_completos.199">
	<ExtendedData><SchemaData schemaUrl="#inviduos_completos">
		<SimpleData name="Nº">199.000000</SimpleData>
		<SimpleData name="Individuo">199.000000</SimpleData>
		<SimpleData name="X">436622.000000</SimpleData>
		<SimpleData name="Y">7203314.000000</SimpleData>
	</SchemaData></ExtendedData>
      <Point><coordinates>-57.6295196884169,-25.2852825204395</coordinates></Point>
  </Placemark>
  <Placemark id="inviduos_completos.200">
	<ExtendedData><SchemaData schemaUrl="#inviduos_completos">
		<SimpleData name="Nº">200.000000</SimpleData>
		<SimpleData name="Individuo">200.000000</SimpleData>
		<SimpleData name="X">436627.000000</SimpleData>
		<SimpleData name="Y">7203321.000000</SimpleData>
	</SchemaData></ExtendedData>
      <Point><coordinates>-57.629469700625,-25.2852195209493</coordinates></Point>
  </Placemark>
  <Placemark id="inviduos_completos.201">
	<ExtendedData><SchemaData schemaUrl="#inviduos_completos">
		<SimpleData name="Nº">201.000000</SimpleData>
		<SimpleData name="Individuo">201.000000</SimpleData>
		<SimpleData name="X">436627.000000</SimpleData>
		<SimpleData name="Y">7203324.000000</SimpleData>
	</SchemaData></ExtendedData>
      <Point><coordinates>-57.6294695607967,-25.2851924303577</coordinates></Point>
  </Placemark>
  <Placemark id="inviduos_completos.202">
	<ExtendedData><SchemaData schemaUrl="#inviduos_completos">
		<SimpleData name="Nº">202.000000</SimpleData>
		<SimpleData name="Individuo">202.000000</SimpleData>
		<SimpleData name="X">436632.000000</SimpleData>
		<SimpleData name="Y">7203329.000000</SimpleData>
	</SchemaData></ExtendedData>
      <Point><coordinates>-57.6294196662795,-25.2851474912433</coordinates></Point>
  </Placemark>
  <Placemark id="inviduos_completos.203">
	<ExtendedData><SchemaData schemaUrl="#inviduos_completos">
		<SimpleData name="Nº">203.000000</SimpleData>
		<SimpleData name="Individuo">203.000000</SimpleData>
		<SimpleData name="X">436640.000000</SimpleData>
		<SimpleData name="Y">7203338.000000</SimpleData>
	</SchemaData></ExtendedData>
      <Point><coordinates>-57.6293397885291,-25.2850665584255</coordinates></Point>
  </Placemark>
  <Placemark id="inviduos_completos.204">
	<ExtendedData><SchemaData schemaUrl="#inviduos_completos">
		<SimpleData name="Nº">204.000000</SimpleData>
		<SimpleData name="Individuo">204.000000</SimpleData>
		<SimpleData name="X">436645.000000</SimpleData>
		<SimpleData name="Y">7203341.000000</SimpleData>
	</SchemaData></ExtendedData>
      <Point><coordinates>-57.6292899873029,-25.28503967966</coordinates></Point>
  </Placemark>
  <Placemark id="inviduos_completos.205">
	<ExtendedData><SchemaData schemaUrl="#inviduos_completos">
		<SimpleData name="Nº">205.000000</SimpleData>
		<SimpleData name="Individuo">205.000000</SimpleData>
		<SimpleData name="X">436650.000000</SimpleData>
		<SimpleData name="Y">7203351.000000</SimpleData>
	</SchemaData></ExtendedData>
      <Point><coordinates>-57.6292398599545,-25.284949589492</coordinates></Point>
  </Placemark>
  <Placemark id="inviduos_completos.206">
	<ExtendedData><SchemaData schemaUrl="#inviduos_completos">
		<SimpleData name="Nº">206.000000</SimpleData>
		<SimpleData name="Individuo">206.000000</SimpleData>
		<SimpleData name="X">436635.000000</SimpleData>
		<SimpleData name="Y">7203349.000000</SimpleData>
	</SchemaData></ExtendedData>
      <Point><coordinates>-57.6293889373331,-25.2849670144079</coordinates></Point>
  </Placemark>
  <Placemark id="inviduos_completos.207">
	<ExtendedData><SchemaData schemaUrl="#inviduos_completos">
		<SimpleData name="Nº">207.000000</SimpleData>
		<SimpleData name="Individuo">207.000000</SimpleData>
		<SimpleData name="X">436637.000000</SimpleData>
		<SimpleData name="Y">7203346.000000</SimpleData>
	</SchemaData></ExtendedData>
      <Point><coordinates>-57.6293692125787,-25.2849941897402</coordinates></Point>
  </Placemark>
  <Placemark id="inviduos_completos.208">
	<ExtendedData><SchemaData schemaUrl="#inviduos_completos">
		<SimpleData name="Nº">208.000000</SimpleData>
		<SimpleData name="Individuo">208.000000</SimpleData>
		<SimpleData name="X">436635.000000</SimpleData>
		<SimpleData name="Y">7203348.000000</SimpleData>
	</SchemaData></ExtendedData>
      <Point><coordinates>-57.629388983936,-25.2849760446055</coordinates></Point>
  </Placemark>
  <Placemark id="inviduos_completos.209">
	<ExtendedData><SchemaData schemaUrl="#inviduos_completos">
		<SimpleData name="Nº">209.000000</SimpleData>
		<SimpleData name="Individuo">209.000000</SimpleData>
		<SimpleData name="X">436641.000000</SimpleData>
		<SimpleData name="Y">7203346.000000</SimpleData>
	</SchemaData></ExtendedData>
      <Point><coordinates>-57.6293294834516,-25.2849943592111</coordinates></Point>
  </Placemark>
  <Placemark id="inviduos_completos.210">
	<ExtendedData><SchemaData schemaUrl="#inviduos_completos">
		<SimpleData name="Nº">210.000000</SimpleData>
		<SimpleData name="Individuo">210.000000</SimpleData>
		<SimpleData name="X">436635.000000</SimpleData>
		<SimpleData name="Y">7203361.000000</SimpleData>
	</SchemaData></ExtendedData>
      <Point><coordinates>-57.6293883780989,-25.2848586520355</coordinates></Point>
  </Placemark>
  <Placemark id="inviduos_completos.211">
	<ExtendedData><SchemaData schemaUrl="#inviduos_completos">
		<SimpleData name="Nº">211.000000</SimpleData>
		<SimpleData name="Individuo">211.000000</SimpleData>
		<SimpleData name="X">436644.000000</SimpleData>
		<SimpleData name="Y">7203360.000000</SimpleData>
	</SchemaData></ExtendedData>
      <Point><coordinates>-57.6292990342582,-25.2848680635376</coordinates></Point>
  </Placemark>
  <Placemark id="inviduos_completos.212">
	<ExtendedData><SchemaData schemaUrl="#inviduos_completos">
		<SimpleData name="Nº">212.000000</SimpleData>
		<SimpleData name="Individuo">212.000000</SimpleData>
		<SimpleData name="X">436651.000000</SimpleData>
		<SimpleData name="Y">7203351.000000</SimpleData>
	</SchemaData></ExtendedData>
      <Point><coordinates>-57.6292299276762,-25.284949631852</coordinates></Point>
  </Placemark>
  <Placemark id="inviduos_completos.213">
	<ExtendedData><SchemaData schemaUrl="#inviduos_completos">
		<SimpleData name="Nº">213.000000</SimpleData>
		<SimpleData name="Individuo">213.000000</SimpleData>
		<SimpleData name="X">436655.000000</SimpleData>
		<SimpleData name="Y">7203357.000000</SimpleData>
	</SchemaData></ExtendedData>
      <Point><coordinates>-57.6291899190336,-25.2848956200969</coordinates></Point>
  </Placemark>
  <Placemark id="inviduos_completos.214">
	<ExtendedData><SchemaData schemaUrl="#inviduos_completos">
		<SimpleData name="Nº">214.000000</SimpleData>
		<SimpleData name="Individuo">214.000000</SimpleData>
		<SimpleData name="X">436652.000000</SimpleData>
		<SimpleData name="Y">7203363.000000</SimpleData>
	</SchemaData></ExtendedData>
      <Point><coordinates>-57.6292194363142,-25.2848413118351</coordinates></Point>
  </Placemark>
  <Placemark id="inviduos_completos.215">
	<ExtendedData><SchemaData schemaUrl="#inviduos_completos">
		<SimpleData name="Nº">215.000000</SimpleData>
		<SimpleData name="Individuo">215.000000</SimpleData>
		<SimpleData name="X">436648.000000</SimpleData>
		<SimpleData name="Y">7203364.000000</SimpleData>
	</SchemaData></ExtendedData>
      <Point><coordinates>-57.6292591187992,-25.2848321121967</coordinates></Point>
  </Placemark>
  <Placemark id="inviduos_completos.216">
	<ExtendedData><SchemaData schemaUrl="#inviduos_completos">
		<SimpleData name="Nº">216.000000</SimpleData>
		<SimpleData name="Individuo">216.000000</SimpleData>
		<SimpleData name="X">436631.000000</SimpleData>
		<SimpleData name="Y">7203368.000000</SimpleData>
	</SchemaData></ExtendedData>
      <Point><coordinates>-57.6294277809424,-25.2847952711654</coordinates></Point>
  </Placemark>
  <Placemark id="inviduos_completos.217">
	<ExtendedData><SchemaData schemaUrl="#inviduos_completos">
		<SimpleData name="Nº">217.000000</SimpleData>
		<SimpleData name="Individuo">217.000000</SimpleData>
		<SimpleData name="X">436633.000000</SimpleData>
		<SimpleData name="Y">7203369.000000</SimpleData>
	</SchemaData></ExtendedData>
      <Point><coordinates>-57.6294078698075,-25.2847863257116</coordinates></Point>
  </Placemark>
  <Placemark id="inviduos_completos.218">
	<ExtendedData><SchemaData schemaUrl="#inviduos_completos">
		<SimpleData name="Nº">218.000000</SimpleData>
		<SimpleData name="Individuo">218.000000</SimpleData>
		<SimpleData name="X">436640.000000</SimpleData>
		<SimpleData name="Y">7203374.000000</SimpleData>
	</SchemaData></ExtendedData>
      <Point><coordinates>-57.6293381109599,-25.2847414713047</coordinates></Point>
  </Placemark>
  <Placemark id="inviduos_completos.219">
	<ExtendedData><SchemaData schemaUrl="#inviduos_completos">
		<SimpleData name="Nº">219.000000</SimpleData>
		<SimpleData name="Individuo">219.000000</SimpleData>
		<SimpleData name="X">436637.000000</SimpleData>
		<SimpleData name="Y">7203374.000000</SimpleData>
	</SchemaData></ExtendedData>
      <Point><coordinates>-57.6293679077434,-25.284741344202</coordinates></Point>
  </Placemark>
  <Placemark id="inviduos_completos.220">
	<ExtendedData><SchemaData schemaUrl="#inviduos_completos">
		<SimpleData name="Nº">220.000000</SimpleData>
		<SimpleData name="Individuo">220.000000</SimpleData>
		<SimpleData name="X">436641.000000</SimpleData>
		<SimpleData name="Y">7203369.000000</SimpleData>
	</SchemaData></ExtendedData>
      <Point><coordinates>-57.629328411689,-25.2847866646609</coordinates></Point>
  </Placemark>
  <Placemark id="inviduos_completos.221">
	<ExtendedData><SchemaData schemaUrl="#inviduos_completos">
		<SimpleData name="Nº">221.000000</SimpleData>
		<SimpleData name="Individuo">221.000000</SimpleData>
		<SimpleData name="X">436647.000000</SimpleData>
		<SimpleData name="Y">7203368.000000</SimpleData>
	</SchemaData></ExtendedData>
      <Point><coordinates>-57.6292688646928,-25.2847959490429</coordinates></Point>
  </Placemark>
  <Placemark id="inviduos_completos.222">
	<ExtendedData><SchemaData schemaUrl="#inviduos_completos">
		<SimpleData name="Nº">222.000000</SimpleData>
		<SimpleData name="Individuo">222.000000</SimpleData>
		<SimpleData name="X">436647.000000</SimpleData>
		<SimpleData name="Y">7203375.000000</SimpleData>
	</SchemaData></ExtendedData>
      <Point><coordinates>-57.6292685385373,-25.2847327376562</coordinates></Point>
  </Placemark>
  <Placemark id="inviduos_completos.223">
	<ExtendedData><SchemaData schemaUrl="#inviduos_completos">
		<SimpleData name="Nº">223.000000</SimpleData>
		<SimpleData name="Individuo">223.000000</SimpleData>
		<SimpleData name="X">436660.000000</SimpleData>
		<SimpleData name="Y">7203386.000000</SimpleData>
	</SchemaData></ExtendedData>
      <Point><coordinates>-57.6291389067244,-25.2846339561215</coordinates></Point>
  </Placemark>
  <Placemark id="inviduos_completos.224">
	<ExtendedData><SchemaData schemaUrl="#inviduos_completos">
		<SimpleData name="Nº">224.000000</SimpleData>
		<SimpleData name="Individuo">224.000000</SimpleData>
		<SimpleData name="X">436663.000000</SimpleData>
		<SimpleData name="Y">7203378.000000</SimpleData>
	</SchemaData></ExtendedData>
      <Point><coordinates>-57.629109482619,-25.2847063247654</coordinates></Point>
  </Placemark>
  <Placemark id="inviduos_completos.225">
	<ExtendedData><SchemaData schemaUrl="#inviduos_completos">
		<SimpleData name="Nº">225.000000</SimpleData>
		<SimpleData name="Individuo">225.000000</SimpleData>
		<SimpleData name="X">436668.000000</SimpleData>
		<SimpleData name="Y">7203372.000000</SimpleData>
	</SchemaData></ExtendedData>
      <Point><coordinates>-57.6290601007936,-25.2847607177036</coordinates></Point>
  </Placemark>
  <Placemark id="inviduos_completos.226">
	<ExtendedData><SchemaData schemaUrl="#inviduos_completos">
		<SimpleData name="Nº">226.000000</SimpleData>
		<SimpleData name="Individuo">226.000000</SimpleData>
		<SimpleData name="X">436672.000000</SimpleData>
		<SimpleData name="Y">7203371.000000</SimpleData>
	</SchemaData></ExtendedData>
      <Point><coordinates>-57.6290204183155,-25.2847699172883</coordinates></Point>
  </Placemark>
  <Placemark id="inviduos_completos.227">
	<ExtendedData><SchemaData schemaUrl="#inviduos_completos">
		<SimpleData name="Nº">227.000000</SimpleData>
		<SimpleData name="Individuo">227.000000</SimpleData>
		<SimpleData name="X">436671.000000</SimpleData>
		<SimpleData name="Y">7203373.000000</SimpleData>
	</SchemaData></ExtendedData>
      <Point><coordinates>-57.6290302574276,-25.2847518145457</coordinates></Point>
  </Placemark>
  <Placemark id="inviduos_completos.228">
	<ExtendedData><SchemaData schemaUrl="#inviduos_completos">
		<SimpleData name="Nº">228.000000</SimpleData>
		<SimpleData name="Individuo">228.000000</SimpleData>
		<SimpleData name="X">436659.000000</SimpleData>
		<SimpleData name="Y">7203389.000000</SimpleData>
	</SchemaData></ExtendedData>
      <Point><coordinates>-57.6291486992239,-25.2846068231728</coordinates></Point>
  </Placemark>
  <Placemark id="inviduos_completos.229">
	<ExtendedData><SchemaData schemaUrl="#inviduos_completos">
		<SimpleData name="Nº">229.000000</SimpleData>
		<SimpleData name="Individuo">229.000000</SimpleData>
		<SimpleData name="X">436656.000000</SimpleData>
		<SimpleData name="Y">7203381.000000</SimpleData>
	</SchemaData></ExtendedData>
      <Point><coordinates>-57.6291788686694,-25.2846789376961</coordinates></Point>
  </Placemark>
  <Placemark id="inviduos_completos.230">
	<ExtendedData><SchemaData schemaUrl="#inviduos_completos">
		<SimpleData name="Nº">230.000000</SimpleData>
		<SimpleData name="Individuo">230.000000</SimpleData>
		<SimpleData name="X">436656.000000</SimpleData>
		<SimpleData name="Y">7203392.000000</SimpleData>
	</SchemaData></ExtendedData>
      <Point><coordinates>-57.6291783562158,-25.2845796055136</coordinates></Point>
  </Placemark>
  <Placemark id="inviduos_completos.231">
	<ExtendedData><SchemaData schemaUrl="#inviduos_completos">
		<SimpleData name="Nº">231.000000</SimpleData>
		<SimpleData name="Individuo">231.000000</SimpleData>
		<SimpleData name="X">436653.000000</SimpleData>
		<SimpleData name="Y">7203389.000000</SimpleData>
	</SchemaData></ExtendedData>
      <Point><coordinates>-57.6292082927271,-25.2846065690391</coordinates></Point>
  </Placemark>
  <Placemark id="inviduos_completos.232">
	<ExtendedData><SchemaData schemaUrl="#inviduos_completos">
		<SimpleData name="Nº">232.000000</SimpleData>
		<SimpleData name="Individuo">232.000000</SimpleData>
		<SimpleData name="X">436645.000000</SimpleData>
		<SimpleData name="Y">7203385.000000</SimpleData>
	</SchemaData></ExtendedData>
      <Point><coordinates>-57.6292879371092,-25.2846423509496</coordinates></Point>
  </Placemark>
  <Placemark id="inviduos_completos.233">
	<ExtendedData><SchemaData schemaUrl="#inviduos_completos">
		<SimpleData name="Nº">233.000000</SimpleData>
		<SimpleData name="Individuo">233.000000</SimpleData>
		<SimpleData name="X">436647.000000</SimpleData>
		<SimpleData name="Y">7203391.000000</SimpleData>
	</SchemaData></ExtendedData>
      <Point><coordinates>-57.629267793043,-25.2845882544847</coordinates></Point>
  </Placemark>
  <Placemark id="inviduos_completos.234">
	<ExtendedData><SchemaData schemaUrl="#inviduos_completos">
		<SimpleData name="Nº">234.000000</SimpleData>
		<SimpleData name="Individuo">234.000000</SimpleData>
		<SimpleData name="X">436638.000000</SimpleData>
		<SimpleData name="Y">7203387.000000</SimpleData>
	</SchemaData></ExtendedData>
      <Point><coordinates>-57.6293573696814,-25.2846239939958</coordinates></Point>
  </Placemark>
  <Placemark id="inviduos_completos.235">
	<ExtendedData><SchemaData schemaUrl="#inviduos_completos">
		<SimpleData name="Nº">235.000000</SimpleData>
		<SimpleData name="Individuo">235.000000</SimpleData>
		<SimpleData name="X">436632.000000</SimpleData>
		<SimpleData name="Y">7203391.000000</SimpleData>
	</SchemaData></ExtendedData>
      <Point><coordinates>-57.6294167767735,-25.2845876189855</coordinates></Point>
  </Placemark>
  <Placemark id="inviduos_completos.236">
	<ExtendedData><SchemaData schemaUrl="#inviduos_completos">
		<SimpleData name="Nº">236.000000</SimpleData>
		<SimpleData name="Individuo">236.000000</SimpleData>
		<SimpleData name="X">436634.000000</SimpleData>
		<SimpleData name="Y">7203382.000000</SimpleData>
	</SchemaData></ExtendedData>
      <Point><coordinates>-57.6293973317022,-25.2846689755098</coordinates></Point>
  </Placemark>
  <Placemark id="inviduos_completos.237">
	<ExtendedData><SchemaData schemaUrl="#inviduos_completos">
		<SimpleData name="Nº">237.000000</SimpleData>
		<SimpleData name="Individuo">237.000000</SimpleData>
		<SimpleData name="X">436642.000000</SimpleData>
		<SimpleData name="Y">7203395.000000</SimpleData>
	</SchemaData></ExtendedData>
      <Point><coordinates>-57.6293172678997,-25.2845519218754</coordinates></Point>
  </Placemark>
  <Placemark id="inviduos_completos.238">
	<ExtendedData><SchemaData schemaUrl="#inviduos_completos">
		<SimpleData name="Nº">238.000000</SimpleData>
		<SimpleData name="Individuo">238.000000</SimpleData>
		<SimpleData name="X">436633.000000</SimpleData>
		<SimpleData name="Y">7203406.000000</SimpleData>
	</SchemaData></ExtendedData>
      <Point><coordinates>-57.6294061454749,-25.2844522083845</coordinates></Point>
  </Placemark>
  <Placemark id="inviduos_completos.239">
	<ExtendedData><SchemaData schemaUrl="#inviduos_completos">
		<SimpleData name="Nº">239.000000</SimpleData>
		<SimpleData name="Individuo">239.000000</SimpleData>
		<SimpleData name="X">436628.000000</SimpleData>
		<SimpleData name="Y">7203408.000000</SimpleData>
	</SchemaData></ExtendedData>
      <Point><coordinates>-57.6294557134485,-25.2844339361264</coordinates></Point>
  </Placemark>
  <Placemark id="inviduos_completos.240">
	<ExtendedData><SchemaData schemaUrl="#inviduos_completos">
		<SimpleData name="Nº">240.000000</SimpleData>
		<SimpleData name="Individuo">240.000000</SimpleData>
		<SimpleData name="X">436622.000000</SimpleData>
		<SimpleData name="Y">7203411.000000</SimpleData>
	</SchemaData></ExtendedData>
      <Point><coordinates>-57.6295151670302,-25.284406591276</coordinates></Point>
  </Placemark>
  <Placemark id="inviduos_completos.241">
	<ExtendedData><SchemaData schemaUrl="#inviduos_completos">
		<SimpleData name="Nº">241.000000</SimpleData>
		<SimpleData name="Individuo">241.000000</SimpleData>
		<SimpleData name="X">436615.000000</SimpleData>
		<SimpleData name="Y">7203417.000000</SimpleData>
	</SchemaData></ExtendedData>
      <Point><coordinates>-57.6295844129675,-25.2843521134258</coordinates></Point>
  </Placemark>
  <Placemark id="inviduos_completos.242">
	<ExtendedData><SchemaData schemaUrl="#inviduos_completos">
		<SimpleData name="Nº">242.000000</SimpleData>
		<SimpleData name="Individuo">242.000000</SimpleData>
		<SimpleData name="X">436613.000000</SimpleData>
		<SimpleData name="Y">7203405.000000</SimpleData>
	</SchemaData></ExtendedData>
      <Point><coordinates>-57.6296048368387,-25.2844603910347</coordinates></Point>
  </Placemark>
  <Placemark id="inviduos_completos.243">
	<ExtendedData><SchemaData schemaUrl="#inviduos_completos">
		<SimpleData name="Nº">243.000000</SimpleData>
		<SimpleData name="Individuo">243.000000</SimpleData>
		<SimpleData name="X">436620.000000</SimpleData>
		<SimpleData name="Y">7203404.000000</SimpleData>
	</SchemaData></ExtendedData>
      <Point><coordinates>-57.6295353577862,-25.284469717905</coordinates></Point>
  </Placemark>
  <Placemark id="inviduos_completos.244">
	<ExtendedData><SchemaData schemaUrl="#inviduos_completos">
		<SimpleData name="Nº">244.000000</SimpleData>
		<SimpleData name="Individuo">244.000000</SimpleData>
		<SimpleData name="X">436604.000000</SimpleData>
		<SimpleData name="Y">7203422.000000</SimpleData>
	</SchemaData></ExtendedData>
      <Point><coordinates>-57.6296934343645,-25.2843064961879</coordinates></Point>
  </Placemark>
  <Placemark id="inviduos_completos.245">
	<ExtendedData><SchemaData schemaUrl="#inviduos_completos">
		<SimpleData name="Nº">245.000000</SimpleData>
		<SimpleData name="Individuo">245.000000</SimpleData>
		<SimpleData name="X">436606.000000</SimpleData>
		<SimpleData name="Y">7203424.000000</SimpleData>
	</SchemaData></ExtendedData>
      <Point><coordinates>-57.629673476669,-25.2842885205703</coordinates></Point>
  </Placemark>
  <Placemark id="inviduos_completos.246">
	<ExtendedData><SchemaData schemaUrl="#inviduos_completos">
		<SimpleData name="Nº">246.000000</SimpleData>
		<SimpleData name="Individuo">246.000000</SimpleData>
		<SimpleData name="X">436596.000000</SimpleData>
		<SimpleData name="Y">7203428.000000</SimpleData>
	</SchemaData></ExtendedData>
      <Point><coordinates>-57.6297726123849,-25.2842519758612</coordinates></Point>
  </Placemark>
  <Placemark id="inviduos_completos.247">
	<ExtendedData><SchemaData schemaUrl="#inviduos_completos">
		<SimpleData name="Nº">247.000000</SimpleData>
		<SimpleData name="Individuo">247.000000</SimpleData>
		<SimpleData name="X">436594.000000</SimpleData>
		<SimpleData name="Y">7203424.000000</SimpleData>
	</SchemaData></ExtendedData>
      <Point><coordinates>-57.6297926633515,-25.2842880118609</coordinates></Point>
  </Placemark>
  <Placemark id="inviduos_completos.248">
	<ExtendedData><SchemaData schemaUrl="#inviduos_completos">
		<SimpleData name="Nº">248.000000</SimpleData>
		<SimpleData name="Individuo">248.000000</SimpleData>
		<SimpleData name="X">436596.000000</SimpleData>
		<SimpleData name="Y">7203417.000000</SimpleData>
	</SchemaData></ExtendedData>
      <Point><coordinates>-57.629773125315,-25.2843513080368</coordinates></Point>
  </Placemark>
  <Placemark id="inviduos_completos.249">
	<ExtendedData><SchemaData schemaUrl="#inviduos_completos">
		<SimpleData name="Nº">249.000000</SimpleData>
		<SimpleData name="Individuo">249.000000</SimpleData>
		<SimpleData name="X">436589.000000</SimpleData>
		<SimpleData name="Y">7203416.000000</SimpleData>
	</SchemaData></ExtendedData>
      <Point><coordinates>-57.6298426975499,-25.2843600414513</coordinates></Point>
  </Placemark>
  <Placemark id="inviduos_completos.250">
	<ExtendedData><SchemaData schemaUrl="#inviduos_completos">
		<SimpleData name="Nº">250.000000</SimpleData>
		<SimpleData name="Individuo">250.000000</SimpleData>
		<SimpleData name="X">436589.000000</SimpleData>
		<SimpleData name="Y">7203429.000000</SimpleData>
	</SchemaData></ExtendedData>
      <Point><coordinates>-57.629842091293,-25.2842426488817</coordinates></Point>
  </Placemark>
  <Placemark id="inviduos_completos.251">
	<ExtendedData><SchemaData schemaUrl="#inviduos_completos">
		<SimpleData name="Nº">251.000000</SimpleData>
		<SimpleData name="Individuo">251.000000</SimpleData>
		<SimpleData name="X">436586.000000</SimpleData>
		<SimpleData name="Y">7203419.000000</SimpleData>
	</SchemaData></ExtendedData>
      <Point><coordinates>-57.6298723543249,-25.2843328236558</coordinates></Point>
  </Placemark>
  <Placemark id="inviduos_completos.252">
	<ExtendedData><SchemaData schemaUrl="#inviduos_completos">
		<SimpleData name="Nº">252.000000</SimpleData>
		<SimpleData name="Individuo">252.000000</SimpleData>
		<SimpleData name="X">436582.000000</SimpleData>
		<SimpleData name="Y">7203426.000000</SimpleData>
	</SchemaData></ExtendedData>
      <Point><coordinates>-57.6299117567503,-25.2842694426601</coordinates></Point>
  </Placemark>
  <Placemark id="inviduos_completos.253">
	<ExtendedData><SchemaData schemaUrl="#inviduos_completos">
		<SimpleData name="Nº">253.000000</SimpleData>
		<SimpleData name="Individuo">253.000000</SimpleData>
		<SimpleData name="X">436583.000000</SimpleData>
		<SimpleData name="Y">7203424.000000</SimpleData>
	</SchemaData></ExtendedData>
      <Point><coordinates>-57.6299019178076,-25.2842875454594</coordinates></Point>
  </Placemark>
  <Placemark id="inviduos_completos.254">
	<ExtendedData><SchemaData schemaUrl="#inviduos_completos">
		<SimpleData name="Nº">254.000000</SimpleData>
		<SimpleData name="Individuo">254.000000</SimpleData>
		<SimpleData name="X">436583.000000</SimpleData>
		<SimpleData name="Y">7203417.000000</SimpleData>
	</SchemaData></ExtendedData>
      <Point><coordinates>-57.6299022442849,-25.2843507568421</coordinates></Point>
  </Placemark>
  <Placemark id="inviduos_completos.255">
	<ExtendedData><SchemaData schemaUrl="#inviduos_completos">
		<SimpleData name="Nº">255.000000</SimpleData>
		<SimpleData name="Individuo">255.000000</SimpleData>
		<SimpleData name="X">436582.000000</SimpleData>
		<SimpleData name="Y">7203417.000000</SimpleData>
	</SchemaData></ExtendedData>
      <Point><coordinates>-57.6299121765132,-25.2843507144378</coordinates></Point>
  </Placemark>
  <Placemark id="inviduos_completos.256">
	<ExtendedData><SchemaData schemaUrl="#inviduos_completos">
		<SimpleData name="Nº">256.000000</SimpleData>
		<SimpleData name="Individuo">256.000000</SimpleData>
		<SimpleData name="X">436577.000000</SimpleData>
		<SimpleData name="Y">7203424.000000</SimpleData>
	</SchemaData></ExtendedData>
      <Point><coordinates>-57.6299615111462,-25.2842872910244</coordinates></Point>
  </Placemark>
  <Placemark id="inviduos_completos.257">
	<ExtendedData><SchemaData schemaUrl="#inviduos_completos">
		<SimpleData name="Nº">257.000000</SimpleData>
		<SimpleData name="Individuo">257.000000</SimpleData>
		<SimpleData name="X">436578.000000</SimpleData>
		<SimpleData name="Y">7203429.000000</SimpleData>
	</SchemaData></ExtendedData>
      <Point><coordinates>-57.6299513457074,-25.2842421824443</coordinates></Point>
  </Placemark>
  <Placemark id="inviduos_completos.258">
	<ExtendedData><SchemaData schemaUrl="#inviduos_completos">
		<SimpleData name="Nº">258.000000</SimpleData>
		<SimpleData name="Individuo">258.000000</SimpleData>
		<SimpleData name="X">436574.000000</SimpleData>
		<SimpleData name="Y">7203425.000000</SimpleData>
	</SchemaData></ExtendedData>
      <Point><coordinates>-57.629991261169,-25.2842781336005</coordinates></Point>
  </Placemark>
  <Placemark id="inviduos_completos.259">
	<ExtendedData><SchemaData schemaUrl="#inviduos_completos">
		<SimpleData name="Nº">259.000000</SimpleData>
		<SimpleData name="Individuo">259.000000</SimpleData>
		<SimpleData name="X">436577.000000</SimpleData>
		<SimpleData name="Y">7203421.000000</SimpleData>
	</SchemaData></ExtendedData>
      <Point><coordinates>-57.6299616510781,-25.2843143816168</coordinates></Point>
  </Placemark>
  <Placemark id="inviduos_completos.260">
	<ExtendedData><SchemaData schemaUrl="#inviduos_completos">
		<SimpleData name="Nº">260.000000</SimpleData>
		<SimpleData name="Individuo">260.000000</SimpleData>
		<SimpleData name="X">436584.000000</SimpleData>
		<SimpleData name="Y">7203416.000000</SimpleData>
	</SchemaData></ExtendedData>
      <Point><coordinates>-57.6298923586955,-25.2843598294432</coordinates></Point>
  </Placemark>
  <Placemark id="inviduos_completos.261">
	<ExtendedData><SchemaData schemaUrl="#inviduos_completos">
		<SimpleData name="Nº">261.000000</SimpleData>
		<SimpleData name="Individuo">261.000000</SimpleData>
		<SimpleData name="X">436587.000000</SimpleData>
		<SimpleData name="Y">7203435.000000</SimpleData>
	</SchemaData></ExtendedData>
      <Point><coordinates>-57.6298616759137,-25.2841883828945</coordinates></Point>
  </Placemark>
  <Placemark id="inviduos_completos.262">
	<ExtendedData><SchemaData schemaUrl="#inviduos_completos">
		<SimpleData name="Nº">262.000000</SimpleData>
		<SimpleData name="Individuo">262.000000</SimpleData>
		<SimpleData name="X">436580.000000</SimpleData>
		<SimpleData name="Y">7203437.000000</SimpleData>
	</SchemaData></ExtendedData>
      <Point><coordinates>-57.6299311081364,-25.2841700256762</coordinates></Point>
  </Placemark>
  <Placemark id="inviduos_completos.263">
	<ExtendedData><SchemaData schemaUrl="#inviduos_completos">
		<SimpleData name="Nº">263.000000</SimpleData>
		<SimpleData name="Individuo">263.000000</SimpleData>
		<SimpleData name="X">436582.000000</SimpleData>
		<SimpleData name="Y">7203436.000000</SimpleData>
	</SchemaData></ExtendedData>
      <Point><coordinates>-57.6299112903492,-25.2841791406837</coordinates></Point>
  </Placemark>
  <Placemark id="inviduos_completos.264">
	<ExtendedData><SchemaData schemaUrl="#inviduos_completos">
		<SimpleData name="Nº">264.000000</SimpleData>
		<SimpleData name="Individuo">264.000000</SimpleData>
		<SimpleData name="X">436579.000000</SimpleData>
		<SimpleData name="Y">7203435.000000</SimpleData>
	</SchemaData></ExtendedData>
      <Point><coordinates>-57.6299411336343,-25.2841880436655</coordinates></Point>
  </Placemark>
  <Placemark id="inviduos_completos.265">
	<ExtendedData><SchemaData schemaUrl="#inviduos_completos">
		<SimpleData name="Nº">265.000000</SimpleData>
		<SimpleData name="Individuo">265.000000</SimpleData>
		<SimpleData name="X">436573.000000</SimpleData>
		<SimpleData name="Y">7203429.000000</SimpleData>
	</SchemaData></ExtendedData>
      <Point><coordinates>-57.630001006804,-25.2842419704006</coordinates></Point>
  </Placemark>
  <Placemark id="inviduos_completos.266">
	<ExtendedData><SchemaData schemaUrl="#inviduos_completos">
		<SimpleData name="Nº">266.000000</SimpleData>
		<SimpleData name="Individuo">266.000000</SimpleData>
		<SimpleData name="X">436574.000000</SimpleData>
		<SimpleData name="Y">7203428.000000</SimpleData>
	</SchemaData></ExtendedData>
      <Point><coordinates>-57.6299911212308,-25.2842510430082</coordinates></Point>
  </Placemark>
  <Placemark id="inviduos_completos.267">
	<ExtendedData><SchemaData schemaUrl="#inviduos_completos">
		<SimpleData name="Nº">267.000000</SimpleData>
		<SimpleData name="Individuo">267.000000</SimpleData>
		<SimpleData name="X">436569.000000</SimpleData>
		<SimpleData name="Y">7203433.000000</SimpleData>
	</SchemaData></ExtendedData>
      <Point><coordinates>-57.6300405490822,-25.284205679964</coordinates></Point>
  </Placemark>
  <Placemark id="inviduos_completos.268">
	<ExtendedData><SchemaData schemaUrl="#inviduos_completos">
		<SimpleData name="Nº">268.000000</SimpleData>
		<SimpleData name="Individuo">268.000000</SimpleData>
		<SimpleData name="X">436577.000000</SimpleData>
		<SimpleData name="Y">7203438.000000</SimpleData>
	</SchemaData></ExtendedData>
      <Point><coordinates>-57.6299608581332,-25.2841608682588</coordinates></Point>
  </Placemark>
  <Placemark id="inviduos_completos.269">
	<ExtendedData><SchemaData schemaUrl="#inviduos_completos">
		<SimpleData name="Nº">269.000000</SimpleData>
		<SimpleData name="Individuo">269.000000</SimpleData>
		<SimpleData name="X">436571.000000</SimpleData>
		<SimpleData name="Y">7203441.000000</SimpleData>
	</SchemaData></ExtendedData>
      <Point><coordinates>-57.6300203114652,-25.2841335232086</coordinates></Point>
  </Placemark>
  <Placemark id="inviduos_completos.270">
	<ExtendedData><SchemaData schemaUrl="#inviduos_completos">
		<SimpleData name="Nº">270.000000</SimpleData>
		<SimpleData name="Individuo">270.000000</SimpleData>
		<SimpleData name="X">436560.000000</SimpleData>
		<SimpleData name="Y">7203440.000000</SimpleData>
	</SchemaData></ExtendedData>
      <Point><coordinates>-57.6301296124342,-25.2841420868385</coordinates></Point>
  </Placemark>
  <Placemark id="inviduos_completos.271">
	<ExtendedData><SchemaData schemaUrl="#inviduos_completos">
		<SimpleData name="Nº">271.000000</SimpleData>
		<SimpleData name="Individuo">271.000000</SimpleData>
		<SimpleData name="X">436566.000000</SimpleData>
		<SimpleData name="Y">7203431.000000</SimpleData>
	</SchemaData></ExtendedData>
      <Point><coordinates>-57.6300704390345,-25.2842236131167</coordinates></Point>
  </Placemark>
  <Placemark id="inviduos_completos.272">
	<ExtendedData><SchemaData schemaUrl="#inviduos_completos">
		<SimpleData name="Nº">272.000000</SimpleData>
		<SimpleData name="Individuo">272.000000</SimpleData>
		<SimpleData name="X">436563.000000</SimpleData>
		<SimpleData name="Y">7203440.000000</SimpleData>
	</SchemaData></ExtendedData>
      <Point><coordinates>-57.6300998158015,-25.2841422140922</coordinates></Point>
  </Placemark>
  <Placemark id="inviduos_completos.273">
	<ExtendedData><SchemaData schemaUrl="#inviduos_completos">
		<SimpleData name="Nº">273.000000</SimpleData>
		<SimpleData name="Individuo">273.000000</SimpleData>
		<SimpleData name="X">436567.000000</SimpleData>
		<SimpleData name="Y">7203447.000000</SimpleData>
	</SchemaData></ExtendedData>
      <Point><coordinates>-57.6300597604015,-25.2840791723719</coordinates></Point>
  </Placemark>
  <Placemark id="inviduos_completos.274">
	<ExtendedData><SchemaData schemaUrl="#inviduos_completos">
		<SimpleData name="Nº">274.000000</SimpleData>
		<SimpleData name="Individuo">274.000000</SimpleData>
		<SimpleData name="X">436566.000000</SimpleData>
		<SimpleData name="Y">7203449.000000</SimpleData>
	</SchemaData></ExtendedData>
      <Point><coordinates>-57.6300695993044,-25.2840610695624</coordinates></Point>
  </Placemark>
  <Placemark id="inviduos_completos.275">
	<ExtendedData><SchemaData schemaUrl="#inviduos_completos">
		<SimpleData name="Nº">275.000000</SimpleData>
		<SimpleData name="Individuo">275.000000</SimpleData>
		<SimpleData name="X">436562.000000</SimpleData>
		<SimpleData name="Y">7203445.000000</SimpleData>
	</SchemaData></ExtendedData>
      <Point><coordinates>-57.6301095147397,-25.2840970206879</coordinates></Point>
  </Placemark>
  <Placemark id="inviduos_completos.276">
	<ExtendedData><SchemaData schemaUrl="#inviduos_completos">
		<SimpleData name="Nº">276.000000</SimpleData>
		<SimpleData name="Individuo">276.000000</SimpleData>
		<SimpleData name="X">436563.000000</SimpleData>
		<SimpleData name="Y">7203449.000000</SimpleData>
	</SchemaData></ExtendedData>
      <Point><coordinates>-57.6300993959175,-25.2840609423151</coordinates></Point>
  </Placemark>
  <Placemark id="inviduos_completos.277">
	<ExtendedData><SchemaData schemaUrl="#inviduos_completos">
		<SimpleData name="Nº">277.000000</SimpleData>
		<SimpleData name="Individuo">277.000000</SimpleData>
		<SimpleData name="X">436565.000000</SimpleData>
		<SimpleData name="Y">7203445.000000</SimpleData>
	</SchemaData></ExtendedData>
      <Point><coordinates>-57.6300797181178,-25.2840971479374</coordinates></Point>
  </Placemark>
  <Placemark id="inviduos_completos.278">
	<ExtendedData><SchemaData schemaUrl="#inviduos_completos">
		<SimpleData name="Nº">278.000000</SimpleData>
		<SimpleData name="Individuo">278.000000</SimpleData>
		<SimpleData name="X">436558.000000</SimpleData>
		<SimpleData name="Y">7203451.000000</SimpleData>
	</SchemaData></ExtendedData>
      <Point><coordinates>-57.6301489636242,-25.2840426698281</coordinates></Point>
  </Placemark>
  <Placemark id="inviduos_completos.279">
	<ExtendedData><SchemaData schemaUrl="#inviduos_completos">
		<SimpleData name="Nº">279.000000</SimpleData>
		<SimpleData name="Individuo">279.000000</SimpleData>
		<SimpleData name="X">436558.000000</SimpleData>
		<SimpleData name="Y">7203449.000000</SimpleData>
	</SchemaData></ExtendedData>
      <Point><coordinates>-57.6301490569389,-25.284060730223</coordinates></Point>
  </Placemark>
  <Placemark id="inviduos_completos.280">
	<ExtendedData><SchemaData schemaUrl="#inviduos_completos">
		<SimpleData name="Nº">280.000000</SimpleData>
		<SimpleData name="Individuo">280.000000</SimpleData>
		<SimpleData name="X">436555.000000</SimpleData>
		<SimpleData name="Y">7203452.000000</SimpleData>
	</SchemaData></ExtendedData>
      <Point><coordinates>-57.6301787135729,-25.2840335123675</coordinates></Point>
  </Placemark>
  <Placemark id="inviduos_completos.281">
	<ExtendedData><SchemaData schemaUrl="#inviduos_completos">
		<SimpleData name="Nº">281.000000</SimpleData>
		<SimpleData name="Individuo">281.000000</SimpleData>
		<SimpleData name="X">436556.000000</SimpleData>
		<SimpleData name="Y">7203452.000000</SimpleData>
	</SchemaData></ExtendedData>
      <Point><coordinates>-57.6301687813709,-25.2840335547893</coordinates></Point>
  </Placemark>
  <Placemark id="inviduos_completos.282">
	<ExtendedData><SchemaData schemaUrl="#inviduos_completos">
		<SimpleData name="Nº">282.000000</SimpleData>
		<SimpleData name="Individuo">282.000000</SimpleData>
		<SimpleData name="X">436555.000000</SimpleData>
		<SimpleData name="Y">7203447.000000</SimpleData>
	</SchemaData></ExtendedData>
      <Point><coordinates>-57.6301789468706,-25.2840786633544</coordinates></Point>
  </Placemark>
  <Placemark id="inviduos_completos.283">
	<ExtendedData><SchemaData schemaUrl="#inviduos_completos">
		<SimpleData name="Nº">283.000000</SimpleData>
		<SimpleData name="Individuo">283.000000</SimpleData>
		<SimpleData name="X">436551.000000</SimpleData>
		<SimpleData name="Y">7203441.000000</SimpleData>
	</SchemaData></ExtendedData>
      <Point><coordinates>-57.6302189556686,-25.284132674844</coordinates></Point>
  </Placemark>
  <Placemark id="inviduos_completos.284">
	<ExtendedData><SchemaData schemaUrl="#inviduos_completos">
		<SimpleData name="Nº">284.000000</SimpleData>
		<SimpleData name="Individuo">284.000000</SimpleData>
		<SimpleData name="X">436562.000000</SimpleData>
		<SimpleData name="Y">7203437.000000</SimpleData>
	</SchemaData></ExtendedData>
      <Point><coordinates>-57.6301098879764,-25.2841692622671</coordinates></Point>
  </Placemark>
  <Placemark id="inviduos_completos.285">
	<ExtendedData><SchemaData schemaUrl="#inviduos_completos">
		<SimpleData name="Nº">285.000000</SimpleData>
		<SimpleData name="Individuo">285.000000</SimpleData>
		<SimpleData name="X">436564.000000</SimpleData>
		<SimpleData name="Y">7203434.000000</SimpleData>
	</SchemaData></ExtendedData>
      <Point><coordinates>-57.6300901635098,-25.2841964376932</coordinates></Point>
  </Placemark>
  <Placemark id="inviduos_completos.286">
	<ExtendedData><SchemaData schemaUrl="#inviduos_completos">
		<SimpleData name="Nº">286.000000</SimpleData>
		<SimpleData name="Individuo">286.000000</SimpleData>
		<SimpleData name="X">436572.000000</SimpleData>
		<SimpleData name="Y">7203431.000000</SimpleData>
	</SchemaData></ExtendedData>
      <Point><coordinates>-57.6300108457283,-25.284223867595</coordinates></Point>
  </Placemark>
  <Placemark id="inviduos_completos.287">
	<ExtendedData><SchemaData schemaUrl="#inviduos_completos">
		<SimpleData name="Nº">287.000000</SimpleData>
		<SimpleData name="Individuo">287.000000</SimpleData>
		<SimpleData name="X">436567.000000</SimpleData>
		<SimpleData name="Y">7203430.000000</SimpleData>
	</SchemaData></ExtendedData>
      <Point><coordinates>-57.630060553468,-25.2842326857287</coordinates></Point>
  </Placemark>
  <Placemark id="inviduos_completos.288">
	<ExtendedData><SchemaData schemaUrl="#inviduos_completos">
		<SimpleData name="Nº">288.000000</SimpleData>
		<SimpleData name="Individuo">288.000000</SimpleData>
		<SimpleData name="X">436569.000000</SimpleData>
		<SimpleData name="Y">7203424.000000</SimpleData>
	</SchemaData></ExtendedData>
      <Point><coordinates>-57.6300409689297,-25.2842869517404</coordinates></Point>
  </Placemark>
  <Placemark id="inviduos_completos.289">
	<ExtendedData><SchemaData schemaUrl="#inviduos_completos">
		<SimpleData name="Nº">289.000000</SimpleData>
		<SimpleData name="Individuo">289.000000</SimpleData>
		<SimpleData name="X">436562.000000</SimpleData>
		<SimpleData name="Y">7203431.000000</SimpleData>
	</SchemaData></ExtendedData>
      <Point><coordinates>-57.6301101679048,-25.2842234434511</coordinates></Point>
  </Placemark>
  <Placemark id="inviduos_completos.290">
	<ExtendedData><SchemaData schemaUrl="#inviduos_completos">
		<SimpleData name="Nº">290.000000</SimpleData>
		<SimpleData name="Individuo">290.000000</SimpleData>
		<SimpleData name="X">436552.000000</SimpleData>
		<SimpleData name="Y">7203437.000000</SimpleData>
	</SchemaData></ExtendedData>
      <Point><coordinates>-57.6302092101066,-25.2841688380574</coordinates></Point>
  </Placemark>
  <Placemark id="inviduos_completos.291">
	<ExtendedData><SchemaData schemaUrl="#inviduos_completos">
		<SimpleData name="Nº">291.000000</SimpleData>
		<SimpleData name="Individuo">291.000000</SimpleData>
		<SimpleData name="X">436558.000000</SimpleData>
		<SimpleData name="Y">7203425.000000</SimpleData>
	</SchemaData></ExtendedData>
      <Point><coordinates>-57.6301501767218,-25.2842774549579</coordinates></Point>
  </Placemark>
  <Placemark id="inviduos_completos.292">
	<ExtendedData><SchemaData schemaUrl="#inviduos_completos">
		<SimpleData name="Nº">292.000000</SimpleData>
		<SimpleData name="Individuo">292.000000</SimpleData>
		<SimpleData name="X">436556.000000</SimpleData>
		<SimpleData name="Y">7203430.000000</SimpleData>
	</SchemaData></ExtendedData>
      <Point><coordinates>-57.6301698078689,-25.2842322191298</coordinates></Point>
  </Placemark>
  <Placemark id="inviduos_completos.293">
	<ExtendedData><SchemaData schemaUrl="#inviduos_completos">
		<SimpleData name="Nº">293.000000</SimpleData>
		<SimpleData name="Individuo">293.000000</SimpleData>
		<SimpleData name="X">436557.000000</SimpleData>
		<SimpleData name="Y">7203425.000000</SimpleData>
	</SchemaData></ExtendedData>
      <Point><coordinates>-57.6301601089436,-25.2842774125371</coordinates></Point>
  </Placemark>
  <Placemark id="inviduos_completos.294">
	<ExtendedData><SchemaData schemaUrl="#inviduos_completos">
		<SimpleData name="Nº">294.000000</SimpleData>
		<SimpleData name="Individuo">294.000000</SimpleData>
		<SimpleData name="X">436553.000000</SimpleData>
		<SimpleData name="Y">7203427.000000</SimpleData>
	</SchemaData></ExtendedData>
      <Point><coordinates>-57.6301997445077,-25.2842591824528</coordinates></Point>
  </Placemark>
  <Placemark id="inviduos_completos.295">
	<ExtendedData><SchemaData schemaUrl="#inviduos_completos">
		<SimpleData name="Nº">295.000000</SimpleData>
		<SimpleData name="Individuo">295.000000</SimpleData>
		<SimpleData name="X">436556.000000</SimpleData>
		<SimpleData name="Y">7203427.000000</SimpleData>
	</SchemaData></ExtendedData>
      <Point><coordinates>-57.6301699478468,-25.2842593097213</coordinates></Point>
  </Placemark>
  <Placemark id="inviduos_completos.296">
	<ExtendedData><SchemaData schemaUrl="#inviduos_completos">
		<SimpleData name="Nº">296.000000</SimpleData>
		<SimpleData name="Individuo">296.000000</SimpleData>
		<SimpleData name="X">436558.000000</SimpleData>
		<SimpleData name="Y">7203420.000000</SimpleData>
	</SchemaData></ExtendedData>
      <Point><coordinates>-57.6301504100115,-25.2843226059435</coordinates></Point>
  </Placemark>
  <Placemark id="inviduos_completos.297">
	<ExtendedData><SchemaData schemaUrl="#inviduos_completos">
		<SimpleData name="Nº">297.000000</SimpleData>
		<SimpleData name="Individuo">297.000000</SimpleData>
		<SimpleData name="X">436561.000000</SimpleData>
		<SimpleData name="Y">7203420.000000</SimpleData>
	</SchemaData></ExtendedData>
      <Point><coordinates>-57.6301206133348,-25.2843227332023</coordinates></Point>
  </Placemark>
  <Placemark id="inviduos_completos.298">
	<ExtendedData><SchemaData schemaUrl="#inviduos_completos">
		<SimpleData name="Nº">298.000000</SimpleData>
		<SimpleData name="Individuo">298.000000</SimpleData>
		<SimpleData name="X">436560.000000</SimpleData>
		<SimpleData name="Y">7203422.000000</SimpleData>
	</SchemaData></ExtendedData>
      <Point><coordinates>-57.6301304522473,-25.2843046303891</coordinates></Point>
  </Placemark>
  <Placemark id="inviduos_completos.299">
	<ExtendedData><SchemaData schemaUrl="#inviduos_completos">
		<SimpleData name="Nº">299.000000</SimpleData>
		<SimpleData name="Individuo">299.000000</SimpleData>
		<SimpleData name="X">436560.000000</SimpleData>
		<SimpleData name="Y">7203415.000000</SimpleData>
	</SchemaData></ExtendedData>
      <Point><coordinates>-57.6301307788433,-25.2843678417689</coordinates></Point>
  </Placemark>
  <Placemark id="inviduos_completos.300">
	<ExtendedData><SchemaData schemaUrl="#inviduos_completos">
		<SimpleData name="Nº">300.000000</SimpleData>
		<SimpleData name="Individuo">300.000000</SimpleData>
		<SimpleData name="X">436556.000000</SimpleData>
		<SimpleData name="Y">7203414.000000</SimpleData>
	</SchemaData></ExtendedData>
      <Point><coordinates>-57.6301705544197,-25.2843767022832</coordinates></Point>
  </Placemark>
  <Placemark id="inviduos_completos.301">
	<ExtendedData><SchemaData schemaUrl="#inviduos_completos">
		<SimpleData name="Nº">301.000000</SimpleData>
		<SimpleData name="Individuo">301.000000</SimpleData>
		<SimpleData name="X">436551.000000</SimpleData>
		<SimpleData name="Y">7203378.000000</SimpleData>
	</SchemaData></ExtendedData>
      <Point><coordinates>-57.6302218954618,-25.2847015772462</coordinates></Point>
  </Placemark>
  <Placemark id="inviduos_completos.302">
	<ExtendedData><SchemaData schemaUrl="#inviduos_completos">
		<SimpleData name="Nº">302.000000</SimpleData>
		<SimpleData name="Individuo">302.000000</SimpleData>
		<SimpleData name="X">436552.000000</SimpleData>
		<SimpleData name="Y">7203401.000000</SimpleData>
	</SchemaData></ExtendedData>
      <Point><coordinates>-57.6302108899542,-25.2844939251488</coordinates></Point>
  </Placemark>
  <Placemark id="inviduos_completos.303">
	<ExtendedData><SchemaData schemaUrl="#inviduos_completos">
		<SimpleData name="Nº">303.000000</SimpleData>
		<SimpleData name="Individuo">303.000000</SimpleData>
		<SimpleData name="X">436553.000000</SimpleData>
		<SimpleData name="Y">7203401.000000</SimpleData>
	</SchemaData></ExtendedData>
      <Point><coordinates>-57.6302009577148,-25.2844939675734</coordinates></Point>
  </Placemark>
  <Placemark id="inviduos_completos.304">
	<ExtendedData><SchemaData schemaUrl="#inviduos_completos">
		<SimpleData name="Nº">304.000000</SimpleData>
		<SimpleData name="Individuo">304.000000</SimpleData>
		<SimpleData name="X">436557.000000</SimpleData>
		<SimpleData name="Y">7203397.000000</SimpleData>
	</SchemaData></ExtendedData>
      <Point><coordinates>-57.6301614153939,-25.2845302580525</coordinates></Point>
  </Placemark>
  <Placemark id="inviduos_completos.305">
	<ExtendedData><SchemaData schemaUrl="#inviduos_completos">
		<SimpleData name="Nº">305.000000</SimpleData>
		<SimpleData name="Individuo">305.000000</SimpleData>
		<SimpleData name="X">436558.000000</SimpleData>
		<SimpleData name="Y">7203394.000000</SimpleData>
	</SchemaData></ExtendedData>
      <Point><coordinates>-57.6301516231271,-25.2845573910643</coordinates></Point>
  </Placemark>
  <Placemark id="inviduos_completos.306">
	<ExtendedData><SchemaData schemaUrl="#inviduos_completos">
		<SimpleData name="Nº">306.000000</SimpleData>
		<SimpleData name="Individuo">306.000000</SimpleData>
		<SimpleData name="X">436558.000000</SimpleData>
		<SimpleData name="Y">7203393.000000</SimpleData>
	</SchemaData></ExtendedData>
      <Point><coordinates>-57.6301516697857,-25.2845664212611</coordinates></Point>
  </Placemark>
  <Placemark id="inviduos_completos.307">
	<ExtendedData><SchemaData schemaUrl="#inviduos_completos">
		<SimpleData name="Nº">307.000000</SimpleData>
		<SimpleData name="Individuo">307.000000</SimpleData>
		<SimpleData name="X">436560.000000</SimpleData>
		<SimpleData name="Y">7203405.000000</SimpleData>
	</SchemaData></ExtendedData>
      <Point><coordinates>-57.6301312454109,-25.2844581437391</coordinates></Point>
  </Placemark>
  <Placemark id="inviduos_completos.308">
	<ExtendedData><SchemaData schemaUrl="#inviduos_completos">
		<SimpleData name="Nº">308.000000</SimpleData>
		<SimpleData name="Individuo">308.000000</SimpleData>
		<SimpleData name="X">436561.000000</SimpleData>
		<SimpleData name="Y">7203408.000000</SimpleData>
	</SchemaData></ExtendedData>
      <Point><coordinates>-57.6301211732059,-25.2844310955673</coordinates></Point>
  </Placemark>
  <Placemark id="inviduos_completos.309">
	<ExtendedData><SchemaData schemaUrl="#inviduos_completos">
		<SimpleData name="Nº">309.000000</SimpleData>
		<SimpleData name="Individuo">309.000000</SimpleData>
		<SimpleData name="X">436572.000000</SimpleData>
		<SimpleData name="Y">7203406.000000</SimpleData>
	</SchemaData></ExtendedData>
      <Point><coordinates>-57.6300120119218,-25.2844496225281</coordinates></Point>
  </Placemark>
  <Placemark id="inviduos_completos.310">
	<ExtendedData><SchemaData schemaUrl="#inviduos_completos">
		<SimpleData name="Nº">310.000000</SimpleData>
		<SimpleData name="Individuo">310.000000</SimpleData>
		<SimpleData name="X">436567.000000</SimpleData>
		<SimpleData name="Y">7203395.000000</SimpleData>
	</SchemaData></ExtendedData>
      <Point><coordinates>-57.6300621862723,-25.2845487426297</coordinates></Point>
  </Placemark>
  <Placemark id="inviduos_completos.311">
	<ExtendedData><SchemaData schemaUrl="#inviduos_completos">
		<SimpleData name="Nº">311.000000</SimpleData>
		<SimpleData name="Individuo">311.000000</SimpleData>
		<SimpleData name="X">436568.000000</SimpleData>
		<SimpleData name="Y">7203393.000000</SimpleData>
	</SchemaData></ExtendedData>
      <Point><coordinates>-57.6300523473306,-25.2845668454383</coordinates></Point>
  </Placemark>
  <Placemark id="inviduos_completos.312">
	<ExtendedData><SchemaData schemaUrl="#inviduos_completos">
		<SimpleData name="Nº">312.000000</SimpleData>
		<SimpleData name="Individuo">312.000000</SimpleData>
		<SimpleData name="X">436579.000000</SimpleData>
		<SimpleData name="Y">7203400.000000</SimpleData>
	</SchemaData></ExtendedData>
      <Point><coordinates>-57.6299427661259,-25.2845041005757</coordinates></Point>
  </Placemark>
  <Placemark id="inviduos_completos.313">
	<ExtendedData><SchemaData schemaUrl="#inviduos_completos">
		<SimpleData name="Nº">313.000000</SimpleData>
		<SimpleData name="Individuo">313.000000</SimpleData>
		<SimpleData name="X">436574.000000</SimpleData>
		<SimpleData name="Y">7203405.000000</SimpleData>
	</SchemaData></ExtendedData>
      <Point><coordinates>-57.629992194096,-25.2844587375469</coordinates></Point>
  </Placemark>
  <Placemark id="inviduos_completos.314">
	<ExtendedData><SchemaData schemaUrl="#inviduos_completos">
		<SimpleData name="Nº">314.000000</SimpleData>
		<SimpleData name="Individuo">314.000000</SimpleData>
		<SimpleData name="X">436571.000000</SimpleData>
		<SimpleData name="Y">7203409.000000</SimpleData>
	</SchemaData></ExtendedData>
      <Point><coordinates>-57.6300218042118,-25.2844224895247</coordinates></Point>
  </Placemark>
  <Placemark id="inviduos_completos.315">
	<ExtendedData><SchemaData schemaUrl="#inviduos_completos">
		<SimpleData name="Nº">315.000000</SimpleData>
		<SimpleData name="Individuo">315.000000</SimpleData>
		<SimpleData name="X">436570.000000</SimpleData>
		<SimpleData name="Y">7203407.000000</SimpleData>
	</SchemaData></ExtendedData>
      <Point><coordinates>-57.6300318297446,-25.2844405075066</coordinates></Point>
  </Placemark>
  <Placemark id="inviduos_completos.316">
	<ExtendedData><SchemaData schemaUrl="#inviduos_completos">
		<SimpleData name="Nº">316.000000</SimpleData>
		<SimpleData name="Individuo">316.000000</SimpleData>
		<SimpleData name="X">436569.000000</SimpleData>
		<SimpleData name="Y">7203413.000000</SimpleData>
	</SchemaData></ExtendedData>
      <Point><coordinates>-57.6300414820791,-25.2843862839104</coordinates></Point>
  </Placemark>
  <Placemark id="inviduos_completos.317">
	<ExtendedData><SchemaData schemaUrl="#inviduos_completos">
		<SimpleData name="Nº">317.000000</SimpleData>
		<SimpleData name="Individuo">317.000000</SimpleData>
		<SimpleData name="X">436573.000000</SimpleData>
		<SimpleData name="Y">7203410.000000</SimpleData>
	</SchemaData></ExtendedData>
      <Point><coordinates>-57.6300018930967,-25.2844135441503</coordinates></Point>
  </Placemark>
  <Placemark id="inviduos_completos.318">
	<ExtendedData><SchemaData schemaUrl="#inviduos_completos">
		<SimpleData name="Nº">318.000000</SimpleData>
		<SimpleData name="Individuo">318.000000</SimpleData>
		<SimpleData name="X">436589.000000</SimpleData>
		<SimpleData name="Y">7203409.000000</SimpleData>
	</SchemaData></ExtendedData>
      <Point><coordinates>-57.6298430239975,-25.2844232528341</coordinates></Point>
  </Placemark>
  <Placemark id="inviduos_completos.319">
	<ExtendedData><SchemaData schemaUrl="#inviduos_completos">
		<SimpleData name="Nº">319.000000</SimpleData>
		<SimpleData name="Individuo">319.000000</SimpleData>
		<SimpleData name="X">436596.000000</SimpleData>
		<SimpleData name="Y">7203408.000000</SimpleData>
	</SchemaData></ExtendedData>
      <Point><coordinates>-57.629773544987,-25.2844325798158</coordinates></Point>
  </Placemark>
  <Placemark id="inviduos_completos.320">
	<ExtendedData><SchemaData schemaUrl="#inviduos_completos">
		<SimpleData name="Nº">320.000000</SimpleData>
		<SimpleData name="Individuo">320.000000</SimpleData>
		<SimpleData name="X">436593.000000</SimpleData>
		<SimpleData name="Y">7203400.000000</SimpleData>
	</SchemaData></ExtendedData>
      <Point><coordinates>-57.6298037147536,-25.2845046942068</coordinates></Point>
  </Placemark>
  <Placemark id="inviduos_completos.321">
	<ExtendedData><SchemaData schemaUrl="#inviduos_completos">
		<SimpleData name="Nº">321.000000</SimpleData>
		<SimpleData name="Individuo">321.000000</SimpleData>
		<SimpleData name="X">436593.000000</SimpleData>
		<SimpleData name="Y">7203395.000000</SimpleData>
	</SchemaData></ExtendedData>
      <Point><coordinates>-57.6298039479175,-25.2845498451941</coordinates></Point>
  </Placemark>
  <Placemark id="inviduos_completos.322">
	<ExtendedData><SchemaData schemaUrl="#inviduos_completos">
		<SimpleData name="Nº">322.000000</SimpleData>
		<SimpleData name="Individuo">322.000000</SimpleData>
		<SimpleData name="X">436596.000000</SimpleData>
		<SimpleData name="Y">7203399.000000</SimpleData>
	</SchemaData></ExtendedData>
      <Point><coordinates>-57.6297739646609,-25.284513851594</coordinates></Point>
  </Placemark>
  <Placemark id="inviduos_completos.323">
	<ExtendedData><SchemaData schemaUrl="#inviduos_completos">
		<SimpleData name="Nº">323.000000</SimpleData>
		<SimpleData name="Individuo">323.000000</SimpleData>
		<SimpleData name="X">436596.000000</SimpleData>
		<SimpleData name="Y">7203394.000000</SimpleData>
	</SchemaData></ExtendedData>
      <Point><coordinates>-57.6297741978138,-25.2845590025814</coordinates></Point>
  </Placemark>
  <Placemark id="inviduos_completos.324">
	<ExtendedData><SchemaData schemaUrl="#inviduos_completos">
		<SimpleData name="Nº">324.000000</SimpleData>
		<SimpleData name="Individuo">324.000000</SimpleData>
		<SimpleData name="X">436595.000000</SimpleData>
		<SimpleData name="Y">7203398.000000</SimpleData>
	</SchemaData></ExtendedData>
      <Point><coordinates>-57.629783943534,-25.2845228393956</coordinates></Point>
  </Placemark>
  <Placemark id="inviduos_completos.325">
	<ExtendedData><SchemaData schemaUrl="#inviduos_completos">
		<SimpleData name="Nº">325.000000</SimpleData>
		<SimpleData name="Individuo">325.000000</SimpleData>
		<SimpleData name="X">436591.000000</SimpleData>
		<SimpleData name="Y">7203401.000000</SimpleData>
	</SchemaData></ExtendedData>
      <Point><coordinates>-57.6298235326014,-25.2844955792129</coordinates></Point>
  </Placemark>
  <Placemark id="inviduos_completos.326">
	<ExtendedData><SchemaData schemaUrl="#inviduos_completos">
		<SimpleData name="Nº">326.000000</SimpleData>
		<SimpleData name="Individuo">326.000000</SimpleData>
		<SimpleData name="X">436590.000000</SimpleData>
		<SimpleData name="Y">7203405.000000</SimpleData>
	</SchemaData></ExtendedData>
      <Point><coordinates>-57.6298332783023,-25.2844594160239</coordinates></Point>
  </Placemark>
  <Placemark id="inviduos_completos.327">
	<ExtendedData><SchemaData schemaUrl="#inviduos_completos">
		<SimpleData name="Nº">327.000000</SimpleData>
		<SimpleData name="Individuo">327.000000</SimpleData>
		<SimpleData name="X">436584.000000</SimpleData>
		<SimpleData name="Y">7203404.000000</SimpleData>
	</SchemaData></ExtendedData>
      <Point><coordinates>-57.6298929183648,-25.2844681918125</coordinates></Point>
  </Placemark>
  <Placemark id="inviduos_completos.328">
	<ExtendedData><SchemaData schemaUrl="#inviduos_completos">
		<SimpleData name="Nº">328.000000</SimpleData>
		<SimpleData name="Individuo">328.000000</SimpleData>
		<SimpleData name="X">436585.000000</SimpleData>
		<SimpleData name="Y">7203403.000000</SimpleData>
	</SchemaData></ExtendedData>
      <Point><coordinates>-57.6298830327654,-25.284477264413</coordinates></Point>
  </Placemark>
  <Placemark id="inviduos_completos.329">
	<ExtendedData><SchemaData schemaUrl="#inviduos_completos">
		<SimpleData name="Nº">329.000000</SimpleData>
		<SimpleData name="Individuo">329.000000</SimpleData>
		<SimpleData name="X">436581.000000</SimpleData>
		<SimpleData name="Y">7203400.000000</SimpleData>
	</SchemaData></ExtendedData>
      <Point><coordinates>-57.6299229016444,-25.2845041853881</coordinates></Point>
  </Placemark>
  <Placemark id="inviduos_completos.330">
	<ExtendedData><SchemaData schemaUrl="#inviduos_completos">
		<SimpleData name="Nº">330.000000</SimpleData>
		<SimpleData name="Individuo">330.000000</SimpleData>
		<SimpleData name="X">436578.000000</SimpleData>
		<SimpleData name="Y">7203402.000000</SimpleData>
	</SchemaData></ExtendedData>
      <Point><coordinates>-57.6299526050791,-25.284485997774</coordinates></Point>
  </Placemark>
  <Placemark id="inviduos_completos.331">
	<ExtendedData><SchemaData schemaUrl="#inviduos_completos">
		<SimpleData name="Nº">331.000000</SimpleData>
		<SimpleData name="Individuo">331.000000</SimpleData>
		<SimpleData name="X">436585.000000</SimpleData>
		<SimpleData name="Y">7203393.000000</SimpleData>
	</SchemaData></ExtendedData>
      <Point><coordinates>-57.6298834991519,-25.2845675663862</coordinates></Point>
  </Placemark>
  <Placemark id="inviduos_completos.332">
	<ExtendedData><SchemaData schemaUrl="#inviduos_completos">
		<SimpleData name="Nº">332.000000</SimpleData>
		<SimpleData name="Individuo">332.000000</SimpleData>
		<SimpleData name="X">436583.000000</SimpleData>
		<SimpleData name="Y">7203393.000000</SimpleData>
	</SchemaData></ExtendedData>
      <Point><coordinates>-57.6299033636438,-25.2845674815788</coordinates></Point>
  </Placemark>
  <Placemark id="inviduos_completos.333">
	<ExtendedData><SchemaData schemaUrl="#inviduos_completos">
		<SimpleData name="Nº">333.000000</SimpleData>
		<SimpleData name="Individuo">333.000000</SimpleData>
		<SimpleData name="X">436542.000000</SimpleData>
		<SimpleData name="Y">7203445.000000</SimpleData>
	</SchemaData></ExtendedData>
      <Point><coordinates>-57.6303081588801,-25.2840961722044</coordinates></Point>
  </Placemark>
  <Placemark id="inviduos_completos.334">
	<ExtendedData><SchemaData schemaUrl="#inviduos_completos">
		<SimpleData name="Nº">334.000000</SimpleData>
		<SimpleData name="Individuo">334.000000</SimpleData>
		<SimpleData name="X">436544.000000</SimpleData>
		<SimpleData name="Y">7203443.000000</SimpleData>
	</SchemaData></ExtendedData>
      <Point><coordinates>-57.630288387802,-25.284114317459</coordinates></Point>
  </Placemark>
  <Placemark id="inviduos_completos.335">
	<ExtendedData><SchemaData schemaUrl="#inviduos_completos">
		<SimpleData name="Nº">335.000000</SimpleData>
		<SimpleData name="Individuo">335.000000</SimpleData>
		<SimpleData name="X">436543.000000</SimpleData>
		<SimpleData name="Y">7203443.000000</SimpleData>
	</SchemaData></ExtendedData>
      <Point><coordinates>-57.6302983200103,-25.2841142750291</coordinates></Point>
  </Placemark>
  <Placemark id="inviduos_completos.336">
	<ExtendedData><SchemaData schemaUrl="#inviduos_completos">
		<SimpleData name="Nº">336.000000</SimpleData>
		<SimpleData name="Individuo">336.000000</SimpleData>
		<SimpleData name="X">436543.000000</SimpleData>
		<SimpleData name="Y">7203438.000000</SimpleData>
	</SchemaData></ExtendedData>
      <Point><coordinates>-57.6302985533532,-25.2841594260144</coordinates></Point>
  </Placemark>
  <Placemark id="inviduos_completos.337">
	<ExtendedData><SchemaData schemaUrl="#inviduos_completos">
		<SimpleData name="Nº">337.000000</SimpleData>
		<SimpleData name="Individuo">337.000000</SimpleData>
		<SimpleData name="X">436547.000000</SimpleData>
		<SimpleData name="Y">7203440.000000</SimpleData>
	</SchemaData></ExtendedData>
      <Point><coordinates>-57.6302587311738,-25.2841415353361</coordinates></Point>
  </Placemark>
  <Placemark id="inviduos_completos.338">
	<ExtendedData><SchemaData schemaUrl="#inviduos_completos">
		<SimpleData name="Nº">338.000000</SimpleData>
		<SimpleData name="Individuo">338.000000</SimpleData>
		<SimpleData name="X">436551.000000</SimpleData>
		<SimpleData name="Y">7203440.000000</SimpleData>
	</SchemaData></ExtendedData>
      <Point><coordinates>-57.6302190023313,-25.2841417050412</coordinates></Point>
  </Placemark>
  <Placemark id="inviduos_completos.339">
	<ExtendedData><SchemaData schemaUrl="#inviduos_completos">
		<SimpleData name="Nº">339.000000</SimpleData>
		<SimpleData name="Individuo">339.000000</SimpleData>
		<SimpleData name="X">436545.000000</SimpleData>
		<SimpleData name="Y">7203422.000000</SimpleData>
	</SchemaData></ExtendedData>
      <Point><coordinates>-57.6302794356065,-25.2843039940255</coordinates></Point>
  </Placemark>
  <Placemark id="inviduos_completos.340">
	<ExtendedData><SchemaData schemaUrl="#inviduos_completos">
		<SimpleData name="Nº">340.000000</SimpleData>
		<SimpleData name="Individuo">340.000000</SimpleData>
		<SimpleData name="X">436537.000000</SimpleData>
		<SimpleData name="Y">7203435.000000</SimpleData>
	</SchemaData></ExtendedData>
      <Point><coordinates>-57.6303582866438,-25.2841862620113</coordinates></Point>
  </Placemark>
  <Placemark id="inviduos_completos.341">
	<ExtendedData><SchemaData schemaUrl="#inviduos_completos">
		<SimpleData name="Nº">341.000000</SimpleData>
		<SimpleData name="Individuo">341.000000</SimpleData>
		<SimpleData name="X">436536.000000</SimpleData>
		<SimpleData name="Y">7203431.000000</SimpleData>
	</SchemaData></ExtendedData>
      <Point><coordinates>-57.6303684055533,-25.284222340364</coordinates></Point>
  </Placemark>
  <Placemark id="inviduos_completos.342">
	<ExtendedData><SchemaData schemaUrl="#inviduos_completos">
		<SimpleData name="Nº">342.000000</SimpleData>
		<SimpleData name="Individuo">342.000000</SimpleData>
		<SimpleData name="X">436547.000000</SimpleData>
		<SimpleData name="Y">7203418.000000</SimpleData>
	</SchemaData></ExtendedData>
      <Point><coordinates>-57.6302597578233,-25.2843401996703</coordinates></Point>
  </Placemark>
  <Placemark id="inviduos_completos.343">
	<ExtendedData><SchemaData schemaUrl="#inviduos_completos">
		<SimpleData name="Nº">343.000000</SimpleData>
		<SimpleData name="Individuo">343.000000</SimpleData>
		<SimpleData name="X">436538.000000</SimpleData>
		<SimpleData name="Y">7203421.000000</SimpleData>
	</SchemaData></ExtendedData>
      <Point><coordinates>-57.6303490078451,-25.2843127272011</coordinates></Point>
  </Placemark>
  <Placemark id="inviduos_completos.344">
	<ExtendedData><SchemaData schemaUrl="#inviduos_completos">
		<SimpleData name="Nº">344.000000</SimpleData>
		<SimpleData name="Individuo">344.000000</SimpleData>
		<SimpleData name="X">436545.000000</SimpleData>
		<SimpleData name="Y">7203402.000000</SimpleData>
	</SchemaData></ExtendedData>
      <Point><coordinates>-57.6302803689613,-25.2844845979612</coordinates></Point>
  </Placemark>
  <Placemark id="inviduos_completos.345">
	<ExtendedData><SchemaData schemaUrl="#inviduos_completos">
		<SimpleData name="Nº">345.000000</SimpleData>
		<SimpleData name="Individuo">345.000000</SimpleData>
		<SimpleData name="X">436533.000000</SimpleData>
		<SimpleData name="Y">7203427.000000</SimpleData>
	</SchemaData></ExtendedData>
      <Point><coordinates>-57.6303983889089,-25.2842583338427</coordinates></Point>
  </Placemark>
  <Placemark id="inviduos_completos.346">
	<ExtendedData><SchemaData schemaUrl="#inviduos_completos">
		<SimpleData name="Nº">346.000000</SimpleData>
		<SimpleData name="Individuo">346.000000</SimpleData>
		<SimpleData name="X">436533.000000</SimpleData>
		<SimpleData name="Y">7203428.000000</SimpleData>
	</SchemaData></ExtendedData>
      <Point><coordinates>-57.6303983422326,-25.284249303646</coordinates></Point>
  </Placemark>
  <Placemark id="inviduos_completos.347">
	<ExtendedData><SchemaData schemaUrl="#inviduos_completos">
		<SimpleData name="Nº">347.000000</SimpleData>
		<SimpleData name="Individuo">347.000000</SimpleData>
		<SimpleData name="X">436537.000000</SimpleData>
		<SimpleData name="Y">7203427.000000</SimpleData>
	</SchemaData></ExtendedData>
      <Point><coordinates>-57.6303586600293,-25.2842585035861</coordinates></Point>
  </Placemark>
  <Placemark id="inviduos_completos.348">
	<ExtendedData><SchemaData schemaUrl="#inviduos_completos">
		<SimpleData name="Nº">348.000000</SimpleData>
		<SimpleData name="Individuo">348.000000</SimpleData>
		<SimpleData name="X">436528.000000</SimpleData>
		<SimpleData name="Y">7203429.000000</SimpleData>
	</SchemaData></ExtendedData>
      <Point><coordinates>-57.630447956648,-25.2842400612551</coordinates></Point>
  </Placemark>
  <Placemark id="inviduos_completos.349">
	<ExtendedData><SchemaData schemaUrl="#inviduos_completos">
		<SimpleData name="Nº">349.000000</SimpleData>
		<SimpleData name="Individuo">349.000000</SimpleData>
		<SimpleData name="X">436526.000000</SimpleData>
		<SimpleData name="Y">7203419.000000</SimpleData>
	</SchemaData></ExtendedData>
      <Point><coordinates>-57.6304682878988,-25.2843302783387</coordinates></Point>
  </Placemark>
  <Placemark id="inviduos_completos.350">
	<ExtendedData><SchemaData schemaUrl="#inviduos_completos">
		<SimpleData name="Nº">350.000000</SimpleData>
		<SimpleData name="Individuo">350.000000</SimpleData>
		<SimpleData name="X">436537.000000</SimpleData>
		<SimpleData name="Y">7203409.000000</SimpleData>
	</SchemaData></ExtendedData>
      <Point><coordinates>-57.6303595001521,-25.284421047127</coordinates></Point>
  </Placemark>
  <Placemark id="inviduos_completos.351">
	<ExtendedData><SchemaData schemaUrl="#inviduos_completos">
		<SimpleData name="Nº">351.000000</SimpleData>
		<SimpleData name="Individuo">351.000000</SimpleData>
		<SimpleData name="X">436535.000000</SimpleData>
		<SimpleData name="Y">7203408.000000</SimpleData>
	</SchemaData></ExtendedData>
      <Point><coordinates>-57.6303794112936,-25.2844299924526</coordinates></Point>
  </Placemark>
  <Placemark id="inviduos_completos.352">
	<ExtendedData><SchemaData schemaUrl="#inviduos_completos">
		<SimpleData name="Nº">352.000000</SimpleData>
		<SimpleData name="Individuo">352.000000</SimpleData>
		<SimpleData name="X">436529.000000</SimpleData>
		<SimpleData name="Y">7203410.000000</SimpleData>
	</SchemaData></ExtendedData>
      <Point><coordinates>-57.6304389113371,-25.2844116774305</coordinates></Point>
  </Placemark>
  <Placemark id="inviduos_completos.353">
	<ExtendedData><SchemaData schemaUrl="#inviduos_completos">
		<SimpleData name="Nº">353.000000</SimpleData>
		<SimpleData name="Individuo">353.000000</SimpleData>
		<SimpleData name="X">436531.000000</SimpleData>
		<SimpleData name="Y">7203414.000000</SimpleData>
	</SchemaData></ExtendedData>
      <Point><coordinates>-57.6304188601604,-25.2843756415233</coordinates></Point>
  </Placemark>
  <Placemark id="inviduos_completos.354">
	<ExtendedData><SchemaData schemaUrl="#inviduos_completos">
		<SimpleData name="Nº">354.000000</SimpleData>
		<SimpleData name="Individuo">354.000000</SimpleData>
		<SimpleData name="X">436536.000000</SimpleData>
		<SimpleData name="Y">7203411.000000</SimpleData>
	</SchemaData></ExtendedData>
      <Point><coordinates>-57.6303693390365,-25.2844029442986</coordinates></Point>
  </Placemark>
  <Placemark id="inviduos_completos.355">
	<ExtendedData><SchemaData schemaUrl="#inviduos_completos">
		<SimpleData name="Nº">355.000000</SimpleData>
		<SimpleData name="Individuo">355.000000</SimpleData>
		<SimpleData name="X">436529.000000</SimpleData>
		<SimpleData name="Y">7203408.000000</SimpleData>
	</SchemaData></ExtendedData>
      <Point><coordinates>-57.6304390046962,-25.2844297378235</coordinates></Point>
  </Placemark>
  <Placemark id="inviduos_completos.356">
	<ExtendedData><SchemaData schemaUrl="#inviduos_completos">
		<SimpleData name="Nº">356.000000</SimpleData>
		<SimpleData name="Individuo">356.000000</SimpleData>
		<SimpleData name="X">436521.000000</SimpleData>
		<SimpleData name="Y">7203409.000000</SimpleData>
	</SchemaData></ExtendedData>
      <Point><coordinates>-57.6305184158798,-25.2844203680842</coordinates></Point>
  </Placemark>
  <Placemark id="inviduos_completos.357">
	<ExtendedData><SchemaData schemaUrl="#inviduos_completos">
		<SimpleData name="Nº">357.000000</SimpleData>
		<SimpleData name="Individuo">357.000000</SimpleData>
		<SimpleData name="X">436535.000000</SimpleData>
		<SimpleData name="Y">7203401.000000</SimpleData>
	</SchemaData></ExtendedData>
      <Point><coordinates>-57.6303797380204,-25.2844932038283</coordinates></Point>
  </Placemark>
  <Placemark id="inviduos_completos.358">
	<ExtendedData><SchemaData schemaUrl="#inviduos_completos">
		<SimpleData name="Nº">358.000000</SimpleData>
		<SimpleData name="Individuo">358.000000</SimpleData>
		<SimpleData name="X">436520.000000</SimpleData>
		<SimpleData name="Y">7203403.000000</SimpleData>
	</SchemaData></ExtendedData>
      <Point><coordinates>-57.6305286282301,-25.2844745068161</coordinates></Point>
  </Placemark>
  <Placemark id="inviduos_completos.359">
	<ExtendedData><SchemaData schemaUrl="#inviduos_completos">
		<SimpleData name="Nº">359.000000</SimpleData>
		<SimpleData name="Individuo">359.000000</SimpleData>
		<SimpleData name="X">436525.000000</SimpleData>
		<SimpleData name="Y">7203395.000000</SimpleData>
	</SchemaData></ExtendedData>
      <Point><coordinates>-57.6304793405058,-25.2845469606095</coordinates></Point>
  </Placemark>
  <Placemark id="inviduos_completos.360">
	<ExtendedData><SchemaData schemaUrl="#inviduos_completos">
		<SimpleData name="Nº">360.000000</SimpleData>
		<SimpleData name="Individuo">360.000000</SimpleData>
		<SimpleData name="X">436525.000000</SimpleData>
		<SimpleData name="Y">7203389.000000</SimpleData>
	</SchemaData></ExtendedData>
      <Point><coordinates>-57.6304796206032,-25.2846011417869</coordinates></Point>
  </Placemark>
  <Placemark id="inviduos_completos.361">
	<ExtendedData><SchemaData schemaUrl="#inviduos_completos">
		<SimpleData name="Nº">361.000000</SimpleData>
		<SimpleData name="Individuo">361.000000</SimpleData>
		<SimpleData name="X">436521.000000</SimpleData>
		<SimpleData name="Y">7203385.000000</SimpleData>
	</SchemaData></ExtendedData>
      <Point><coordinates>-57.6305195363371,-25.2846370927931</coordinates></Point>
  </Placemark>
  <Placemark id="inviduos_completos.362">
	<ExtendedData><SchemaData schemaUrl="#inviduos_completos">
		<SimpleData name="Nº">362.000000</SimpleData>
		<SimpleData name="Individuo">362.000000</SimpleData>
		<SimpleData name="X">436516.000000</SimpleData>
		<SimpleData name="Y">7203387.000000</SimpleData>
	</SchemaData></ExtendedData>
      <Point><coordinates>-57.6305691042098,-25.2846188201631</coordinates></Point>
  </Placemark>
  <Placemark id="inviduos_completos.363">
	<ExtendedData><SchemaData schemaUrl="#inviduos_completos">
		<SimpleData name="Nº">363.000000</SimpleData>
		<SimpleData name="Individuo">363.000000</SimpleData>
		<SimpleData name="X">436517.000000</SimpleData>
		<SimpleData name="Y">7203393.000000</SimpleData>
	</SchemaData></ExtendedData>
      <Point><coordinates>-57.630558891828,-25.2845646814356</coordinates></Point>
  </Placemark>
  <Placemark id="inviduos_completos.364">
	<ExtendedData><SchemaData schemaUrl="#inviduos_completos">
		<SimpleData name="Nº">364.000000</SimpleData>
		<SimpleData name="Individuo">364.000000</SimpleData>
		<SimpleData name="X">436515.000000</SimpleData>
		<SimpleData name="Y">7203393.000000</SimpleData>
	</SchemaData></ExtendedData>
      <Point><coordinates>-57.6305787563169,-25.2845645965373</coordinates></Point>
  </Placemark>
  <Placemark id="inviduos_completos.365">
	<ExtendedData><SchemaData schemaUrl="#inviduos_completos">
		<SimpleData name="Nº">365.000000</SimpleData>
		<SimpleData name="Individuo">365.000000</SimpleData>
		<SimpleData name="X">436515.000000</SimpleData>
		<SimpleData name="Y">7203397.000000</SimpleData>
	</SchemaData></ExtendedData>
      <Point><coordinates>-57.6305785695561,-25.284528475753</coordinates></Point>
  </Placemark>
  <Placemark id="inviduos_completos.366">
	<ExtendedData><SchemaData schemaUrl="#inviduos_completos">
		<SimpleData name="Nº">366.000000</SimpleData>
		<SimpleData name="Individuo">366.000000</SimpleData>
		<SimpleData name="X">436553.000000</SimpleData>
		<SimpleData name="Y">7203386.000000</SimpleData>
	</SchemaData></ExtendedData>
      <Point><coordinates>-57.6302016576489,-25.2846294205242</coordinates></Point>
  </Placemark>
  <Placemark id="inviduos_completos.367">
	<ExtendedData><SchemaData schemaUrl="#inviduos_completos">
		<SimpleData name="Nº">367.000000</SimpleData>
		<SimpleData name="Individuo">367.000000</SimpleData>
		<SimpleData name="X">436552.000000</SimpleData>
		<SimpleData name="Y">7203396.000000</SimpleData>
	</SchemaData></ExtendedData>
      <Point><coordinates>-57.6302111232687,-25.2845390761326</coordinates></Point>
  </Placemark>
  <Placemark id="inviduos_completos.368">
	<ExtendedData><SchemaData schemaUrl="#inviduos_completos">
		<SimpleData name="Nº">368.000000</SimpleData>
		<SimpleData name="Individuo">368.000000</SimpleData>
		<SimpleData name="X">436551.000000</SimpleData>
		<SimpleData name="Y">7203395.000000</SimpleData>
	</SchemaData></ExtendedData>
      <Point><coordinates>-57.6302211021754,-25.2845480639039</coordinates></Point>
  </Placemark>
  <Placemark id="inviduos_completos.369">
	<ExtendedData><SchemaData schemaUrl="#inviduos_completos">
		<SimpleData name="Nº">369.000000</SimpleData>
		<SimpleData name="Individuo">369.000000</SimpleData>
		<SimpleData name="X">436551.000000</SimpleData>
		<SimpleData name="Y">7203399.000000</SimpleData>
	</SchemaData></ExtendedData>
      <Point><coordinates>-57.6302209155208,-25.2845119431171</coordinates></Point>
  </Placemark>
  <Placemark id="inviduos_completos.370">
	<ExtendedData><SchemaData schemaUrl="#inviduos_completos">
		<SimpleData name="Nº">370.000000</SimpleData>
		<SimpleData name="Individuo">370.000000</SimpleData>
		<SimpleData name="X">436546.000000</SimpleData>
		<SimpleData name="Y">7203404.000000</SimpleData>
	</SchemaData></ExtendedData>
      <Point><coordinates>-57.6302703433884,-25.2844665799971</coordinates></Point>
  </Placemark>
  <Placemark id="inviduos_completos.371">
	<ExtendedData><SchemaData schemaUrl="#inviduos_completos">
		<SimpleData name="Nº">371.000000</SimpleData>
		<SimpleData name="Individuo">371.000000</SimpleData>
		<SimpleData name="X">436541.000000</SimpleData>
		<SimpleData name="Y">7203407.000000</SimpleData>
	</SchemaData></ExtendedData>
      <Point><coordinates>-57.6303198645608,-25.2844392772543</coordinates></Point>
  </Placemark>
  <Placemark id="inviduos_completos.372">
	<ExtendedData><SchemaData schemaUrl="#inviduos_completos">
		<SimpleData name="Nº">372.000000</SimpleData>
		<SimpleData name="Individuo">372.000000</SimpleData>
		<SimpleData name="X">436544.000000</SimpleData>
		<SimpleData name="Y">7203395.000000</SimpleData>
	</SchemaData></ExtendedData>
      <Point><coordinates>-57.6302906278813,-25.2845477669076</coordinates></Point>
  </Placemark>
  <Placemark id="inviduos_completos.373">
	<ExtendedData><SchemaData schemaUrl="#inviduos_completos">
		<SimpleData name="Nº">373.000000</SimpleData>
		<SimpleData name="Individuo">373.000000</SimpleData>
		<SimpleData name="X">436545.000000</SimpleData>
		<SimpleData name="Y">7203390.000000</SimpleData>
	</SchemaData></ExtendedData>
      <Point><coordinates>-57.6302809289785,-25.2845929603205</coordinates></Point>
  </Placemark>
  <Placemark id="inviduos_completos.374">
	<ExtendedData><SchemaData schemaUrl="#inviduos_completos">
		<SimpleData name="Nº">374.000000</SimpleData>
		<SimpleData name="Individuo">374.000000</SimpleData>
		<SimpleData name="X">436548.000000</SimpleData>
		<SimpleData name="Y">7203393.000000</SimpleData>
	</SchemaData></ExtendedData>
      <Point><coordinates>-57.6302509922385,-25.2845659970171</coordinates></Point>
  </Placemark>
  <Placemark id="inviduos_completos.375">
	<ExtendedData><SchemaData schemaUrl="#inviduos_completos">
		<SimpleData name="Nº">375.000000</SimpleData>
		<SimpleData name="Individuo">375.000000</SimpleData>
		<SimpleData name="X">436554.000000</SimpleData>
		<SimpleData name="Y">7203387.000000</SimpleData>
	</SchemaData></ExtendedData>
      <Point><coordinates>-57.6301916787368,-25.2846204327517</coordinates></Point>
  </Placemark>
  <Placemark id="inviduos_completos.376">
	<ExtendedData><SchemaData schemaUrl="#inviduos_completos">
		<SimpleData name="Nº">376.000000</SimpleData>
		<SimpleData name="Individuo">376.000000</SimpleData>
		<SimpleData name="X">436542.000000</SimpleData>
		<SimpleData name="Y">7203391.000000</SimpleData>
	</SchemaData></ExtendedData>
      <Point><coordinates>-57.6303106790499,-25.2845838028316</coordinates></Point>
  </Placemark>
  <Placemark id="inviduos_completos.377">
	<ExtendedData><SchemaData schemaUrl="#inviduos_completos">
		<SimpleData name="Nº">377.000000</SimpleData>
		<SimpleData name="Individuo">377.000000</SimpleData>
		<SimpleData name="X">436538.000000</SimpleData>
		<SimpleData name="Y">7203393.000000</SimpleData>
	</SchemaData></ExtendedData>
      <Point><coordinates>-57.6303503146891,-25.2845655727062</coordinates></Point>
  </Placemark>
  <Placemark id="inviduos_completos.378">
	<ExtendedData><SchemaData schemaUrl="#inviduos_completos">
		<SimpleData name="Nº">378.000000</SimpleData>
		<SimpleData name="Individuo">378.000000</SimpleData>
		<SimpleData name="X">436534.000000</SimpleData>
		<SimpleData name="Y">7203392.000000</SimpleData>
	</SchemaData></ExtendedData>
      <Point><coordinates>-57.630390090345,-25.2845744331595</coordinates></Point>
  </Placemark>
  <Placemark id="inviduos_completos.379">
	<ExtendedData><SchemaData schemaUrl="#inviduos_completos">
		<SimpleData name="Nº">379.000000</SimpleData>
		<SimpleData name="Individuo">379.000000</SimpleData>
		<SimpleData name="X">436533.000000</SimpleData>
		<SimpleData name="Y">7203399.000000</SimpleData>
	</SchemaData></ExtendedData>
      <Point><coordinates>-57.630399695852,-25.2845111793472</coordinates></Point>
  </Placemark>
  <Placemark id="inviduos_completos.380">
	<ExtendedData><SchemaData schemaUrl="#inviduos_completos">
		<SimpleData name="Nº">380.000000</SimpleData>
		<SimpleData name="Individuo">380.000000</SimpleData>
		<SimpleData name="X">436540.000000</SimpleData>
		<SimpleData name="Y">7203387.000000</SimpleData>
	</SchemaData></ExtendedData>
      <Point><coordinates>-57.6303307302306,-25.2846198387524</coordinates></Point>
  </Placemark>
  <Placemark id="inviduos_completos.381">
	<ExtendedData><SchemaData schemaUrl="#inviduos_completos">
		<SimpleData name="Nº">381.000000</SimpleData>
		<SimpleData name="Individuo">381.000000</SimpleData>
		<SimpleData name="X">436540.000000</SimpleData>
		<SimpleData name="Y">7203384.000000</SimpleData>
	</SchemaData></ExtendedData>
      <Point><coordinates>-57.6303308702467,-25.2846469293416</coordinates></Point>
  </Placemark>
  <Placemark id="inviduos_completos.382">
	<ExtendedData><SchemaData schemaUrl="#inviduos_completos">
		<SimpleData name="Nº">382.000000</SimpleData>
		<SimpleData name="Individuo">382.000000</SimpleData>
		<SimpleData name="X">436538.000000</SimpleData>
		<SimpleData name="Y">7203385.000000</SimpleData>
	</SchemaData></ExtendedData>
      <Point><coordinates>-57.6303506880763,-25.2846378142774</coordinates></Point>
  </Placemark>
  <Placemark id="inviduos_completos.383">
	<ExtendedData><SchemaData schemaUrl="#inviduos_completos">
		<SimpleData name="Nº">383.000000</SimpleData>
		<SimpleData name="Individuo">383.000000</SimpleData>
		<SimpleData name="X">436536.000000</SimpleData>
		<SimpleData name="Y">7203379.000000</SimpleData>
	</SchemaData></ExtendedData>
      <Point><coordinates>-57.6303708326281,-25.2846919105847</coordinates></Point>
  </Placemark>
  <Placemark id="inviduos_completos.384">
	<ExtendedData><SchemaData schemaUrl="#inviduos_completos">
		<SimpleData name="Nº">384.000000</SimpleData>
		<SimpleData name="Individuo">384.000000</SimpleData>
		<SimpleData name="X">436534.000000</SimpleData>
		<SimpleData name="Y">7203384.000000</SimpleData>
	</SchemaData></ExtendedData>
      <Point><coordinates>-57.6303904637559,-25.2846466747301</coordinates></Point>
  </Placemark>
  <Placemark id="inviduos_completos.385">
	<ExtendedData><SchemaData schemaUrl="#inviduos_completos">
		<SimpleData name="Nº">385.000000</SimpleData>
		<SimpleData name="Individuo">385.000000</SimpleData>
		<SimpleData name="X">436529.000000</SimpleData>
		<SimpleData name="Y">7203385.000000</SimpleData>
	</SchemaData></ExtendedData>
      <Point><coordinates>-57.6304400783329,-25.2846374323392</coordinates></Point>
  </Placemark>
  <Placemark id="inviduos_completos.386">
	<ExtendedData><SchemaData schemaUrl="#inviduos_completos">
		<SimpleData name="Nº">386.000000</SimpleData>
		<SimpleData name="Individuo">386.000000</SimpleData>
		<SimpleData name="X">436514.000000</SimpleData>
		<SimpleData name="Y">7203385.000000</SimpleData>
	</SchemaData></ExtendedData>
      <Point><coordinates>-57.6305890620897,-25.2846367956552</coordinates></Point>
  </Placemark>
  <Placemark id="inviduos_completos.387">
	<ExtendedData><SchemaData schemaUrl="#inviduos_completos">
		<SimpleData name="Nº">387.000000</SimpleData>
		<SimpleData name="Individuo">387.000000</SimpleData>
		<SimpleData name="X">436514.000000</SimpleData>
		<SimpleData name="Y">7203384.000000</SimpleData>
	</SchemaData></ExtendedData>
      <Point><coordinates>-57.6305891087809,-25.2846458258511</coordinates></Point>
  </Placemark>
  <Placemark id="inviduos_completos.388">
	<ExtendedData><SchemaData schemaUrl="#inviduos_completos">
		<SimpleData name="Nº">388.000000</SimpleData>
		<SimpleData name="Individuo">388.000000</SimpleData>
		<SimpleData name="X">436515.000000</SimpleData>
		<SimpleData name="Y">7203384.000000</SimpleData>
	</SchemaData></ExtendedData>
      <Point><coordinates>-57.6305791765298,-25.2846458683014</coordinates></Point>
  </Placemark>
  <Placemark id="inviduos_completos.389">
	<ExtendedData><SchemaData schemaUrl="#inviduos_completos">
		<SimpleData name="Nº">389.000000</SimpleData>
		<SimpleData name="Individuo">389.000000</SimpleData>
		<SimpleData name="X">436508.000000</SimpleData>
		<SimpleData name="Y">7203389.000000</SimpleData>
	</SchemaData></ExtendedData>
      <Point><coordinates>-57.630648468809,-25.284600420156</coordinates></Point>
  </Placemark>
  <Placemark id="inviduos_completos.390">
	<ExtendedData><SchemaData schemaUrl="#inviduos_completos">
		<SimpleData name="Nº">390.000000</SimpleData>
		<SimpleData name="Individuo">390.000000</SimpleData>
		<SimpleData name="X">436507.000000</SimpleData>
		<SimpleData name="Y">7203390.000000</SimpleData>
	</SchemaData></ExtendedData>
      <Point><coordinates>-57.63065835436,-25.2845913475052</coordinates></Point>
  </Placemark>
  <Placemark id="inviduos_completos.391">
	<ExtendedData><SchemaData schemaUrl="#inviduos_completos">
		<SimpleData name="Nº">391.000000</SimpleData>
		<SimpleData name="Individuo">391.000000</SimpleData>
		<SimpleData name="X">436513.000000</SimpleData>
		<SimpleData name="Y">7203381.000000</SimpleData>
	</SchemaData></ExtendedData>
      <Point><coordinates>-57.6305991811077,-25.2846728739878</coordinates></Point>
  </Placemark>
  <Placemark id="inviduos_completos.392">
	<ExtendedData><SchemaData schemaUrl="#inviduos_completos">
		<SimpleData name="Nº">392.000000</SimpleData>
		<SimpleData name="Individuo">392.000000</SimpleData>
		<SimpleData name="X">436511.000000</SimpleData>
		<SimpleData name="Y">7203383.000000</SimpleData>
	</SchemaData></ExtendedData>
      <Point><coordinates>-57.6306189522272,-25.2846547286921</coordinates></Point>
  </Placemark>
  <Placemark id="inviduos_completos.393">
	<ExtendedData><SchemaData schemaUrl="#inviduos_completos">
		<SimpleData name="Nº">393.000000</SimpleData>
		<SimpleData name="Individuo">393.000000</SimpleData>
		<SimpleData name="X">436509.000000</SimpleData>
		<SimpleData name="Y">7203382.000000</SimpleData>
	</SchemaData></ExtendedData>
      <Point><coordinates>-57.6306388634254,-25.2846636739813</coordinates></Point>
  </Placemark>
  <Placemark id="inviduos_completos.394">
	<ExtendedData><SchemaData schemaUrl="#inviduos_completos">
		<SimpleData name="Nº">394.000000</SimpleData>
		<SimpleData name="Individuo">394.000000</SimpleData>
		<SimpleData name="X">436512.000000</SimpleData>
		<SimpleData name="Y">7203382.000000</SimpleData>
	</SchemaData></ExtendedData>
      <Point><coordinates>-57.6306090666682,-25.2846638013403</coordinates></Point>
  </Placemark>
  <Placemark id="inviduos_completos.395">
	<ExtendedData><SchemaData schemaUrl="#inviduos_completos">
		<SimpleData name="Nº">395.000000</SimpleData>
		<SimpleData name="Individuo">395.000000</SimpleData>
		<SimpleData name="X">436502.000000</SimpleData>
		<SimpleData name="Y">7203383.000000</SimpleData>
	</SchemaData></ExtendedData>
      <Point><coordinates>-57.6307083424915,-25.2846543465911</coordinates></Point>
  </Placemark>
  <Placemark id="inviduos_completos.396">
	<ExtendedData><SchemaData schemaUrl="#inviduos_completos">
		<SimpleData name="Nº">396.000000</SimpleData>
		<SimpleData name="Individuo">396.000000</SimpleData>
		<SimpleData name="X">436502.000000</SimpleData>
		<SimpleData name="Y">7203378.000000</SimpleData>
	</SchemaData></ExtendedData>
      <Point><coordinates>-57.6307085759918,-25.2846994975695</coordinates></Point>
  </Placemark>
  <Placemark id="inviduos_completos.397">
	<ExtendedData><SchemaData schemaUrl="#inviduos_completos">
		<SimpleData name="Nº">397.000000</SimpleData>
		<SimpleData name="Individuo">397.000000</SimpleData>
		<SimpleData name="X">436502.000000</SimpleData>
		<SimpleData name="Y">7203382.000000</SimpleData>
	</SchemaData></ExtendedData>
      <Point><coordinates>-57.6307083891915,-25.2846633767868</coordinates></Point>
  </Placemark>
  <Placemark id="inviduos_completos.398">
	<ExtendedData><SchemaData schemaUrl="#inviduos_completos">
		<SimpleData name="Nº">398.000000</SimpleData>
		<SimpleData name="Individuo">398.000000</SimpleData>
		<SimpleData name="X">436502.000000</SimpleData>
		<SimpleData name="Y">7203376.000000</SimpleData>
	</SchemaData></ExtendedData>
      <Point><coordinates>-57.6307086693921,-25.2847175579609</coordinates></Point>
  </Placemark>
  <Placemark id="inviduos_completos.399">
	<ExtendedData><SchemaData schemaUrl="#inviduos_completos">
		<SimpleData name="Nº">399.000000</SimpleData>
		<SimpleData name="Individuo">399.000000</SimpleData>
		<SimpleData name="X">436502.000000</SimpleData>
		<SimpleData name="Y">7203378.000000</SimpleData>
	</SchemaData></ExtendedData>
      <Point><coordinates>-57.6307085759918,-25.2846994975695</coordinates></Point>
  </Placemark>
  <Placemark id="inviduos_completos.400">
	<ExtendedData><SchemaData schemaUrl="#inviduos_completos">
		<SimpleData name="Nº">400.000000</SimpleData>
		<SimpleData name="Individuo">400.000000</SimpleData>
		<SimpleData name="X">436505.000000</SimpleData>
		<SimpleData name="Y">7203375.000000</SimpleData>
	</SchemaData></ExtendedData>
      <Point><coordinates>-57.6306789193201,-25.2847267155299</coordinates></Point>
  </Placemark>
  <Placemark id="inviduos_completos.401">
	<ExtendedData><SchemaData schemaUrl="#inviduos_completos">
		<SimpleData name="Nº">401.000000</SimpleData>
		<SimpleData name="Individuo">401.000000</SimpleData>
		<SimpleData name="X">436498.000000</SimpleData>
		<SimpleData name="Y">7203370.000000</SimpleData>
	</SchemaData></ExtendedData>
      <Point><coordinates>-57.6307486786375,-25.2847715692936</coordinates></Point>
  </Placemark>
  <Placemark id="inviduos_completos.402">
	<ExtendedData><SchemaData schemaUrl="#inviduos_completos">
		<SimpleData name="Nº">402.000000</SimpleData>
		<SimpleData name="Individuo">402.000000</SimpleData>
		<SimpleData name="X">436497.000000</SimpleData>
		<SimpleData name="Y">7203369.000000</SimpleData>
	</SchemaData></ExtendedData>
      <Point><coordinates>-57.6307586576025,-25.2847805570271</coordinates></Point>
  </Placemark>
  <Placemark id="inviduos_completos.403">
	<ExtendedData><SchemaData schemaUrl="#inviduos_completos">
		<SimpleData name="Nº">403.000000</SimpleData>
		<SimpleData name="Individuo">403.000000</SimpleData>
		<SimpleData name="X">436499.000000</SimpleData>
		<SimpleData name="Y">7203370.000000</SimpleData>
	</SchemaData></ExtendedData>
      <Point><coordinates>-57.6307387463766,-25.2847716117548</coordinates></Point>
  </Placemark>
  <Placemark id="inviduos_completos.404">
	<ExtendedData><SchemaData schemaUrl="#inviduos_completos">
		<SimpleData name="Nº">404.000000</SimpleData>
		<SimpleData name="Individuo">404.000000</SimpleData>
		<SimpleData name="X">436499.000000</SimpleData>
		<SimpleData name="Y">7203369.000000</SimpleData>
	</SchemaData></ExtendedData>
      <Point><coordinates>-57.6307387930791,-25.2847806419503</coordinates></Point>
  </Placemark>
  <Placemark id="inviduos_completos.405">
	<ExtendedData><SchemaData schemaUrl="#inviduos_completos">
		<SimpleData name="Nº">405.000000</SimpleData>
		<SimpleData name="Individuo">405.000000</SimpleData>
		<SimpleData name="X">436498.000000</SimpleData>
		<SimpleData name="Y">7203372.000000</SimpleData>
	</SchemaData></ExtendedData>
      <Point><coordinates>-57.6307485852311,-25.2847535089025</coordinates></Point>
  </Placemark>
  <Placemark id="inviduos_completos.406">
	<ExtendedData><SchemaData schemaUrl="#inviduos_completos">
		<SimpleData name="Nº">406.000000</SimpleData>
		<SimpleData name="Individuo">406.000000</SimpleData>
		<SimpleData name="X">436500.000000</SimpleData>
		<SimpleData name="Y">7203372.000000</SimpleData>
	</SchemaData></ExtendedData>
      <Point><coordinates>-57.6307287207121,-25.2847535938243</coordinates></Point>
  </Placemark>
  <Placemark id="inviduos_completos.407">
	<ExtendedData><SchemaData schemaUrl="#inviduos_completos">
		<SimpleData name="Nº">407.000000</SimpleData>
		<SimpleData name="Individuo">407.000000</SimpleData>
		<SimpleData name="X">436499.000000</SimpleData>
		<SimpleData name="Y">7203370.000000</SimpleData>
	</SchemaData></ExtendedData>
      <Point><coordinates>-57.6307387463766,-25.2847716117548</coordinates></Point>
  </Placemark>
  <Placemark id="inviduos_completos.408">
	<ExtendedData><SchemaData schemaUrl="#inviduos_completos">
		<SimpleData name="Nº">408.000000</SimpleData>
		<SimpleData name="Individuo">408.000000</SimpleData>
		<SimpleData name="X">436498.000000</SimpleData>
		<SimpleData name="Y">7203363.000000</SimpleData>
	</SchemaData></ExtendedData>
      <Point><coordinates>-57.6307490055608,-25.2848347806618</coordinates></Point>
  </Placemark>
  <Placemark id="inviduos_completos.409">
	<ExtendedData><SchemaData schemaUrl="#inviduos_completos">
		<SimpleData name="Nº">409.000000</SimpleData>
		<SimpleData name="Individuo">409.000000</SimpleData>
		<SimpleData name="X">436509.000000</SimpleData>
		<SimpleData name="Y">7203374.000000</SimpleData>
	</SchemaData></ExtendedData>
      <Point><coordinates>-57.6306392369852,-25.2847359155475</coordinates></Point>
  </Placemark>
  <Placemark id="inviduos_completos.410">
	<ExtendedData><SchemaData schemaUrl="#inviduos_completos">
		<SimpleData name="Nº">410.000000</SimpleData>
		<SimpleData name="Individuo">410.000000</SimpleData>
		<SimpleData name="X">436507.000000</SimpleData>
		<SimpleData name="Y">7203365.000000</SimpleData>
	</SchemaData></ExtendedData>
      <Point><coordinates>-57.6306595217714,-25.2848171023988</coordinates></Point>
  </Placemark>
  <Placemark id="inviduos_completos.411">
	<ExtendedData><SchemaData schemaUrl="#inviduos_completos">
		<SimpleData name="Nº">411.000000</SimpleData>
		<SimpleData name="Individuo">411.000000</SimpleData>
		<SimpleData name="X">436506.000000</SimpleData>
		<SimpleData name="Y">7203364.000000</SimpleData>
	</SchemaData></ExtendedData>
      <Point><coordinates>-57.6306695007337,-25.2848260901384</coordinates></Point>
  </Placemark>
  <Placemark id="inviduos_completos.412">
	<ExtendedData><SchemaData schemaUrl="#inviduos_completos">
		<SimpleData name="Nº">412.000000</SimpleData>
		<SimpleData name="Individuo">412.000000</SimpleData>
		<SimpleData name="X">436502.000000</SimpleData>
		<SimpleData name="Y">7203360.000000</SimpleData>
	</SchemaData></ExtendedData>
      <Point><coordinates>-57.6307094165977,-25.2848620410897</coordinates></Point>
  </Placemark>
  <Placemark id="inviduos_completos.413">
	<ExtendedData><SchemaData schemaUrl="#inviduos_completos">
		<SimpleData name="Nº">413.000000</SimpleData>
		<SimpleData name="Individuo">413.000000</SimpleData>
		<SimpleData name="X">436501.000000</SimpleData>
		<SimpleData name="Y">7203359.000000</SimpleData>
	</SchemaData></ExtendedData>
      <Point><coordinates>-57.6307193955673,-25.2848710288257</coordinates></Point>
  </Placemark>
  <Placemark id="inviduos_completos.414">
	<ExtendedData><SchemaData schemaUrl="#inviduos_completos">
		<SimpleData name="Nº">414.000000</SimpleData>
		<SimpleData name="Individuo">414.000000</SimpleData>
		<SimpleData name="X">436500.000000</SimpleData>
		<SimpleData name="Y">7203362.000000</SimpleData>
	</SchemaData></ExtendedData>
      <Point><coordinates>-57.6307291877305,-25.2848438957793</coordinates></Point>
  </Placemark>
  <Placemark id="inviduos_completos.415">
	<ExtendedData><SchemaData schemaUrl="#inviduos_completos">
		<SimpleData name="Nº">415.000000</SimpleData>
		<SimpleData name="Individuo">415.000000</SimpleData>
		<SimpleData name="X">436500.000000</SimpleData>
		<SimpleData name="Y">7203365.000000</SimpleData>
	</SchemaData></ExtendedData>
      <Point><coordinates>-57.6307290476247,-25.2848168051929</coordinates></Point>
  </Placemark>
  <Placemark id="inviduos_completos.416">
	<ExtendedData><SchemaData schemaUrl="#inviduos_completos">
		<SimpleData name="Nº">416.000000</SimpleData>
		<SimpleData name="Individuo">416.000000</SimpleData>
		<SimpleData name="X">436497.000000</SimpleData>
		<SimpleData name="Y">7203366.000000</SimpleData>
	</SchemaData></ExtendedData>
      <Point><coordinates>-57.6307587977146,-25.2848076476135</coordinates></Point>
  </Placemark>
  <Placemark id="inviduos_completos.417">
	<ExtendedData><SchemaData schemaUrl="#inviduos_completos">
		<SimpleData name="Nº">417.000000</SimpleData>
		<SimpleData name="Individuo">417.000000</SimpleData>
		<SimpleData name="X">436498.000000</SimpleData>
		<SimpleData name="Y">7203361.000000</SimpleData>
	</SchemaData></ExtendedData>
      <Point><coordinates>-57.6307490989676,-25.2848528410527</coordinates></Point>
  </Placemark>
  <Placemark id="inviduos_completos.418">
	<ExtendedData><SchemaData schemaUrl="#inviduos_completos">
		<SimpleData name="Nº">418.000000</SimpleData>
		<SimpleData name="Individuo">418.000000</SimpleData>
		<SimpleData name="X">436495.000000</SimpleData>
		<SimpleData name="Y">7203366.000000</SimpleData>
	</SchemaData></ExtendedData>
      <Point><coordinates>-57.6307786622423,-25.2848075626876</coordinates></Point>
  </Placemark>
  <Placemark id="inviduos_completos.419">
	<ExtendedData><SchemaData schemaUrl="#inviduos_completos">
		<SimpleData name="Nº">419.000000</SimpleData>
		<SimpleData name="Individuo">419.000000</SimpleData>
		<SimpleData name="X">436494.000000</SimpleData>
		<SimpleData name="Y">7203364.000000</SimpleData>
	</SchemaData></ExtendedData>
      <Point><coordinates>-57.6307886879187,-25.2848255806144</coordinates></Point>
  </Placemark>
  <Placemark id="inviduos_completos.420">
	<ExtendedData><SchemaData schemaUrl="#inviduos_completos">
		<SimpleData name="Nº">420.000000</SimpleData>
		<SimpleData name="Individuo">420.000000</SimpleData>
		<SimpleData name="X">436495.000000</SimpleData>
		<SimpleData name="Y">7203367.000000</SimpleData>
	</SchemaData></ExtendedData>
      <Point><coordinates>-57.6307786155368,-25.2847985324922</coordinates></Point>
  </Placemark>
  <Placemark id="inviduos_completos.421">
	<ExtendedData><SchemaData schemaUrl="#inviduos_completos">
		<SimpleData name="Nº">421.000000</SimpleData>
		<SimpleData name="Individuo">421.000000</SimpleData>
		<SimpleData name="X">436493.000000</SimpleData>
		<SimpleData name="Y">7203367.000000</SimpleData>
	</SchemaData></ExtendedData>
      <Point><coordinates>-57.6307984800629,-25.2847984475636</coordinates></Point>
  </Placemark>
  <Placemark id="inviduos_completos.422">
	<ExtendedData><SchemaData schemaUrl="#inviduos_completos">
		<SimpleData name="Nº">422.000000</SimpleData>
		<SimpleData name="Individuo">422.000000</SimpleData>
		<SimpleData name="X">436489.000000</SimpleData>
		<SimpleData name="Y">7203363.000000</SimpleData>
	</SchemaData></ExtendedData>
      <Point><coordinates>-57.6308383959548,-25.2848343984795</coordinates></Point>
  </Placemark>
  <Placemark id="inviduos_completos.423">
	<ExtendedData><SchemaData schemaUrl="#inviduos_completos">
		<SimpleData name="Nº">423.000000</SimpleData>
		<SimpleData name="Individuo">423.000000</SimpleData>
		<SimpleData name="X">436494.000000</SimpleData>
		<SimpleData name="Y">7203362.000000</SimpleData>
	</SchemaData></ExtendedData>
      <Point><coordinates>-57.6307887813314,-25.2848436410051</coordinates></Point>
  </Placemark>
  <Placemark id="inviduos_completos.424">
	<ExtendedData><SchemaData schemaUrl="#inviduos_completos">
		<SimpleData name="Nº">424.000000</SimpleData>
		<SimpleData name="Individuo">424.000000</SimpleData>
		<SimpleData name="X">436493.000000</SimpleData>
		<SimpleData name="Y">7203361.000000</SimpleData>
	</SchemaData></ExtendedData>
      <Point><coordinates>-57.6307987603052,-25.2848526287357</coordinates></Point>
  </Placemark>
  <Placemark id="inviduos_completos.425">
	<ExtendedData><SchemaData schemaUrl="#inviduos_completos">
		<SimpleData name="Nº">425.000000</SimpleData>
		<SimpleData name="Individuo">425.000000</SimpleData>
		<SimpleData name="X">436495.000000</SimpleData>
		<SimpleData name="Y">7203364.000000</SimpleData>
	</SchemaData></ExtendedData>
      <Point><coordinates>-57.6307787556534,-25.2848256230784</coordinates></Point>
  </Placemark>
  <Placemark id="inviduos_completos.426">
	<ExtendedData><SchemaData schemaUrl="#inviduos_completos">
		<SimpleData name="Nº">426.000000</SimpleData>
		<SimpleData name="Individuo">426.000000</SimpleData>
		<SimpleData name="X">436489.000000</SimpleData>
		<SimpleData name="Y">7203361.000000</SimpleData>
	</SchemaData></ExtendedData>
      <Point><coordinates>-57.6308384893749,-25.2848524588701</coordinates></Point>
  </Placemark>
  <Placemark id="inviduos_completos.427">
	<ExtendedData><SchemaData schemaUrl="#inviduos_completos">
		<SimpleData name="Nº">427.000000</SimpleData>
		<SimpleData name="Individuo">427.000000</SimpleData>
		<SimpleData name="X">436491.000000</SimpleData>
		<SimpleData name="Y">7203364.000000</SimpleData>
	</SchemaData></ExtendedData>
      <Point><coordinates>-57.6308184847144,-25.2848254532183</coordinates></Point>
  </Placemark>
  <Placemark id="inviduos_completos.428">
	<ExtendedData><SchemaData schemaUrl="#inviduos_completos">
		<SimpleData name="Nº">428.000000</SimpleData>
		<SimpleData name="Individuo">428.000000</SimpleData>
		<SimpleData name="X">436500.000000</SimpleData>
		<SimpleData name="Y">7203353.000000</SimpleData>
	</SchemaData></ExtendedData>
      <Point><coordinates>-57.630729608049,-25.284925167538</coordinates></Point>
  </Placemark>
  <Placemark id="inviduos_completos.429">
	<ExtendedData><SchemaData schemaUrl="#inviduos_completos">
		<SimpleData name="Nº">429.000000</SimpleData>
		<SimpleData name="Individuo">429.000000</SimpleData>
		<SimpleData name="X">436509.000000</SimpleData>
		<SimpleData name="Y">7203358.000000</SimpleData>
	</SchemaData></ExtendedData>
      <Point><coordinates>-57.6306399841091,-25.284880398678</coordinates></Point>
  </Placemark>
  <Placemark id="inviduos_completos.430">
	<ExtendedData><SchemaData schemaUrl="#inviduos_completos">
		<SimpleData name="Nº">430.000000</SimpleData>
		<SimpleData name="Individuo">430.000000</SimpleData>
		<SimpleData name="X">436515.000000</SimpleData>
		<SimpleData name="Y">7203368.000000</SimpleData>
	</SchemaData></ExtendedData>
      <Point><coordinates>-57.6305799235795,-25.2847903514353</coordinates></Point>
  </Placemark>
  <Placemark id="inviduos_completos.431">
	<ExtendedData><SchemaData schemaUrl="#inviduos_completos">
		<SimpleData name="Nº">431.000000</SimpleData>
		<SimpleData name="Individuo">431.000000</SimpleData>
		<SimpleData name="X">436519.000000</SimpleData>
		<SimpleData name="Y">7203369.000000</SimpleData>
	</SchemaData></ExtendedData>
      <Point><coordinates>-57.6305401478403,-25.284781491035</coordinates></Point>
  </Placemark>
  <Placemark id="inviduos_completos.432">
	<ExtendedData><SchemaData schemaUrl="#inviduos_completos">
		<SimpleData name="Nº">432.000000</SimpleData>
		<SimpleData name="Individuo">432.000000</SimpleData>
		<SimpleData name="X">436518.000000</SimpleData>
		<SimpleData name="Y">7203367.000000</SimpleData>
	</SchemaData></ExtendedData>
      <Point><coordinates>-57.6305501734796,-25.2847995089788</coordinates></Point>
  </Placemark>
  <Placemark id="inviduos_completos.433">
	<ExtendedData><SchemaData schemaUrl="#inviduos_completos">
		<SimpleData name="Nº">433.000000</SimpleData>
		<SimpleData name="Individuo">433.000000</SimpleData>
		<SimpleData name="X">436516.000000</SimpleData>
		<SimpleData name="Y">7203379.000000</SimpleData>
	</SchemaData></ExtendedData>
      <Point><coordinates>-57.6305694777275,-25.2846910617308</coordinates></Point>
  </Placemark>
  <Placemark id="inviduos_completos.434">
	<ExtendedData><SchemaData schemaUrl="#inviduos_completos">
		<SimpleData name="Nº">434.000000</SimpleData>
		<SimpleData name="Individuo">434.000000</SimpleData>
		<SimpleData name="X">436520.000000</SimpleData>
		<SimpleData name="Y">7203383.000000</SimpleData>
	</SchemaData></ExtendedData>
      <Point><coordinates>-57.6305295619611,-25.2846551107389</coordinates></Point>
  </Placemark>
  <Placemark id="inviduos_completos.435">
	<ExtendedData><SchemaData schemaUrl="#inviduos_completos">
		<SimpleData name="Nº">435.000000</SimpleData>
		<SimpleData name="Individuo">435.000000</SimpleData>
		<SimpleData name="X">436521.000000</SimpleData>
		<SimpleData name="Y">7203375.000000</SimpleData>
	</SchemaData></ExtendedData>
      <Point><coordinates>-57.6305200031982,-25.2847273947533</coordinates></Point>
  </Placemark>
  <Placemark id="inviduos_completos.436">
	<ExtendedData><SchemaData schemaUrl="#inviduos_completos">
		<SimpleData name="Nº">436.000000</SimpleData>
		<SimpleData name="Individuo">436.000000</SimpleData>
		<SimpleData name="X">436519.000000</SimpleData>
		<SimpleData name="Y">7203375.000000</SimpleData>
	</SchemaData></ExtendedData>
      <Point><coordinates>-57.6305398677138,-25.2847273098597</coordinates></Point>
  </Placemark>
  <Placemark id="inviduos_completos.437">
	<ExtendedData><SchemaData schemaUrl="#inviduos_completos">
		<SimpleData name="Nº">437.000000</SimpleData>
		<SimpleData name="Individuo">437.000000</SimpleData>
		<SimpleData name="X">436531.000000</SimpleData>
		<SimpleData name="Y">7203374.000000</SimpleData>
	</SchemaData></ExtendedData>
      <Point><coordinates>-57.630420727298,-25.284736849377</coordinates></Point>
  </Placemark>
  <Placemark id="inviduos_completos.438">
	<ExtendedData><SchemaData schemaUrl="#inviduos_completos">
		<SimpleData name="Nº">438.000000</SimpleData>
		<SimpleData name="Individuo">438.000000</SimpleData>
		<SimpleData name="X">436531.000000</SimpleData>
		<SimpleData name="Y">7203373.000000</SimpleData>
	</SchemaData></ExtendedData>
      <Point><coordinates>-57.6304207739769,-25.2847458795732</coordinates></Point>
  </Placemark>
  <Placemark id="inviduos_completos.439">
	<ExtendedData><SchemaData schemaUrl="#inviduos_completos">
		<SimpleData name="Nº">439.000000</SimpleData>
		<SimpleData name="Individuo">439.000000</SimpleData>
		<SimpleData name="X">436534.000000</SimpleData>
		<SimpleData name="Y">7203374.000000</SimpleData>
	</SchemaData></ExtendedData>
      <Point><coordinates>-57.6303909305216,-25.2847369766924</coordinates></Point>
  </Placemark>
  <Placemark id="inviduos_completos.440">
	<ExtendedData><SchemaData schemaUrl="#inviduos_completos">
		<SimpleData name="Nº">440.000000</SimpleData>
		<SimpleData name="Individuo">440.000000</SimpleData>
		<SimpleData name="X">436535.000000</SimpleData>
		<SimpleData name="Y">7203370.000000</SimpleData>
	</SchemaData></ExtendedData>
      <Point><coordinates>-57.6303811849667,-25.2847731399141</coordinates></Point>
  </Placemark>
  <Placemark id="inviduos_completos.441">
	<ExtendedData><SchemaData schemaUrl="#inviduos_completos">
		<SimpleData name="Nº">441.000000</SimpleData>
		<SimpleData name="Individuo">441.000000</SimpleData>
		<SimpleData name="X">436534.000000</SimpleData>
		<SimpleData name="Y">7203369.000000</SimpleData>
	</SchemaData></ExtendedData>
      <Point><coordinates>-57.6303911639053,-25.2847821276731</coordinates></Point>
  </Placemark>
  <Placemark id="inviduos_completos.442">
	<ExtendedData><SchemaData schemaUrl="#inviduos_completos">
		<SimpleData name="Nº">442.000000</SimpleData>
		<SimpleData name="Individuo">442.000000</SimpleData>
		<SimpleData name="X">436531.000000</SimpleData>
		<SimpleData name="Y">7203372.000000</SimpleData>
	</SchemaData></ExtendedData>
      <Point><coordinates>-57.6304208206558,-25.2847549097693</coordinates></Point>
  </Placemark>
  <Placemark id="inviduos_completos.443">
	<ExtendedData><SchemaData schemaUrl="#inviduos_completos">
		<SimpleData name="Nº">443.000000</SimpleData>
		<SimpleData name="Individuo">443.000000</SimpleData>
		<SimpleData name="X">436530.000000</SimpleData>
		<SimpleData name="Y">7203371.000000</SimpleData>
	</SchemaData></ExtendedData>
      <Point><coordinates>-57.6304307995957,-25.2847638975255</coordinates></Point>
  </Placemark>
  <Placemark id="inviduos_completos.444">
	<ExtendedData><SchemaData schemaUrl="#inviduos_completos">
		<SimpleData name="Nº">444.000000</SimpleData>
		<SimpleData name="Individuo">444.000000</SimpleData>
		<SimpleData name="X">436533.000000</SimpleData>
		<SimpleData name="Y">7203371.000000</SimpleData>
	</SchemaData></ExtendedData>
      <Point><coordinates>-57.6304010028128,-25.284764024843</coordinates></Point>
  </Placemark>
  <Placemark id="inviduos_completos.445">
	<ExtendedData><SchemaData schemaUrl="#inviduos_completos">
		<SimpleData name="Nº">445.000000</SimpleData>
		<SimpleData name="Individuo">445.000000</SimpleData>
		<SimpleData name="X">436531.000000</SimpleData>
		<SimpleData name="Y">7203371.000000</SimpleData>
	</SchemaData></ExtendedData>
      <Point><coordinates>-57.6304208673347,-25.2847639399654</coordinates></Point>
  </Placemark>
  <Placemark id="inviduos_completos.446">
	<ExtendedData><SchemaData schemaUrl="#inviduos_completos">
		<SimpleData name="Nº">446.000000</SimpleData>
		<SimpleData name="Individuo">446.000000</SimpleData>
		<SimpleData name="X">436528.000000</SimpleData>
		<SimpleData name="Y">7203369.000000</SimpleData>
	</SchemaData></ExtendedData>
      <Point><coordinates>-57.6304507574799,-25.2847818730359</coordinates></Point>
  </Placemark>
  <Placemark id="inviduos_completos.447">
	<ExtendedData><SchemaData schemaUrl="#inviduos_completos">
		<SimpleData name="Nº">447.000000</SimpleData>
		<SimpleData name="Individuo">447.000000</SimpleData>
		<SimpleData name="X">436531.000000</SimpleData>
		<SimpleData name="Y">7203369.000000</SimpleData>
	</SchemaData></ExtendedData>
      <Point><coordinates>-57.6304209606927,-25.2847820003575</coordinates></Point>
  </Placemark>
  <Placemark id="inviduos_completos.448">
	<ExtendedData><SchemaData schemaUrl="#inviduos_completos">
		<SimpleData name="Nº">448.000000</SimpleData>
		<SimpleData name="Individuo">448.000000</SimpleData>
		<SimpleData name="X">436513.000000</SimpleData>
		<SimpleData name="Y">7203356.000000</SimpleData>
	</SchemaData></ExtendedData>
      <Point><coordinates>-57.6306003484138,-25.2848986288816</coordinates></Point>
  </Placemark>
  <Placemark id="inviduos_completos.449">
	<ExtendedData><SchemaData schemaUrl="#inviduos_completos">
		<SimpleData name="Nº">449.000000</SimpleData>
		<SimpleData name="Individuo">449.000000</SimpleData>
		<SimpleData name="X">436520.000000</SimpleData>
		<SimpleData name="Y">7203355.000000</SimpleData>
	</SchemaData></ExtendedData>
      <Point><coordinates>-57.6305308691996,-25.2849079562234</coordinates></Point>
  </Placemark>
  <Placemark id="inviduos_completos.450">
	<ExtendedData><SchemaData schemaUrl="#inviduos_completos">
		<SimpleData name="Nº">450.000000</SimpleData>
		<SimpleData name="Individuo">450.000000</SimpleData>
		<SimpleData name="X">436522.000000</SimpleData>
		<SimpleData name="Y">7203355.000000</SimpleData>
	</SchemaData></ExtendedData>
      <Point><coordinates>-57.6305110046546,-25.2849080411163</coordinates></Point>
  </Placemark>
  <Placemark id="inviduos_completos.451">
	<ExtendedData><SchemaData schemaUrl="#inviduos_completos">
		<SimpleData name="Nº">451.000000</SimpleData>
		<SimpleData name="Individuo">451.000000</SimpleData>
		<SimpleData name="X">436528.000000</SimpleData>
		<SimpleData name="Y">7203356.000000</SimpleData>
	</SchemaData></ExtendedData>
      <Point><coordinates>-57.6304513643375,-25.2848992655832</coordinates></Point>
  </Placemark>
  <Placemark id="inviduos_completos.452">
	<ExtendedData><SchemaData schemaUrl="#inviduos_completos">
		<SimpleData name="Nº">452.000000</SimpleData>
		<SimpleData name="Individuo">452.000000</SimpleData>
		<SimpleData name="X">436528.000000</SimpleData>
		<SimpleData name="Y">7203357.000000</SimpleData>
	</SchemaData></ExtendedData>
      <Point><coordinates>-57.630451317656,-25.2848902353873</coordinates></Point>
  </Placemark>
  <Placemark id="inviduos_completos.453">
	<ExtendedData><SchemaData schemaUrl="#inviduos_completos">
		<SimpleData name="Nº">453.000000</SimpleData>
		<SimpleData name="Individuo">453.000000</SimpleData>
		<SimpleData name="X">436538.000000</SimpleData>
		<SimpleData name="Y">7203353.000000</SimpleData>
	</SchemaData></ExtendedData>
      <Point><coordinates>-57.6303521816396,-25.2849267805554</coordinates></Point>
  </Placemark>
  <Placemark id="inviduos_completos.454">
	<ExtendedData><SchemaData schemaUrl="#inviduos_completos">
		<SimpleData name="Nº">454.000000</SimpleData>
		<SimpleData name="Individuo">454.000000</SimpleData>
		<SimpleData name="X">436543.000000</SimpleData>
		<SimpleData name="Y">7203355.000000</SimpleData>
	</SchemaData></ExtendedData>
      <Point><coordinates>-57.6303024269266,-25.2849089323304</coordinates></Point>
  </Placemark>
  <Placemark id="inviduos_completos.455">
	<ExtendedData><SchemaData schemaUrl="#inviduos_completos">
		<SimpleData name="Nº">455.000000</SimpleData>
		<SimpleData name="Individuo">455.000000</SimpleData>
		<SimpleData name="X">436545.000000</SimpleData>
		<SimpleData name="Y">7203353.000000</SimpleData>
	</SchemaData></ExtendedData>
      <Point><coordinates>-57.6302826557186,-25.2849270775849</coordinates></Point>
  </Placemark>
  <Placemark id="inviduos_completos.456">
	<ExtendedData><SchemaData schemaUrl="#inviduos_completos">
		<SimpleData name="Nº">456.000000</SimpleData>
		<SimpleData name="Individuo">456.000000</SimpleData>
		<SimpleData name="X">436556.000000</SimpleData>
		<SimpleData name="Y">7203354.000000</SimpleData>
	</SchemaData></ExtendedData>
      <Point><coordinates>-57.6301733540366,-25.284918514083</coordinates></Point>
  </Placemark>
  <Placemark id="inviduos_completos.457">
	<ExtendedData><SchemaData schemaUrl="#inviduos_completos">
		<SimpleData name="Nº">457.000000</SimpleData>
		<SimpleData name="Individuo">457.000000</SimpleData>
		<SimpleData name="X">436558.000000</SimpleData>
		<SimpleData name="Y">7203358.000000</SimpleData>
	</SchemaData></ExtendedData>
      <Point><coordinates>-57.6301533028508,-25.2848824781423</coordinates></Point>
  </Placemark>
  <Placemark id="inviduos_completos.458">
	<ExtendedData><SchemaData schemaUrl="#inviduos_completos">
		<SimpleData name="Nº">458.000000</SimpleData>
		<SimpleData name="Individuo">458.000000</SimpleData>
		<SimpleData name="X">436546.000000</SimpleData>
		<SimpleData name="Y">7203359.000000</SimpleData>
	</SchemaData></ExtendedData>
      <Point><coordinates>-57.6302724434345,-25.2848729388379</coordinates></Point>
  </Placemark>
  <Placemark id="inviduos_completos.459">
	<ExtendedData><SchemaData schemaUrl="#inviduos_completos">
		<SimpleData name="Nº">459.000000</SimpleData>
		<SimpleData name="Individuo">459.000000</SimpleData>
		<SimpleData name="X">436546.000000</SimpleData>
		<SimpleData name="Y">7203362.000000</SimpleData>
	</SchemaData></ExtendedData>
      <Point><coordinates>-57.63027230343,-25.2848458482492</coordinates></Point>
  </Placemark>
  <Placemark id="inviduos_completos.460">
	<ExtendedData><SchemaData schemaUrl="#inviduos_completos">
		<SimpleData name="Nº">460.000000</SimpleData>
		<SimpleData name="Individuo">460.000000</SimpleData>
		<SimpleData name="X">436545.000000</SimpleData>
		<SimpleData name="Y">7203367.000000</SimpleData>
	</SchemaData></ExtendedData>
      <Point><coordinates>-57.6302820023539,-25.284800654838</coordinates></Point>
  </Placemark>
  <Placemark id="inviduos_completos.461">
	<ExtendedData><SchemaData schemaUrl="#inviduos_completos">
		<SimpleData name="Nº">461.000000</SimpleData>
		<SimpleData name="Individuo">461.000000</SimpleData>
		<SimpleData name="X">436543.000000</SimpleData>
		<SimpleData name="Y">7203362.000000</SimpleData>
	</SchemaData></ExtendedData>
      <Point><coordinates>-57.6303021002337,-25.2848457209573</coordinates></Point>
  </Placemark>
  <Placemark id="inviduos_completos.462">
	<ExtendedData><SchemaData schemaUrl="#inviduos_completos">
		<SimpleData name="Nº">462.000000</SimpleData>
		<SimpleData name="Individuo">462.000000</SimpleData>
		<SimpleData name="X">436540.000000</SimpleData>
		<SimpleData name="Y">7203363.000000</SimpleData>
	</SchemaData></ExtendedData>
      <Point><coordinates>-57.6303318503646,-25.2848365634633</coordinates></Point>
  </Placemark>
  <Placemark id="inviduos_completos.463">
	<ExtendedData><SchemaData schemaUrl="#inviduos_completos">
		<SimpleData name="Nº">463.000000</SimpleData>
		<SimpleData name="Individuo">463.000000</SimpleData>
		<SimpleData name="X">436546.000000</SimpleData>
		<SimpleData name="Y">7203354.000000</SimpleData>
	</SchemaData></ExtendedData>
      <Point><coordinates>-57.6302726767758,-25.2849180898188</coordinates></Point>
  </Placemark>
  <Placemark id="inviduos_completos.464">
	<ExtendedData><SchemaData schemaUrl="#inviduos_completos">
		<SimpleData name="Nº">464.000000</SimpleData>
		<SimpleData name="Individuo">464.000000</SimpleData>
		<SimpleData name="X">436551.000000</SimpleData>
		<SimpleData name="Y">7203382.000000</SimpleData>
	</SchemaData></ExtendedData>
      <Point><coordinates>-57.6302217088056,-25.2846654564601</coordinates></Point>
  </Placemark>
  <Placemark id="inviduos_completos.465">
	<ExtendedData><SchemaData schemaUrl="#inviduos_completos">
		<SimpleData name="Nº">465.000000</SimpleData>
		<SimpleData name="Individuo">465.000000</SimpleData>
		<SimpleData name="X">436552.000000</SimpleData>
		<SimpleData name="Y">7203385.000000</SimpleData>
	</SchemaData></ExtendedData>
      <Point><coordinates>-57.6302116365625,-25.2846384082959</coordinates></Point>
  </Placemark>
  <Placemark id="inviduos_completos.466">
	<ExtendedData><SchemaData schemaUrl="#inviduos_completos">
		<SimpleData name="Nº">466.000000</SimpleData>
		<SimpleData name="Individuo">466.000000</SimpleData>
		<SimpleData name="X">436557.000000</SimpleData>
		<SimpleData name="Y">7203384.000000</SimpleData>
	</SchemaData></ExtendedData>
      <Point><coordinates>-57.6301620219661,-25.2846476506103</coordinates></Point>
  </Placemark>
  <Placemark id="inviduos_completos.467">
	<ExtendedData><SchemaData schemaUrl="#inviduos_completos">
		<SimpleData name="Nº">467.000000</SimpleData>
		<SimpleData name="Individuo">467.000000</SimpleData>
		<SimpleData name="X">436560.000000</SimpleData>
		<SimpleData name="Y">7203383.000000</SimpleData>
	</SchemaData></ExtendedData>
      <Point><coordinates>-57.6301322718674,-25.2846568080697</coordinates></Point>
  </Placemark>
  <Placemark id="inviduos_completos.468">
	<ExtendedData><SchemaData schemaUrl="#inviduos_completos">
		<SimpleData name="Nº">468.000000</SimpleData>
		<SimpleData name="Individuo">468.000000</SimpleData>
		<SimpleData name="X">436559.000000</SimpleData>
		<SimpleData name="Y">7203385.000000</SimpleData>
	</SchemaData></ExtendedData>
      <Point><coordinates>-57.630142110804,-25.284638705256</coordinates></Point>
  </Placemark>
  <Placemark id="inviduos_completos.469">
	<ExtendedData><SchemaData schemaUrl="#inviduos_completos">
		<SimpleData name="Nº">469.000000</SimpleData>
		<SimpleData name="Individuo">469.000000</SimpleData>
		<SimpleData name="X">436560.000000</SimpleData>
		<SimpleData name="Y">7203392.000000</SimpleData>
	</SchemaData></ExtendedData>
      <Point><coordinates>-57.630131851952,-25.2845755362988</coordinates></Point>
  </Placemark>
  <Placemark id="inviduos_completos.470">
	<ExtendedData><SchemaData schemaUrl="#inviduos_completos">
		<SimpleData name="Nº">470.000000</SimpleData>
		<SimpleData name="Individuo">470.000000</SimpleData>
		<SimpleData name="X">436564.000000</SimpleData>
		<SimpleData name="Y">7203382.000000</SimpleData>
	</SchemaData></ExtendedData>
      <Point><coordinates>-57.6300925895105,-25.2846660079407</coordinates></Point>
  </Placemark>
  <Placemark id="inviduos_completos.471">
	<ExtendedData><SchemaData schemaUrl="#inviduos_completos">
		<SimpleData name="Nº">471.000000</SimpleData>
		<SimpleData name="Individuo">471.000000</SimpleData>
		<SimpleData name="X">436561.000000</SimpleData>
		<SimpleData name="Y">7203380.000000</SimpleData>
	</SchemaData></ExtendedData>
      <Point><coordinates>-57.6301224795846,-25.2846839410794</coordinates></Point>
  </Placemark>
  <Placemark id="inviduos_completos.472">
	<ExtendedData><SchemaData schemaUrl="#inviduos_completos">
		<SimpleData name="Nº">472.000000</SimpleData>
		<SimpleData name="Individuo">472.000000</SimpleData>
		<SimpleData name="X">436562.000000</SimpleData>
		<SimpleData name="Y">7203372.000000</SimpleData>
	</SchemaData></ExtendedData>
      <Point><coordinates>-57.6301129205779,-25.2847562250718</coordinates></Point>
  </Placemark>
  <Placemark id="inviduos_completos.473">
	<ExtendedData><SchemaData schemaUrl="#inviduos_completos">
		<SimpleData name="Nº">473.000000</SimpleData>
		<SimpleData name="Individuo">473.000000</SimpleData>
		<SimpleData name="X">436561.000000</SimpleData>
		<SimpleData name="Y">7203381.000000</SimpleData>
	</SchemaData></ExtendedData>
      <Point><coordinates>-57.6301224329279,-25.2846749108827</coordinates></Point>
  </Placemark>
  <Placemark id="inviduos_completos.474">
	<ExtendedData><SchemaData schemaUrl="#inviduos_completos">
		<SimpleData name="Nº">474.000000</SimpleData>
		<SimpleData name="Individuo">474.000000</SimpleData>
		<SimpleData name="X">436563.000000</SimpleData>
		<SimpleData name="Y">7203379.000000</SimpleData>
	</SchemaData></ExtendedData>
      <Point><coordinates>-57.6301026617297,-25.2846930561134</coordinates></Point>
  </Placemark>
  <Placemark id="inviduos_completos.475">
	<ExtendedData><SchemaData schemaUrl="#inviduos_completos">
		<SimpleData name="Nº">475.000000</SimpleData>
		<SimpleData name="Individuo">475.000000</SimpleData>
		<SimpleData name="X">436567.000000</SimpleData>
		<SimpleData name="Y">7203376.000000</SimpleData>
	</SchemaData></ExtendedData>
      <Point><coordinates>-57.6300630726633,-25.2847203163702</coordinates></Point>
  </Placemark>
  <Placemark id="inviduos_completos.476">
	<ExtendedData><SchemaData schemaUrl="#inviduos_completos">
		<SimpleData name="Nº">476.000000</SimpleData>
		<SimpleData name="Individuo">476.000000</SimpleData>
		<SimpleData name="X">436567.000000</SimpleData>
		<SimpleData name="Y">7203374.000000</SimpleData>
	</SchemaData></ExtendedData>
      <Point><coordinates>-57.6300631659681,-25.2847383767637</coordinates></Point>
  </Placemark>
  <Placemark id="inviduos_completos.477">
	<ExtendedData><SchemaData schemaUrl="#inviduos_completos">
		<SimpleData name="Nº">477.000000</SimpleData>
		<SimpleData name="Individuo">477.000000</SimpleData>
		<SimpleData name="X">436570.000000</SimpleData>
		<SimpleData name="Y">7203380.000000</SimpleData>
	</SchemaData></ExtendedData>
      <Point><coordinates>-57.6300330892885,-25.2846843228259</coordinates></Point>
  </Placemark>
  <Placemark id="inviduos_completos.478">
	<ExtendedData><SchemaData schemaUrl="#inviduos_completos">
		<SimpleData name="Nº">478.000000</SimpleData>
		<SimpleData name="Individuo">478.000000</SimpleData>
		<SimpleData name="X">436549.000000</SimpleData>
		<SimpleData name="Y">7203379.000000</SimpleData>
	</SchemaData></ExtendedData>
      <Point><coordinates>-57.6302417133087,-25.2846924621964</coordinates></Point>
  </Placemark>
  <Placemark id="inviduos_completos.479">
	<ExtendedData><SchemaData schemaUrl="#inviduos_completos">
		<SimpleData name="Nº">479.000000</SimpleData>
		<SimpleData name="Individuo">479.000000</SimpleData>
		<SimpleData name="X">436556.000000</SimpleData>
		<SimpleData name="Y">7203373.000000</SimpleData>
	</SchemaData></ExtendedData>
      <Point><coordinates>-57.6301724674825,-25.2847469403507</coordinates></Point>
  </Placemark>
  <Placemark id="inviduos_completos.480">
	<ExtendedData><SchemaData schemaUrl="#inviduos_completos">
		<SimpleData name="Nº">480.000000</SimpleData>
		<SimpleData name="Individuo">480.000000</SimpleData>
		<SimpleData name="X">436552.000000</SimpleData>
		<SimpleData name="Y">7203375.000000</SimpleData>
	</SchemaData></ExtendedData>
      <Point><coordinates>-57.6302121031957,-25.2847287102614</coordinates></Point>
  </Placemark>
  <Placemark id="inviduos_completos.481">
	<ExtendedData><SchemaData schemaUrl="#inviduos_completos">
		<SimpleData name="Nº">481.000000</SimpleData>
		<SimpleData name="Individuo">481.000000</SimpleData>
		<SimpleData name="X">436564.000000</SimpleData>
		<SimpleData name="Y">7203373.000000</SimpleData>
	</SchemaData></ExtendedData>
      <Point><coordinates>-57.6300930094014,-25.2847472797113</coordinates></Point>
  </Placemark>
  <Placemark id="inviduos_completos.482">
	<ExtendedData><SchemaData schemaUrl="#inviduos_completos">
		<SimpleData name="Nº">482.000000</SimpleData>
		<SimpleData name="Individuo">482.000000</SimpleData>
		<SimpleData name="X">436561.000000</SimpleData>
		<SimpleData name="Y">7203367.000000</SimpleData>
	</SchemaData></ExtendedData>
      <Point><coordinates>-57.6301230861235,-25.2848013336357</coordinates></Point>
  </Placemark>
  <Placemark id="inviduos_completos.483">
	<ExtendedData><SchemaData schemaUrl="#inviduos_completos">
		<SimpleData name="Nº">483.000000</SimpleData>
		<SimpleData name="Individuo">483.000000</SimpleData>
		<SimpleData name="X">436568.000000</SimpleData>
		<SimpleData name="Y">7203364.000000</SimpleData>
	</SchemaData></ExtendedData>
      <Point><coordinates>-57.6300537002265,-25.2848287211458</coordinates></Point>
  </Placemark>
  <Placemark id="inviduos_completos.484">
	<ExtendedData><SchemaData schemaUrl="#inviduos_completos">
		<SimpleData name="Nº">484.000000</SimpleData>
		<SimpleData name="Individuo">484.000000</SimpleData>
		<SimpleData name="X">436574.000000</SimpleData>
		<SimpleData name="Y">7203371.000000</SimpleData>
	</SchemaData></ExtendedData>
      <Point><coordinates>-57.6299937800925,-25.2847657642455</coordinates></Point>
  </Placemark>
  <Placemark id="inviduos_completos.485">
	<ExtendedData><SchemaData schemaUrl="#inviduos_completos">
		<SimpleData name="Nº">485.000000</SimpleData>
		<SimpleData name="Individuo">485.000000</SimpleData>
		<SimpleData name="X">436568.000000</SimpleData>
		<SimpleData name="Y">7203378.000000</SimpleData>
	</SchemaData></ExtendedData>
      <Point><coordinates>-57.630053047102,-25.2847022983917</coordinates></Point>
  </Placemark>
  <Placemark id="inviduos_completos.486">
	<ExtendedData><SchemaData schemaUrl="#inviduos_completos">
		<SimpleData name="Nº">486.000000</SimpleData>
		<SimpleData name="Individuo">486.000000</SimpleData>
		<SimpleData name="X">436558.000000</SimpleData>
		<SimpleData name="Y">7203346.000000</SimpleData>
	</SchemaData></ExtendedData>
      <Point><coordinates>-57.6301538627651,-25.2849908404984</coordinates></Point>
  </Placemark>
  <Placemark id="inviduos_completos.487">
	<ExtendedData><SchemaData schemaUrl="#inviduos_completos">
		<SimpleData name="Nº">487.000000</SimpleData>
		<SimpleData name="Individuo">487.000000</SimpleData>
		<SimpleData name="X">436580.000000</SimpleData>
		<SimpleData name="Y">7203374.000000</SimpleData>
	</SchemaData></ExtendedData>
      <Point><coordinates>-57.6299340465919,-25.2847389281071</coordinates></Point>
  </Placemark>
  <Placemark id="inviduos_completos.488">
	<ExtendedData><SchemaData schemaUrl="#inviduos_completos">
		<SimpleData name="Nº">488.000000</SimpleData>
		<SimpleData name="Individuo">488.000000</SimpleData>
		<SimpleData name="X">436585.000000</SimpleData>
		<SimpleData name="Y">7203380.000000</SimpleData>
	</SchemaData></ExtendedData>
      <Point><coordinates>-57.6298841054576,-25.2846849589497</coordinates></Point>
  </Placemark>
  <Placemark id="inviduos_completos.489">
	<ExtendedData><SchemaData schemaUrl="#inviduos_completos">
		<SimpleData name="Nº">489.000000</SimpleData>
		<SimpleData name="Individuo">489.000000</SimpleData>
		<SimpleData name="X">436584.000000</SimpleData>
		<SimpleData name="Y">7203383.000000</SimpleData>
	</SchemaData></ExtendedData>
      <Point><coordinates>-57.6298938977939,-25.2846578259547</coordinates></Point>
  </Placemark>
  <Placemark id="inviduos_completos.490">
	<ExtendedData><SchemaData schemaUrl="#inviduos_completos">
		<SimpleData name="Nº">490.000000</SimpleData>
		<SimpleData name="Individuo">490.000000</SimpleData>
		<SimpleData name="X">436580.000000</SimpleData>
		<SimpleData name="Y">7203387.000000</SimpleData>
	</SchemaData></ExtendedData>
      <Point><coordinates>-57.6299334402366,-25.2846215355456</coordinates></Point>
  </Placemark>
  <Placemark id="inviduos_completos.491">
	<ExtendedData><SchemaData schemaUrl="#inviduos_completos">
		<SimpleData name="Nº">491.000000</SimpleData>
		<SimpleData name="Individuo">491.000000</SimpleData>
		<SimpleData name="X">436576.000000</SimpleData>
		<SimpleData name="Y">7203381.000000</SimpleData>
	</SchemaData></ExtendedData>
      <Point><coordinates>-57.6299734491111,-25.2846755470965</coordinates></Point>
  </Placemark>
  <Placemark id="inviduos_completos.492">
	<ExtendedData><SchemaData schemaUrl="#inviduos_completos">
		<SimpleData name="Nº">492.000000</SimpleData>
		<SimpleData name="Individuo">492.000000</SimpleData>
		<SimpleData name="X">436583.000000</SimpleData>
		<SimpleData name="Y">7203393.000000</SimpleData>
	</SchemaData></ExtendedData>
      <Point><coordinates>-57.6299033636438,-25.2845674815788</coordinates></Point>
  </Placemark>
  <Placemark id="inviduos_completos.493">
	<ExtendedData><SchemaData schemaUrl="#inviduos_completos">
		<SimpleData name="Nº">493.000000</SimpleData>
		<SimpleData name="Individuo">493.000000</SimpleData>
		<SimpleData name="X">436606.000000</SimpleData>
		<SimpleData name="Y">7203382.000000</SimpleData>
	</SchemaData></ExtendedData>
      <Point><coordinates>-57.6296754348387,-25.2846677888753</coordinates></Point>
  </Placemark>
  <Placemark id="inviduos_completos.494">
	<ExtendedData><SchemaData schemaUrl="#inviduos_completos">
		<SimpleData name="Nº">494.000000</SimpleData>
		<SimpleData name="Individuo">494.000000</SimpleData>
		<SimpleData name="X">436604.000000</SimpleData>
		<SimpleData name="Y">7203390.000000</SimpleData>
	</SchemaData></ExtendedData>
      <Point><coordinates>-57.6296949263483,-25.2845954625155</coordinates></Point>
  </Placemark>
  <Placemark id="inviduos_completos.495">
	<ExtendedData><SchemaData schemaUrl="#inviduos_completos">
		<SimpleData name="Nº">495.000000</SimpleData>
		<SimpleData name="Individuo">495.000000</SimpleData>
		<SimpleData name="X">436608.000000</SimpleData>
		<SimpleData name="Y">7203400.000000</SimpleData>
	</SchemaData></ExtendedData>
      <Point><coordinates>-57.6296547311356,-25.2845053300948</coordinates></Point>
  </Placemark>
  <Placemark id="inviduos_completos.496">
	<ExtendedData><SchemaData schemaUrl="#inviduos_completos">
		<SimpleData name="Nº">496.000000</SimpleData>
		<SimpleData name="Individuo">496.000000</SimpleData>
		<SimpleData name="X">436608.000000</SimpleData>
		<SimpleData name="Y">7203378.000000</SimpleData>
	</SchemaData></ExtendedData>
      <Point><coordinates>-57.6296557568181,-25.2847039944423</coordinates></Point>
  </Placemark>
  <Placemark id="inviduos_completos.497">
	<ExtendedData><SchemaData schemaUrl="#inviduos_completos">
		<SimpleData name="Nº">497.000000</SimpleData>
		<SimpleData name="Individuo">497.000000</SimpleData>
		<SimpleData name="X">436609.000000</SimpleData>
		<SimpleData name="Y">7203393.000000</SimpleData>
	</SchemaData></ExtendedData>
      <Point><coordinates>-57.6296451252414,-25.284568583866</coordinates></Point>
  </Placemark>
  <Placemark id="inviduos_completos.498">
	<ExtendedData><SchemaData schemaUrl="#inviduos_completos">
		<SimpleData name="Nº">498.000000</SimpleData>
		<SimpleData name="Individuo">498.000000</SimpleData>
		<SimpleData name="X">436610.000000</SimpleData>
		<SimpleData name="Y">7203381.000000</SimpleData>
	</SchemaData></ExtendedData>
      <Point><coordinates>-57.6296357524409,-25.2846769886241</coordinates></Point>
  </Placemark>
  <Placemark id="inviduos_completos.499">
	<ExtendedData><SchemaData schemaUrl="#inviduos_completos">
		<SimpleData name="Nº">499.000000</SimpleData>
		<SimpleData name="Individuo">499.000000</SimpleData>
		<SimpleData name="X">436618.000000</SimpleData>
		<SimpleData name="Y">7203362.000000</SimpleData>
	</SchemaData></ExtendedData>
      <Point><coordinates>-57.6295571800816,-25.284848901449</coordinates></Point>
  </Placemark>
  <Placemark id="inviduos_completos.500">
	<ExtendedData><SchemaData schemaUrl="#inviduos_completos">
		<SimpleData name="Nº">500.000000</SimpleData>
		<SimpleData name="Individuo">500.000000</SimpleData>
		<SimpleData name="X">436618.000000</SimpleData>
		<SimpleData name="Y">7203363.000000</SimpleData>
	</SchemaData></ExtendedData>
      <Point><coordinates>-57.6295571334664,-25.2848398712516</coordinates></Point>
  </Placemark>
  <Placemark id="inviduos_completos.501">
	<ExtendedData><SchemaData schemaUrl="#inviduos_completos">
		<SimpleData name="Nº">501.000000</SimpleData>
		<SimpleData name="Individuo">501.000000</SimpleData>
		<SimpleData name="X">436614.000000</SimpleData>
		<SimpleData name="Y">7203369.000000</SimpleData>
	</SchemaData></ExtendedData>
      <Point><coordinates>-57.6295965828332,-25.2847855205356</coordinates></Point>
  </Placemark>
  <Placemark id="inviduos_completos.502">
	<ExtendedData><SchemaData schemaUrl="#inviduos_completos">
		<SimpleData name="Nº">502.000000</SimpleData>
		<SimpleData name="Individuo">502.000000</SimpleData>
		<SimpleData name="X">436620.000000</SimpleData>
		<SimpleData name="Y">7203355.000000</SimpleData>
	</SchemaData></ExtendedData>
      <Point><coordinates>-57.629537641839,-25.2849121975931</coordinates></Point>
  </Placemark>
  <Placemark id="inviduos_completos.503">
	<ExtendedData><SchemaData schemaUrl="#inviduos_completos">
		<SimpleData name="Nº">503.000000</SimpleData>
		<SimpleData name="Individuo">503.000000</SimpleData>
		<SimpleData name="X">436622.000000</SimpleData>
		<SimpleData name="Y">7203381.000000</SimpleData>
	</SchemaData></ExtendedData>
      <Point><coordinates>-57.6295165653747,-25.2846774972141</coordinates></Point>
  </Placemark>
  <Placemark id="inviduos_completos.504">
	<ExtendedData><SchemaData schemaUrl="#inviduos_completos">
		<SimpleData name="Nº">504.000000</SimpleData>
		<SimpleData name="Individuo">504.000000</SimpleData>
		<SimpleData name="X">436583.000000</SimpleData>
		<SimpleData name="Y">7203351.000000</SimpleData>
	</SchemaData></ExtendedData>
      <Point><coordinates>-57.6299053225531,-25.2849467498526</coordinates></Point>
  </Placemark>
  <Placemark id="inviduos_completos.505">
	<ExtendedData><SchemaData schemaUrl="#inviduos_completos">
		<SimpleData name="Nº">505.000000</SimpleData>
		<SimpleData name="Individuo">505.000000</SimpleData>
		<SimpleData name="X">436599.000000</SimpleData>
		<SimpleData name="Y">7203367.000000</SimpleData>
	</SchemaData></ExtendedData>
      <Point><coordinates>-57.6297456600532,-25.2848029450942</coordinates></Point>
  </Placemark>
  <Placemark id="inviduos_completos.506">
	<ExtendedData><SchemaData schemaUrl="#inviduos_completos">
		<SimpleData name="Nº">506.000000</SimpleData>
		<SimpleData name="Individuo">506.000000</SimpleData>
		<SimpleData name="X">436568.000000</SimpleData>
		<SimpleData name="Y">7203328.000000</SimpleData>
	</SchemaData></ExtendedData>
      <Point><coordinates>-57.6300553797097,-25.2851538082179</coordinates></Point>
  </Placemark>
  <Placemark id="inviduos_completos.507">
	<ExtendedData><SchemaData schemaUrl="#inviduos_completos">
		<SimpleData name="Nº">507.000000</SimpleData>
		<SimpleData name="Individuo">507.000000</SimpleData>
		<SimpleData name="X">436563.000000</SimpleData>
		<SimpleData name="Y">7203322.000000</SimpleData>
	</SchemaData></ExtendedData>
      <Point><coordinates>-57.6301053211153,-25.2852077773088</coordinates></Point>
  </Placemark>
  <Placemark id="inviduos_completos.508">
	<ExtendedData><SchemaData schemaUrl="#inviduos_completos">
		<SimpleData name="Nº">508.000000</SimpleData>
		<SimpleData name="Individuo">508.000000</SimpleData>
		<SimpleData name="X">436590.000000</SimpleData>
		<SimpleData name="Y">7203379.000000</SimpleData>
	</SchemaData></ExtendedData>
      <Point><coordinates>-57.6298344908149,-25.2846942011547</coordinates></Point>
  </Placemark>
  <Placemark id="inviduos_completos.509">
	<ExtendedData><SchemaData schemaUrl="#inviduos_completos">
		<SimpleData name="Nº">509.000000</SimpleData>
		<SimpleData name="Individuo">509.000000</SimpleData>
		<SimpleData name="X">436594.000000</SimpleData>
		<SimpleData name="Y">7203368.000000</SimpleData>
	</SchemaData></ExtendedData>
      <Point><coordinates>-57.6297952747474,-25.2847937029182</coordinates></Point>
  </Placemark>
  <Placemark id="inviduos_completos.510">
	<ExtendedData><SchemaData schemaUrl="#inviduos_completos">
		<SimpleData name="Nº">510.000000</SimpleData>
		<SimpleData name="Individuo">510.000000</SimpleData>
		<SimpleData name="X">436592.000000</SimpleData>
		<SimpleData name="Y">7203360.000000</SimpleData>
	</SchemaData></ExtendedData>
      <Point><coordinates>-57.6298155123506,-25.2848658596985</coordinates></Point>
  </Placemark>
  <Placemark id="inviduos_completos.511">
	<ExtendedData><SchemaData schemaUrl="#inviduos_completos">
		<SimpleData name="Nº">511.000000</SimpleData>
		<SimpleData name="Individuo">511.000000</SimpleData>
		<SimpleData name="X">436598.000000</SimpleData>
		<SimpleData name="Y">7203366.000000</SimpleData>
	</SchemaData></ExtendedData>
      <Point><coordinates>-57.6297556389485,-25.284811932897</coordinates></Point>
  </Placemark>
  <Placemark id="inviduos_completos.512">
	<ExtendedData><SchemaData schemaUrl="#inviduos_completos">
		<SimpleData name="Nº">512.000000</SimpleData>
		<SimpleData name="Individuo">512.000000</SimpleData>
		<SimpleData name="X">436606.000000</SimpleData>
		<SimpleData name="Y">7203366.000000</SimpleData>
	</SchemaData></ExtendedData>
      <Point><coordinates>-57.6296761808186,-25.2848122720339</coordinates></Point>
  </Placemark>
  <Placemark id="inviduos_completos.513">
	<ExtendedData><SchemaData schemaUrl="#inviduos_completos">
		<SimpleData name="Nº">513.000000</SimpleData>
		<SimpleData name="Individuo">513.000000</SimpleData>
		<SimpleData name="X">436607.000000</SimpleData>
		<SimpleData name="Y">7203364.000000</SimpleData>
	</SchemaData></ExtendedData>
      <Point><coordinates>-57.6296663417986,-25.2848303748176</coordinates></Point>
  </Placemark>
  <Placemark id="inviduos_completos.514">
	<ExtendedData><SchemaData schemaUrl="#inviduos_completos">
		<SimpleData name="Nº">514.000000</SimpleData>
		<SimpleData name="Individuo">514.000000</SimpleData>
		<SimpleData name="X">436591.000000</SimpleData>
		<SimpleData name="Y">7203357.000000</SimpleData>
	</SchemaData></ExtendedData>
      <Point><coordinates>-57.6298255845264,-25.2848929078902</coordinates></Point>
  </Placemark>
  <Placemark id="inviduos_completos.515">
	<ExtendedData><SchemaData schemaUrl="#inviduos_completos">
		<SimpleData name="Nº">515.000000</SimpleData>
		<SimpleData name="Individuo">515.000000</SimpleData>
		<SimpleData name="X">436589.000000</SimpleData>
		<SimpleData name="Y">7203356.000000</SimpleData>
	</SchemaData></ExtendedData>
      <Point><coordinates>-57.6298454957082,-25.2849018532866</coordinates></Point>
  </Placemark>
  <Placemark id="inviduos_completos.516">
	<ExtendedData><SchemaData schemaUrl="#inviduos_completos">
		<SimpleData name="Nº">516.000000</SimpleData>
		<SimpleData name="Individuo">516.000000</SimpleData>
		<SimpleData name="X">436548.000000</SimpleData>
		<SimpleData name="Y">7203338.000000</SimpleData>
	</SchemaData></ExtendedData>
      <Point><coordinates>-57.6302535589004,-25.2850626578146</coordinates></Point>
  </Placemark>
  <Placemark id="inviduos_completos.517">
	<ExtendedData><SchemaData schemaUrl="#inviduos_completos">
		<SimpleData name="Nº">517.000000</SimpleData>
		<SimpleData name="Individuo">517.000000</SimpleData>
		<SimpleData name="X">436583.000000</SimpleData>
		<SimpleData name="Y">7203340.000000</SimpleData>
	</SchemaData></ExtendedData>
      <Point><coordinates>-57.6299058356073,-25.2850460820163</coordinates></Point>
  </Placemark>
  <Placemark id="inviduos_completos.518">
	<ExtendedData><SchemaData schemaUrl="#inviduos_completos">
		<SimpleData name="Nº">518.000000</SimpleData>
		<SimpleData name="Individuo">518.000000</SimpleData>
		<SimpleData name="X">436597.000000</SimpleData>
		<SimpleData name="Y">7203344.000000</SimpleData>
	</SchemaData></ExtendedData>
      <Point><coordinates>-57.6297665970919,-25.2850105548369</coordinates></Point>
  </Placemark>
  <Placemark id="inviduos_completos.519">
	<ExtendedData><SchemaData schemaUrl="#inviduos_completos">
		<SimpleData name="Nº">519.000000</SimpleData>
		<SimpleData name="Individuo">519.000000</SimpleData>
		<SimpleData name="X">436586.000000</SimpleData>
		<SimpleData name="Y">7203333.000000</SimpleData>
	</SchemaData></ExtendedData>
      <Point><coordinates>-57.6298763652275,-25.2851094206057</coordinates></Point>
  </Placemark>
  <Placemark id="inviduos_completos.520">
	<ExtendedData><SchemaData schemaUrl="#inviduos_completos">
		<SimpleData name="Nº">520.000000</SimpleData>
		<SimpleData name="Individuo">520.000000</SimpleData>
		<SimpleData name="X">436589.000000</SimpleData>
		<SimpleData name="Y">7203333.000000</SimpleData>
	</SchemaData></ExtendedData>
      <Point><coordinates>-57.629846568357,-25.2851095478128</coordinates></Point>
  </Placemark>
  <Placemark id="inviduos_completos.521">
	<ExtendedData><SchemaData schemaUrl="#inviduos_completos">
		<SimpleData name="Nº">521.000000</SimpleData>
		<SimpleData name="Individuo">521.000000</SimpleData>
		<SimpleData name="X">436593.000000</SimpleData>
		<SimpleData name="Y">7203334.000000</SimpleData>
	</SchemaData></ExtendedData>
      <Point><coordinates>-57.6298067925617,-25.2851006872162</coordinates></Point>
  </Placemark>
  <Placemark id="inviduos_completos.522">
	<ExtendedData><SchemaData schemaUrl="#inviduos_completos">
		<SimpleData name="Nº">522.000000</SimpleData>
		<SimpleData name="Individuo">522.000000</SimpleData>
		<SimpleData name="X">436598.000000</SimpleData>
		<SimpleData name="Y">7203338.000000</SimpleData>
	</SchemaData></ExtendedData>
      <Point><coordinates>-57.6297569445917,-25.2850647784138</coordinates></Point>
  </Placemark>
  <Placemark id="inviduos_completos.523">
	<ExtendedData><SchemaData schemaUrl="#inviduos_completos">
		<SimpleData name="Nº">523.000000</SimpleData>
		<SimpleData name="Individuo">523.000000</SimpleData>
		<SimpleData name="X">436598.000000</SimpleData>
		<SimpleData name="Y">7203336.000000</SimpleData>
	</SchemaData></ExtendedData>
      <Point><coordinates>-57.6297570378526,-25.2850828388076</coordinates></Point>
  </Placemark>
  <Placemark id="inviduos_completos.524">
	<ExtendedData><SchemaData schemaUrl="#inviduos_completos">
		<SimpleData name="Nº">524.000000</SimpleData>
		<SimpleData name="Individuo">524.000000</SimpleData>
		<SimpleData name="X">436611.000000</SimpleData>
		<SimpleData name="Y">7203319.000000</SimpleData>
	</SchemaData></ExtendedData>
      <Point><coordinates>-57.6296287106629,-25.2852369032387</coordinates></Point>
  </Placemark>
  <Placemark id="inviduos_completos.525">
	<ExtendedData><SchemaData schemaUrl="#inviduos_completos">
		<SimpleData name="Nº">525.000000</SimpleData>
		<SimpleData name="Individuo">525.000000</SimpleData>
		<SimpleData name="X">436598.000000</SimpleData>
		<SimpleData name="Y">7203328.000000</SimpleData>
	</SchemaData></ExtendedData>
      <Point><coordinates>-57.6297574108972,-25.285155080382</coordinates></Point>
  </Placemark>
  <Placemark id="inviduos_completos.526">
	<ExtendedData><SchemaData schemaUrl="#inviduos_completos">
		<SimpleData name="Nº">526.000000</SimpleData>
		<SimpleData name="Individuo">526.000000</SimpleData>
		<SimpleData name="X">436610.000000</SimpleData>
		<SimpleData name="Y">7203337.000000</SimpleData>
	</SchemaData></ExtendedData>
      <Point><coordinates>-57.6296378037709,-25.285074317306</coordinates></Point>
  </Placemark>
  <Placemark id="inviduos_completos.527">
	<ExtendedData><SchemaData schemaUrl="#inviduos_completos">
		<SimpleData name="Nº">527.000000</SimpleData>
		<SimpleData name="Individuo">527.000000</SimpleData>
		<SimpleData name="X">436604.000000</SimpleData>
		<SimpleData name="Y">7203342.000000</SimpleData>
	</SchemaData></ExtendedData>
      <Point><coordinates>-57.629697164367,-25.2850289119854</coordinates></Point>
  </Placemark>
  <Placemark id="inviduos_completos.528">
	<ExtendedData><SchemaData schemaUrl="#inviduos_completos">
		<SimpleData name="Nº">528.000000</SimpleData>
		<SimpleData name="Individuo">528.000000</SimpleData>
		<SimpleData name="X">436600.000000</SimpleData>
		<SimpleData name="Y">7203342.000000</SimpleData>
	</SchemaData></ExtendedData>
      <Point><coordinates>-57.6297368935026,-25.2850287424153</coordinates></Point>
  </Placemark>
  <Placemark id="inviduos_completos.529">
	<ExtendedData><SchemaData schemaUrl="#inviduos_completos">
		<SimpleData name="Nº">529.000000</SimpleData>
		<SimpleData name="Individuo">529.000000</SimpleData>
		<SimpleData name="X">436597.000000</SimpleData>
		<SimpleData name="Y">7203349.000000</SimpleData>
	</SchemaData></ExtendedData>
      <Point><coordinates>-57.629766363937,-25.2849654038521</coordinates></Point>
  </Placemark>
  <Placemark id="inviduos_completos.530">
	<ExtendedData><SchemaData schemaUrl="#inviduos_completos">
		<SimpleData name="Nº">530.000000</SimpleData>
		<SimpleData name="Individuo">530.000000</SimpleData>
		<SimpleData name="X">436598.000000</SimpleData>
		<SimpleData name="Y">7203346.000000</SimpleData>
	</SchemaData></ExtendedData>
      <Point><coordinates>-57.629756571549,-25.2849925368385</coordinates></Point>
  </Placemark>
  <Placemark id="inviduos_completos.531">
	<ExtendedData><SchemaData schemaUrl="#inviduos_completos">
		<SimpleData name="Nº">531.000000</SimpleData>
		<SimpleData name="Individuo">531.000000</SimpleData>
		<SimpleData name="X">436599.000000</SimpleData>
		<SimpleData name="Y">7203355.000000</SimpleData>
	</SchemaData></ExtendedData>
      <Point><coordinates>-57.6297462196034,-25.28491130746</coordinates></Point>
  </Placemark>
  <Placemark id="inviduos_completos.532">
	<ExtendedData><SchemaData schemaUrl="#inviduos_completos">
		<SimpleData name="Nº">532.000000</SimpleData>
		<SimpleData name="Individuo">532.000000</SimpleData>
		<SimpleData name="X">436593.000000</SimpleData>
		<SimpleData name="Y">7203358.000000</SimpleData>
	</SchemaData></ExtendedData>
      <Point><coordinates>-57.6298056733475,-25.2848839624911</coordinates></Point>
  </Placemark>
  <Placemark id="inviduos_completos.533">
	<ExtendedData><SchemaData schemaUrl="#inviduos_completos">
		<SimpleData name="Nº">533.000000</SimpleData>
		<SimpleData name="Individuo">533.000000</SimpleData>
		<SimpleData name="X">436609.000000</SimpleData>
		<SimpleData name="Y">7203353.000000</SimpleData>
	</SchemaData></ExtendedData>
      <Point><coordinates>-57.6296469901037,-25.2849297917641</coordinates></Point>
  </Placemark>
  <Placemark id="inviduos_completos.534">
	<ExtendedData><SchemaData schemaUrl="#inviduos_completos">
		<SimpleData name="Nº">534.000000</SimpleData>
		<SimpleData name="Individuo">534.000000</SimpleData>
		<SimpleData name="X">436627.000000</SimpleData>
		<SimpleData name="Y">7203364.000000</SimpleData>
	</SchemaData></ExtendedData>
      <Point><coordinates>-57.6294676964378,-25.28483122246</coordinates></Point>
  </Placemark>
  <Placemark id="inviduos_completos.535">
	<ExtendedData><SchemaData schemaUrl="#inviduos_completos">
		<SimpleData name="Nº">535.000000</SimpleData>
		<SimpleData name="Individuo">535.000000</SimpleData>
		<SimpleData name="X">436624.000000</SimpleData>
		<SimpleData name="Y">7203352.000000</SimpleData>
	</SchemaData></ExtendedData>
      <Point><coordinates>-57.6294980525728,-25.2849394577013</coordinates></Point>
  </Placemark>
  <Placemark id="inviduos_completos.536">
	<ExtendedData><SchemaData schemaUrl="#inviduos_completos">
		<SimpleData name="Nº">536.000000</SimpleData>
		<SimpleData name="Individuo">536.000000</SimpleData>
		<SimpleData name="X">436627.000000</SimpleData>
		<SimpleData name="Y">7203324.000000</SimpleData>
	</SchemaData></ExtendedData>
      <Point><coordinates>-57.6294695607967,-25.2851924303577</coordinates></Point>
  </Placemark>
  <Placemark id="inviduos_completos.537">
	<ExtendedData><SchemaData schemaUrl="#inviduos_completos">
		<SimpleData name="Nº">537.000000</SimpleData>
		<SimpleData name="Individuo">537.000000</SimpleData>
		<SimpleData name="X">436617.000000</SimpleData>
		<SimpleData name="Y">7203352.000000</SimpleData>
	</SchemaData></ExtendedData>
      <Point><coordinates>-57.6295675785115,-25.2849391610414</coordinates></Point>
  </Placemark>
  <Placemark id="inviduos_completos.538">
	<ExtendedData><SchemaData schemaUrl="#inviduos_completos">
		<SimpleData name="Nº">538.000000</SimpleData>
		<SimpleData name="Individuo">538.000000</SimpleData>
		<SimpleData name="X">436616.000000</SimpleData>
		<SimpleData name="Y">7203349.000000</SimpleData>
	</SchemaData></ExtendedData>
      <Point><coordinates>-57.6295776506391,-25.2849662092507</coordinates></Point>
  </Placemark>
  <Placemark id="inviduos_completos.539">
	<ExtendedData><SchemaData schemaUrl="#inviduos_completos">
		<SimpleData name="Nº">539.000000</SimpleData>
		<SimpleData name="Individuo">539.000000</SimpleData>
		<SimpleData name="X">436619.000000</SimpleData>
		<SimpleData name="Y">7203341.000000</SimpleData>
	</SchemaData></ExtendedData>
      <Point><coordinates>-57.6295482267205,-25.2850385779753</coordinates></Point>
  </Placemark>
  <Placemark id="inviduos_completos.540">
	<ExtendedData><SchemaData schemaUrl="#inviduos_completos">
		<SimpleData name="Nº">540.000000</SimpleData>
		<SimpleData name="Individuo">540.000000</SimpleData>
		<SimpleData name="X">436624.000000</SimpleData>
		<SimpleData name="Y">7203337.000000</SimpleData>
	</SchemaData></ExtendedData>
      <Point><coordinates>-57.6294987517404,-25.2850749106622</coordinates></Point>
  </Placemark>
  <Placemark id="inviduos_completos.541">
	<ExtendedData><SchemaData schemaUrl="#inviduos_completos">
		<SimpleData name="Nº">541.000000</SimpleData>
		<SimpleData name="Individuo">541.000000</SimpleData>
		<SimpleData name="X">436623.000000</SimpleData>
		<SimpleData name="Y">7203332.000000</SimpleData>
	</SchemaData></ExtendedData>
      <Point><coordinates>-57.629508917089,-25.2851200192703</coordinates></Point>
  </Placemark>
  <Placemark id="inviduos_completos.542">
	<ExtendedData><SchemaData schemaUrl="#inviduos_completos">
		<SimpleData name="Nº">542.000000</SimpleData>
		<SimpleData name="Individuo">542.000000</SimpleData>
		<SimpleData name="X">436612.000000</SimpleData>
		<SimpleData name="Y">7203336.000000</SimpleData>
	</SchemaData></ExtendedData>
      <Point><coordinates>-57.6296179858156,-25.2850834322763</coordinates></Point>
  </Placemark>
  <Placemark id="inviduos_completos.543">
	<ExtendedData><SchemaData schemaUrl="#inviduos_completos">
		<SimpleData name="Nº">543.000000</SimpleData>
		<SimpleData name="Individuo">543.000000</SimpleData>
		<SimpleData name="X">436609.000000</SimpleData>
		<SimpleData name="Y">7203324.000000</SimpleData>
	</SchemaData></ExtendedData>
      <Point><coordinates>-57.6296483421513,-25.2851916674792</coordinates></Point>
  </Placemark>
  <Placemark id="inviduos_completos.544">
	<ExtendedData><SchemaData schemaUrl="#inviduos_completos">
		<SimpleData name="Nº">544.000000</SimpleData>
		<SimpleData name="Individuo">544.000000</SimpleData>
		<SimpleData name="X">436612.000000</SimpleData>
		<SimpleData name="Y">7203318.000000</SimpleData>
	</SchemaData></ExtendedData>
      <Point><coordinates>-57.6296188249825,-25.2852459758222</coordinates></Point>
  </Placemark>
  <Placemark id="inviduos_completos.545">
	<ExtendedData><SchemaData schemaUrl="#inviduos_completos">
		<SimpleData name="Nº">545.000000</SimpleData>
		<SimpleData name="Individuo">545.000000</SimpleData>
		<SimpleData name="X">436607.000000</SimpleData>
		<SimpleData name="Y">7203325.000000</SimpleData>
	</SchemaData></ExtendedData>
      <Point><coordinates>-57.6296681601217,-25.2851825525047</coordinates></Point>
  </Placemark>
  <Placemark id="inviduos_completos.546">
	<ExtendedData><SchemaData schemaUrl="#inviduos_completos">
		<SimpleData name="Nº">546.000000</SimpleData>
		<SimpleData name="Individuo">546.000000</SimpleData>
		<SimpleData name="X">436601.000000</SimpleData>
		<SimpleData name="Y">7203314.000000</SimpleData>
	</SchemaData></ExtendedData>
      <Point><coordinates>-57.6297282668153,-25.2852816303197</coordinates></Point>
  </Placemark>
  <Placemark id="inviduos_completos.547">
	<ExtendedData><SchemaData schemaUrl="#inviduos_completos">
		<SimpleData name="Nº">547.000000</SimpleData>
		<SimpleData name="Individuo">547.000000</SimpleData>
		<SimpleData name="X">436605.000000</SimpleData>
		<SimpleData name="Y">7203313.000000</SimpleData>
	</SchemaData></ExtendedData>
      <Point><coordinates>-57.6296885842232,-25.2852908300858</coordinates></Point>
  </Placemark>
  <Placemark id="inviduos_completos.548">
	<ExtendedData><SchemaData schemaUrl="#inviduos_completos">
		<SimpleData name="Nº">548.000000</SimpleData>
		<SimpleData name="Individuo">548.000000</SimpleData>
		<SimpleData name="X">436587.000000</SimpleData>
		<SimpleData name="Y">7203312.000000</SimpleData>
	</SchemaData></ExtendedData>
      <Point><coordinates>-57.6298674123536,-25.2852990971355</coordinates></Point>
  </Placemark>
  <Placemark id="inviduos_completos.549">
	<ExtendedData><SchemaData schemaUrl="#inviduos_completos">
		<SimpleData name="Nº">549.000000</SimpleData>
		<SimpleData name="Individuo">549.000000</SimpleData>
		<SimpleData name="X">436582.000000</SimpleData>
		<SimpleData name="Y">7203309.000000</SimpleData>
	</SchemaData></ExtendedData>
      <Point><coordinates>-57.6299172138098,-25.2853259757007</coordinates></Point>
  </Placemark>
  <Placemark id="inviduos_completos.550">
	<ExtendedData><SchemaData schemaUrl="#inviduos_completos">
		<SimpleData name="Nº">550.000000</SimpleData>
		<SimpleData name="Individuo">550.000000</SimpleData>
		<SimpleData name="X">436587.000000</SimpleData>
		<SimpleData name="Y">7203309.000000</SimpleData>
	</SchemaData></ExtendedData>
      <Point><coordinates>-57.629867552271,-25.2853261877246</coordinates></Point>
  </Placemark>
  <Placemark id="inviduos_completos.551">
	<ExtendedData><SchemaData schemaUrl="#inviduos_completos">
		<SimpleData name="Nº">551.000000</SimpleData>
		<SimpleData name="Individuo">551.000000</SimpleData>
		<SimpleData name="X">436588.000000</SimpleData>
		<SimpleData name="Y">7203308.000000</SimpleData>
	</SchemaData></ExtendedData>
      <Point><coordinates>-57.6298576666016,-25.2853352603238</coordinates></Point>
  </Placemark>
  <Placemark id="inviduos_completos.552">
	<ExtendedData><SchemaData schemaUrl="#inviduos_completos">
		<SimpleData name="Nº">552.000000</SimpleData>
		<SimpleData name="Individuo">552.000000</SimpleData>
		<SimpleData name="X">436599.000000</SimpleData>
		<SimpleData name="Y">7203289.000000</SimpleData>
	</SchemaData></ExtendedData>
      <Point><coordinates>-57.6297492971871,-25.2855073004431</coordinates></Point>
  </Placemark>
  <Placemark id="inviduos_completos.553">
	<ExtendedData><SchemaData schemaUrl="#inviduos_completos">
		<SimpleData name="Nº">553.000000</SimpleData>
		<SimpleData name="Individuo">553.000000</SimpleData>
		<SimpleData name="X">436596.000000</SimpleData>
		<SimpleData name="Y">7203289.000000</SimpleData>
	</SchemaData></ExtendedData>
      <Point><coordinates>-57.6297790941553,-25.2855071732538</coordinates></Point>
  </Placemark>
  <Placemark id="inviduos_completos.554">
	<ExtendedData><SchemaData schemaUrl="#inviduos_completos">
		<SimpleData name="Nº">554.000000</SimpleData>
		<SimpleData name="Individuo">554.000000</SimpleData>
		<SimpleData name="X">436582.000000</SimpleData>
		<SimpleData name="Y">7203284.000000</SimpleData>
	</SchemaData></ExtendedData>
      <Point><coordinates>-57.629918379888,-25.2855517306041</coordinates></Point>
  </Placemark>
  <Placemark id="inviduos_completos.555">
	<ExtendedData><SchemaData schemaUrl="#inviduos_completos">
		<SimpleData name="Nº">555.000000</SimpleData>
		<SimpleData name="Individuo">555.000000</SimpleData>
		<SimpleData name="X">436579.000000</SimpleData>
		<SimpleData name="Y">7203279.000000</SimpleData>
	</SchemaData></ExtendedData>
      <Point><coordinates>-57.6299484100945,-25.28559675436</coordinates></Point>
  </Placemark>
  <Placemark id="inviduos_completos.556">
	<ExtendedData><SchemaData schemaUrl="#inviduos_completos">
		<SimpleData name="Nº">556.000000</SimpleData>
		<SimpleData name="Individuo">556.000000</SimpleData>
		<SimpleData name="X">436580.000000</SimpleData>
		<SimpleData name="Y">7203285.000000</SimpleData>
	</SchemaData></ExtendedData>
      <Point><coordinates>-57.6299381978952,-25.285542615593</coordinates></Point>
  </Placemark>
  <Placemark id="inviduos_completos.557">
	<ExtendedData><SchemaData schemaUrl="#inviduos_completos">
		<SimpleData name="Nº">557.000000</SimpleData>
		<SimpleData name="Individuo">557.000000</SimpleData>
		<SimpleData name="X">436582.000000</SimpleData>
		<SimpleData name="Y">7203284.000000</SimpleData>
	</SchemaData></ExtendedData>
      <Point><coordinates>-57.629918379888,-25.2855517306041</coordinates></Point>
  </Placemark>
  <Placemark id="inviduos_completos.558">
	<ExtendedData><SchemaData schemaUrl="#inviduos_completos">
		<SimpleData name="Nº">558.000000</SimpleData>
		<SimpleData name="Individuo">558.000000</SimpleData>
		<SimpleData name="X">436570.000000</SimpleData>
		<SimpleData name="Y">7203297.000000</SimpleData>
	</SchemaData></ExtendedData>
      <Point><coordinates>-57.6300369613222,-25.2854338291269</coordinates></Point>
  </Placemark>
  <Placemark id="inviduos_completos.559">
	<ExtendedData><SchemaData schemaUrl="#inviduos_completos">
		<SimpleData name="Nº">559.000000</SimpleData>
		<SimpleData name="Individuo">559.000000</SimpleData>
		<SimpleData name="X">436569.000000</SimpleData>
		<SimpleData name="Y">7203299.000000</SimpleData>
	</SchemaData></ExtendedData>
      <Point><coordinates>-57.6300468003332,-25.2854157263201</coordinates></Point>
  </Placemark>
  <Placemark id="inviduos_completos.560">
	<ExtendedData><SchemaData schemaUrl="#inviduos_completos">
		<SimpleData name="Nº">560.000000</SimpleData>
		<SimpleData name="Individuo">560.000000</SimpleData>
		<SimpleData name="X">436559.000000</SimpleData>
		<SimpleData name="Y">7203300.000000</SimpleData>
	</SchemaData></ExtendedData>
      <Point><coordinates>-57.6301460768197,-25.2854062719376</coordinates></Point>
  </Placemark>
  <Placemark id="inviduos_completos.561">
	<ExtendedData><SchemaData schemaUrl="#inviduos_completos">
		<SimpleData name="Nº">561.000000</SimpleData>
		<SimpleData name="Individuo">561.000000</SimpleData>
		<SimpleData name="X">436559.000000</SimpleData>
		<SimpleData name="Y">7203303.000000</SimpleData>
	</SchemaData></ExtendedData>
      <Point><coordinates>-57.6301459368399,-25.2853791813502</coordinates></Point>
  </Placemark>
  <Placemark id="inviduos_completos.562">
	<ExtendedData><SchemaData schemaUrl="#inviduos_completos">
		<SimpleData name="Nº">562.000000</SimpleData>
		<SimpleData name="Individuo">562.000000</SimpleData>
		<SimpleData name="X">436558.000000</SimpleData>
		<SimpleData name="Y">7203302.000000</SimpleData>
	</SchemaData></ExtendedData>
      <Point><coordinates>-57.6301559158121,-25.2853881691237</coordinates></Point>
  </Placemark>
  <Placemark id="inviduos_completos.563">
	<ExtendedData><SchemaData schemaUrl="#inviduos_completos">
		<SimpleData name="Nº">563.000000</SimpleData>
		<SimpleData name="Individuo">563.000000</SimpleData>
		<SimpleData name="X">436559.000000</SimpleData>
		<SimpleData name="Y">7203284.000000</SimpleData>
	</SchemaData></ExtendedData>
      <Point><coordinates>-57.630146823382,-25.2855507550686</coordinates></Point>
  </Placemark>
  <Placemark id="inviduos_completos.564">
	<ExtendedData><SchemaData schemaUrl="#inviduos_completos">
		<SimpleData name="Nº">564.000000</SimpleData>
		<SimpleData name="Individuo">564.000000</SimpleData>
		<SimpleData name="X">436572.000000</SimpleData>
		<SimpleData name="Y">7203308.000000</SimpleData>
	</SchemaData></ExtendedData>
      <Point><coordinates>-57.6300165835359,-25.2853345817987</coordinates></Point>
  </Placemark>
  <Placemark id="inviduos_completos.565">
	<ExtendedData><SchemaData schemaUrl="#inviduos_completos">
		<SimpleData name="Nº">565.000000</SimpleData>
		<SimpleData name="Individuo">565.000000</SimpleData>
		<SimpleData name="X">436573.000000</SimpleData>
		<SimpleData name="Y">7203311.000000</SimpleData>
	</SchemaData></ExtendedData>
      <Point><coordinates>-57.6300065112793,-25.2853075336231</coordinates></Point>
  </Placemark>
  <Placemark id="inviduos_completos.566">
	<ExtendedData><SchemaData schemaUrl="#inviduos_completos">
		<SimpleData name="Nº">566.000000</SimpleData>
		<SimpleData name="Individuo">566.000000</SimpleData>
		<SimpleData name="X">436564.000000</SimpleData>
		<SimpleData name="Y">7203312.000000</SimpleData>
	</SchemaData></ExtendedData>
      <Point><coordinates>-57.6300958553766,-25.285298121688</coordinates></Point>
  </Placemark>
  <Placemark id="inviduos_completos.567">
	<ExtendedData><SchemaData schemaUrl="#inviduos_completos">
		<SimpleData name="Nº">567.000000</SimpleData>
		<SimpleData name="Individuo">567.000000</SimpleData>
		<SimpleData name="X">436561.000000</SimpleData>
		<SimpleData name="Y">7203311.000000</SimpleData>
	</SchemaData></ExtendedData>
      <Point><coordinates>-57.63012569895,-25.2853070246256</coordinates></Point>
  </Placemark>
  <Placemark id="inviduos_completos.568">
	<ExtendedData><SchemaData schemaUrl="#inviduos_completos">
		<SimpleData name="Nº">568.000000</SimpleData>
		<SimpleData name="Individuo">568.000000</SimpleData>
		<SimpleData name="X">436562.000000</SimpleData>
		<SimpleData name="Y">7203312.000000</SimpleData>
	</SchemaData></ExtendedData>
      <Point><coordinates>-57.6301157199867,-25.2852980368498</coordinates></Point>
  </Placemark>
  <Placemark id="inviduos_completos.569">
	<ExtendedData><SchemaData schemaUrl="#inviduos_completos">
		<SimpleData name="Nº">569.000000</SimpleData>
		<SimpleData name="Individuo">569.000000</SimpleData>
		<SimpleData name="X">436561.000000</SimpleData>
		<SimpleData name="Y">7203309.000000</SimpleData>
	</SchemaData></ExtendedData>
      <Point><coordinates>-57.6301257922665,-25.2853250850174</coordinates></Point>
  </Placemark>
  <Placemark id="inviduos_completos.570">
	<ExtendedData><SchemaData schemaUrl="#inviduos_completos">
		<SimpleData name="Nº">570.000000</SimpleData>
		<SimpleData name="Individuo">570.000000</SimpleData>
		<SimpleData name="X">436556.000000</SimpleData>
		<SimpleData name="Y">7203308.000000</SimpleData>
	</SchemaData></ExtendedData>
      <Point><coordinates>-57.6301755004643,-25.2853339031024</coordinates></Point>
  </Placemark>
  <Placemark id="inviduos_completos.571">
	<ExtendedData><SchemaData schemaUrl="#inviduos_completos">
		<SimpleData name="Nº">571.000000</SimpleData>
		<SimpleData name="Individuo">571.000000</SimpleData>
		<SimpleData name="X">436554.000000</SimpleData>
		<SimpleData name="Y">7203309.000000</SimpleData>
	</SchemaData></ExtendedData>
      <Point><coordinates>-57.6301953184165,-25.2853247880575</coordinates></Point>
  </Placemark>
  <Placemark id="inviduos_completos.572">
	<ExtendedData><SchemaData schemaUrl="#inviduos_completos">
		<SimpleData name="Nº">572.000000</SimpleData>
		<SimpleData name="Individuo">572.000000</SimpleData>
		<SimpleData name="X">436552.000000</SimpleData>
		<SimpleData name="Y">7203313.000000</SimpleData>
	</SchemaData></ExtendedData>
      <Point><coordinates>-57.6302149963712,-25.2852885824227</coordinates></Point>
  </Placemark>
  <Placemark id="inviduos_completos.573">
	<ExtendedData><SchemaData schemaUrl="#inviduos_completos">
		<SimpleData name="Nº">573.000000</SimpleData>
		<SimpleData name="Individuo">573.000000</SimpleData>
		<SimpleData name="X">436551.000000</SimpleData>
		<SimpleData name="Y">7203312.000000</SimpleData>
	</SchemaData></ExtendedData>
      <Point><coordinates>-57.6302249753408,-25.2852975701917</coordinates></Point>
  </Placemark>
  <Placemark id="inviduos_completos.574">
	<ExtendedData><SchemaData schemaUrl="#inviduos_completos">
		<SimpleData name="Nº">574.000000</SimpleData>
		<SimpleData name="Individuo">574.000000</SimpleData>
		<SimpleData name="X">436548.000000</SimpleData>
		<SimpleData name="Y">7203308.000000</SimpleData>
	</SchemaData></ExtendedData>
      <Point><coordinates>-57.6302549589264,-25.28533356369</coordinates></Point>
  </Placemark>
  <Placemark id="inviduos_completos.575">
	<ExtendedData><SchemaData schemaUrl="#inviduos_completos">
		<SimpleData name="Nº">575.000000</SimpleData>
		<SimpleData name="Individuo">575.000000</SimpleData>
		<SimpleData name="X">436554.000000</SimpleData>
		<SimpleData name="Y">7203321.000000</SimpleData>
	</SchemaData></ExtendedData>
      <Point><coordinates>-57.6301947584569,-25.2852164257072</coordinates></Point>
  </Placemark>
  <Placemark id="inviduos_completos.576">
	<ExtendedData><SchemaData schemaUrl="#inviduos_completos">
		<SimpleData name="Nº">576.000000</SimpleData>
		<SimpleData name="Individuo">576.000000</SimpleData>
		<SimpleData name="X">436569.000000</SimpleData>
		<SimpleData name="Y">7203322.000000</SimpleData>
	</SchemaData></ExtendedData>
      <Point><coordinates>-57.6300457273286,-25.2852080318105</coordinates></Point>
  </Placemark>
  <Placemark id="inviduos_completos.577">
	<ExtendedData><SchemaData schemaUrl="#inviduos_completos">
		<SimpleData name="Nº">577.000000</SimpleData>
		<SimpleData name="Individuo">577.000000</SimpleData>
		<SimpleData name="X">436576.000000</SimpleData>
		<SimpleData name="Y">7203324.000000</SimpleData>
	</SchemaData></ExtendedData>
      <Point><coordinates>-57.6299761079492,-25.285190268306</coordinates></Point>
  </Placemark>
  <Placemark id="inviduos_completos.578">
	<ExtendedData><SchemaData schemaUrl="#inviduos_completos">
		<SimpleData name="Nº">578.000000</SimpleData>
		<SimpleData name="Individuo">578.000000</SimpleData>
		<SimpleData name="X">436573.000000</SimpleData>
		<SimpleData name="Y">7203331.000000</SimpleData>
	</SchemaData></ExtendedData>
      <Point><coordinates>-57.6300055782953,-25.285126929698</coordinates></Point>
  </Placemark>
  <Placemark id="inviduos_completos.579">
	<ExtendedData><SchemaData schemaUrl="#inviduos_completos">
		<SimpleData name="Nº">579.000000</SimpleData>
		<SimpleData name="Individuo">579.000000</SimpleData>
		<SimpleData name="X">436570.000000</SimpleData>
		<SimpleData name="Y">7203337.000000</SimpleData>
	</SchemaData></ExtendedData>
      <Point><coordinates>-57.6300350952625,-25.2850726212806</coordinates></Point>
  </Placemark>
  <Placemark id="inviduos_completos.580">
	<ExtendedData><SchemaData schemaUrl="#inviduos_completos">
		<SimpleData name="Nº">580.000000</SimpleData>
		<SimpleData name="Individuo">580.000000</SimpleData>
		<SimpleData name="X">436571.000000</SimpleData>
		<SimpleData name="Y">7203333.000000</SimpleData>
	</SchemaData></ExtendedData>
      <Point><coordinates>-57.6300253495771,-25.2851087844798</coordinates></Point>
  </Placemark>
  <Placemark id="inviduos_completos.581">
	<ExtendedData><SchemaData schemaUrl="#inviduos_completos">
		<SimpleData name="Nº">581.000000</SimpleData>
		<SimpleData name="Individuo">581.000000</SimpleData>
		<SimpleData name="X">436569.000000</SimpleData>
		<SimpleData name="Y">7203330.000000</SimpleData>
	</SchemaData></ExtendedData>
      <Point><coordinates>-57.6300453541124,-25.2851357902405</coordinates></Point>
  </Placemark>
  <Placemark id="inviduos_completos.582">
	<ExtendedData><SchemaData schemaUrl="#inviduos_completos">
		<SimpleData name="Nº">582.000000</SimpleData>
		<SimpleData name="Individuo">582.000000</SimpleData>
		<SimpleData name="X">436566.000000</SimpleData>
		<SimpleData name="Y">7203329.000000</SimpleData>
	</SchemaData></ExtendedData>
      <Point><coordinates>-57.6300751976423,-25.2851446931894</coordinates></Point>
  </Placemark>
  <Placemark id="inviduos_completos.583">
	<ExtendedData><SchemaData schemaUrl="#inviduos_completos">
		<SimpleData name="Nº">583.000000</SimpleData>
		<SimpleData name="Individuo">583.000000</SimpleData>
		<SimpleData name="X">436561.000000</SimpleData>
		<SimpleData name="Y">7203339.000000</SimpleData>
	</SchemaData></ExtendedData>
      <Point><coordinates>-57.6301243925279,-25.285054179135</coordinates></Point>
  </Placemark>
  <Placemark id="inviduos_completos.584">
	<ExtendedData><SchemaData schemaUrl="#inviduos_completos">
		<SimpleData name="Nº">584.000000</SimpleData>
		<SimpleData name="Individuo">584.000000</SimpleData>
		<SimpleData name="X">436558.000000</SimpleData>
		<SimpleData name="Y">7203333.000000</SimpleData>
	</SchemaData></ExtendedData>
      <Point><coordinates>-57.6301544693426,-25.285108233049</coordinates></Point>
  </Placemark>
  <Placemark id="inviduos_completos.585">
	<ExtendedData><SchemaData schemaUrl="#inviduos_completos">
		<SimpleData name="Nº">585.000000</SimpleData>
		<SimpleData name="Individuo">585.000000</SimpleData>
		<SimpleData name="X">436556.000000</SimpleData>
		<SimpleData name="Y">7203326.000000</SimpleData>
	</SchemaData></ExtendedData>
      <Point><coordinates>-57.6301746605522,-25.2851713595759</coordinates></Point>
  </Placemark>
  <Placemark id="inviduos_completos.586">
	<ExtendedData><SchemaData schemaUrl="#inviduos_completos">
		<SimpleData name="Nº">586.000000</SimpleData>
		<SimpleData name="Individuo">586.000000</SimpleData>
		<SimpleData name="X">436550.000000</SimpleData>
		<SimpleData name="Y">7203331.000000</SimpleData>
	</SchemaData></ExtendedData>
      <Point><coordinates>-57.6302340209898,-25.2851259540428</coordinates></Point>
  </Placemark>
  <Placemark id="inviduos_completos.587">
	<ExtendedData><SchemaData schemaUrl="#inviduos_completos">
		<SimpleData name="Nº">587.000000</SimpleData>
		<SimpleData name="Individuo">587.000000</SimpleData>
		<SimpleData name="X">436541.000000</SimpleData>
		<SimpleData name="Y">7203327.000000</SimpleData>
	</SchemaData></ExtendedData>
      <Point><coordinates>-57.6303235982963,-25.2851616929515</coordinates></Point>
  </Placemark>
  <Placemark id="inviduos_completos.588">
	<ExtendedData><SchemaData schemaUrl="#inviduos_completos">
		<SimpleData name="Nº">588.000000</SimpleData>
		<SimpleData name="Individuo">588.000000</SimpleData>
		<SimpleData name="X">436543.000000</SimpleData>
		<SimpleData name="Y">7203332.000000</SimpleData>
	</SchemaData></ExtendedData>
      <Point><coordinates>-57.6303035003538,-25.2851166268382</coordinates></Point>
  </Placemark>
  <Placemark id="inviduos_completos.589">
	<ExtendedData><SchemaData schemaUrl="#inviduos_completos">
		<SimpleData name="Nº">589.000000</SimpleData>
		<SimpleData name="Individuo">589.000000</SimpleData>
		<SimpleData name="X">436541.000000</SimpleData>
		<SimpleData name="Y">7203336.000000</SimpleData>
	</SchemaData></ExtendedData>
      <Point><coordinates>-57.6303231782438,-25.2850804211892</coordinates></Point>
  </Placemark>
  <Placemark id="inviduos_completos.590">
	<ExtendedData><SchemaData schemaUrl="#inviduos_completos">
		<SimpleData name="Nº">590.000000</SimpleData>
		<SimpleData name="Individuo">590.000000</SimpleData>
		<SimpleData name="X">436541.000000</SimpleData>
		<SimpleData name="Y">7203343.000000</SimpleData>
	</SchemaData></ExtendedData>
      <Point><coordinates>-57.6303228515377,-25.2850172098178</coordinates></Point>
  </Placemark>
  <Placemark id="inviduos_completos.591">
	<ExtendedData><SchemaData schemaUrl="#inviduos_completos">
		<SimpleData name="Nº">591.000000</SimpleData>
		<SimpleData name="Individuo">591.000000</SimpleData>
		<SimpleData name="X">436537.000000</SimpleData>
		<SimpleData name="Y">7203338.000000</SimpleData>
	</SchemaData></ExtendedData>
      <Point><coordinates>-57.6303628140408,-25.2850621910585</coordinates></Point>
  </Placemark>
  <Placemark id="inviduos_completos.592">
	<ExtendedData><SchemaData schemaUrl="#inviduos_completos">
		<SimpleData name="Nº">592.000000</SimpleData>
		<SimpleData name="Individuo">592.000000</SimpleData>
		<SimpleData name="X">436531.000000</SimpleData>
		<SimpleData name="Y">7203342.000000</SimpleData>
	</SchemaData></ExtendedData>
      <Point><coordinates>-57.6304222210339,-25.2850258156472</coordinates></Point>
  </Placemark>
  <Placemark id="inviduos_completos.593">
	<ExtendedData><SchemaData schemaUrl="#inviduos_completos">
		<SimpleData name="Nº">593.000000</SimpleData>
		<SimpleData name="Individuo">593.000000</SimpleData>
		<SimpleData name="X">436533.000000</SimpleData>
		<SimpleData name="Y">7203335.000000</SimpleData>
	</SchemaData></ExtendedData>
      <Point><coordinates>-57.6304026832168,-25.2850891118962</coordinates></Point>
  </Placemark>
  <Placemark id="inviduos_completos.594">
	<ExtendedData><SchemaData schemaUrl="#inviduos_completos">
		<SimpleData name="Nº">594.000000</SimpleData>
		<SimpleData name="Individuo">594.000000</SimpleData>
		<SimpleData name="X">436532.000000</SimpleData>
		<SimpleData name="Y">7203333.000000</SimpleData>
	</SchemaData></ExtendedData>
      <Point><coordinates>-57.6304127088624,-25.2851071298485</coordinates></Point>
  </Placemark>
  <Placemark id="inviduos_completos.595">
	<ExtendedData><SchemaData schemaUrl="#inviduos_completos">
		<SimpleData name="Nº">595.000000</SimpleData>
		<SimpleData name="Individuo">595.000000</SimpleData>
		<SimpleData name="X">436534.000000</SimpleData>
		<SimpleData name="Y">7203328.000000</SimpleData>
	</SchemaData></ExtendedData>
      <Point><coordinates>-57.6303930776728,-25.2851523657045</coordinates></Point>
  </Placemark>
  <Placemark id="inviduos_completos.596">
	<ExtendedData><SchemaData schemaUrl="#inviduos_completos">
		<SimpleData name="Nº">596.000000</SimpleData>
		<SimpleData name="Individuo">596.000000</SimpleData>
		<SimpleData name="X">436539.000000</SimpleData>
		<SimpleData name="Y">7203328.000000</SimpleData>
	</SchemaData></ExtendedData>
      <Point><coordinates>-57.6303434162093,-25.2851525778873</coordinates></Point>
  </Placemark>
  <Placemark id="inviduos_completos.597">
	<ExtendedData><SchemaData schemaUrl="#inviduos_completos">
		<SimpleData name="Nº">597.000000</SimpleData>
		<SimpleData name="Individuo">597.000000</SimpleData>
		<SimpleData name="X">436534.000000</SimpleData>
		<SimpleData name="Y">7203325.000000</SimpleData>
	</SchemaData></ExtendedData>
      <Point><coordinates>-57.630393217706,-25.2851794562915</coordinates></Point>
  </Placemark>
  <Placemark id="inviduos_completos.598">
	<ExtendedData><SchemaData schemaUrl="#inviduos_completos">
		<SimpleData name="Nº">598.000000</SimpleData>
		<SimpleData name="Individuo">598.000000</SimpleData>
		<SimpleData name="X">436538.000000</SimpleData>
		<SimpleData name="Y">7203320.000000</SimpleData>
	</SchemaData></ExtendedData>
      <Point><coordinates>-57.6303537219009,-25.2852247770176</coordinates></Point>
  </Placemark>
  <Placemark id="inviduos_completos.599">
	<ExtendedData><SchemaData schemaUrl="#inviduos_completos">
		<SimpleData name="Nº">599.000000</SimpleData>
		<SimpleData name="Individuo">599.000000</SimpleData>
		<SimpleData name="X">436544.000000</SimpleData>
		<SimpleData name="Y">7203321.000000</SimpleData>
	</SchemaData></ExtendedData>
      <Point><coordinates>-57.6302940814383,-25.285216001424</coordinates></Point>
  </Placemark>
  <Placemark id="inviduos_completos.600">
	<ExtendedData><SchemaData schemaUrl="#inviduos_completos">
		<SimpleData name="Nº">600.000000</SimpleData>
		<SimpleData name="Individuo">600.000000</SimpleData>
		<SimpleData name="X">436542.000000</SimpleData>
		<SimpleData name="Y">7203315.000000</SimpleData>
	</SchemaData></ExtendedData>
      <Point><coordinates>-57.6303142260666,-25.2852700977334</coordinates></Point>
  </Placemark>
  <Placemark id="inviduos_completos.601">
	<ExtendedData><SchemaData schemaUrl="#inviduos_completos">
		<SimpleData name="Nº">601.000000</SimpleData>
		<SimpleData name="Individuo">601.000000</SimpleData>
		<SimpleData name="X">436538.000000</SimpleData>
		<SimpleData name="Y">7203319.000000</SimpleData>
	</SchemaData></ExtendedData>
      <Point><coordinates>-57.6303537685759,-25.2852338072132</coordinates></Point>
  </Placemark>
  <Placemark id="inviduos_completos.602">
	<ExtendedData><SchemaData schemaUrl="#inviduos_completos">
		<SimpleData name="Nº">602.000000</SimpleData>
		<SimpleData name="Individuo">602.000000</SimpleData>
		<SimpleData name="X">436533.000000</SimpleData>
		<SimpleData name="Y">7203308.000000</SimpleData>
	</SchemaData></ExtendedData>
      <Point><coordinates>-57.630403943539,-25.2853329271766</coordinates></Point>
  </Placemark>
  <Placemark id="inviduos_completos.603">
	<ExtendedData><SchemaData schemaUrl="#inviduos_completos">
		<SimpleData name="Nº">603.000000</SimpleData>
		<SimpleData name="Individuo">603.000000</SimpleData>
		<SimpleData name="X">436536.000000</SimpleData>
		<SimpleData name="Y">7203322.000000</SimpleData>
	</SchemaData></ExtendedData>
      <Point><coordinates>-57.6303734931453,-25.2852066317536</coordinates></Point>
  </Placemark>
  <Placemark id="inviduos_completos.604">
	<ExtendedData><SchemaData schemaUrl="#inviduos_completos">
		<SimpleData name="Nº">604.000000</SimpleData>
		<SimpleData name="Individuo">604.000000</SimpleData>
		<SimpleData name="X">436535.000000</SimpleData>
		<SimpleData name="Y">7203320.000000</SimpleData>
	</SchemaData></ExtendedData>
      <Point><coordinates>-57.6303835187967,-25.2852246497075</coordinates></Point>
  </Placemark>
  <Placemark id="inviduos_completos.605">
	<ExtendedData><SchemaData schemaUrl="#inviduos_completos">
		<SimpleData name="Nº">605.000000</SimpleData>
		<SimpleData name="Individuo">605.000000</SimpleData>
		<SimpleData name="X">436533.000000</SimpleData>
		<SimpleData name="Y">7203318.000000</SimpleData>
	</SchemaData></ExtendedData>
      <Point><coordinates>-57.6304034767511,-25.2852426252218</coordinates></Point>
  </Placemark>
  <Placemark id="inviduos_completos.606">
	<ExtendedData><SchemaData schemaUrl="#inviduos_completos">
		<SimpleData name="Nº">606.000000</SimpleData>
		<SimpleData name="Individuo">606.000000</SimpleData>
		<SimpleData name="X">436532.000000</SimpleData>
		<SimpleData name="Y">7203321.000000</SimpleData>
	</SchemaData></ExtendedData>
      <Point><coordinates>-57.6304132690129,-25.2852154921958</coordinates></Point>
  </Placemark>
  <Placemark id="inviduos_completos.607">
	<ExtendedData><SchemaData schemaUrl="#inviduos_completos">
		<SimpleData name="Nº">607.000000</SimpleData>
		<SimpleData name="Individuo">607.000000</SimpleData>
		<SimpleData name="X">436530.000000</SimpleData>
		<SimpleData name="Y">7203316.000000</SimpleData>
	</SchemaData></ExtendedData>
      <Point><coordinates>-57.6304333670127,-25.2852605582926</coordinates></Point>
  </Placemark>
  <Placemark id="inviduos_completos.608">
	<ExtendedData><SchemaData schemaUrl="#inviduos_completos">
		<SimpleData name="Nº">608.000000</SimpleData>
		<SimpleData name="Individuo">608.000000</SimpleData>
		<SimpleData name="X">436527.000000</SimpleData>
		<SimpleData name="Y">7203316.000000</SimpleData>
	</SchemaData></ExtendedData>
      <Point><coordinates>-57.6304631639168,-25.2852604309662</coordinates></Point>
  </Placemark>
  <Placemark id="inviduos_completos.609">
	<ExtendedData><SchemaData schemaUrl="#inviduos_completos">
		<SimpleData name="Nº">609.000000</SimpleData>
		<SimpleData name="Individuo">609.000000</SimpleData>
		<SimpleData name="X">436524.000000</SimpleData>
		<SimpleData name="Y">7203316.000000</SimpleData>
	</SchemaData></ExtendedData>
      <Point><coordinates>-57.6304929608206,-25.2852603036339</coordinates></Point>
  </Placemark>
  <Placemark id="inviduos_completos.610">
	<ExtendedData><SchemaData schemaUrl="#inviduos_completos">
		<SimpleData name="Nº">610.000000</SimpleData>
		<SimpleData name="Individuo">610.000000</SimpleData>
		<SimpleData name="X">436517.000000</SimpleData>
		<SimpleData name="Y">7203324.000000</SimpleData>
	</SchemaData></ExtendedData>
      <Point><coordinates>-57.6305621134056,-25.2851877649394</coordinates></Point>
  </Placemark>
  <Placemark id="inviduos_completos.611">
	<ExtendedData><SchemaData schemaUrl="#inviduos_completos">
		<SimpleData name="Nº">611.000000</SimpleData>
		<SimpleData name="Individuo">611.000000</SimpleData>
		<SimpleData name="X">436517.000000</SimpleData>
		<SimpleData name="Y">7203330.000000</SimpleData>
	</SchemaData></ExtendedData>
      <Point><coordinates>-57.6305618332642,-25.2851335837673</coordinates></Point>
  </Placemark>
  <Placemark id="inviduos_completos.612">
	<ExtendedData><SchemaData schemaUrl="#inviduos_completos">
		<SimpleData name="Nº">612.000000</SimpleData>
		<SimpleData name="Individuo">612.000000</SimpleData>
		<SimpleData name="X">436515.000000</SimpleData>
		<SimpleData name="Y">7203327.000000</SimpleData>
	</SchemaData></ExtendedData>
      <Point><coordinates>-57.6305818379208,-25.2851605894528</coordinates></Point>
  </Placemark>
  <Placemark id="inviduos_completos.613">
	<ExtendedData><SchemaData schemaUrl="#inviduos_completos">
		<SimpleData name="Nº">613.000000</SimpleData>
		<SimpleData name="Individuo">613.000000</SimpleData>
		<SimpleData name="X">436513.000000</SimpleData>
		<SimpleData name="Y">7203327.000000</SimpleData>
	</SchemaData></ExtendedData>
      <Point><coordinates>-57.6306017025066,-25.2851605045496</coordinates></Point>
  </Placemark>
  <Placemark id="inviduos_completos.614">
	<ExtendedData><SchemaData schemaUrl="#inviduos_completos">
		<SimpleData name="Nº">614.000000</SimpleData>
		<SimpleData name="Individuo">614.000000</SimpleData>
		<SimpleData name="X">436515.000000</SimpleData>
		<SimpleData name="Y">7203325.000000</SimpleData>
	</SchemaData></ExtendedData>
      <Point><coordinates>-57.6305819313042,-25.2851786498434</coordinates></Point>
  </Placemark>
  <Placemark id="inviduos_completos.615">
	<ExtendedData><SchemaData schemaUrl="#inviduos_completos">
		<SimpleData name="Nº">615.000000</SimpleData>
		<SimpleData name="Individuo">615.000000</SimpleData>
		<SimpleData name="X">436506.000000</SimpleData>
		<SimpleData name="Y">7203330.000000</SimpleData>
	</SchemaData></ExtendedData>
      <Point><coordinates>-57.6306710884616,-25.2851331167817</coordinates></Point>
  </Placemark>
  <Placemark id="inviduos_completos.616">
	<ExtendedData><SchemaData schemaUrl="#inviduos_completos">
		<SimpleData name="Nº">616.000000</SimpleData>
		<SimpleData name="Individuo">616.000000</SimpleData>
		<SimpleData name="X">436511.000000</SimpleData>
		<SimpleData name="Y">7203349.000000</SimpleData>
	</SchemaData></ExtendedData>
      <Point><coordinates>-57.6306205398155,-25.2849617553454</coordinates></Point>
  </Placemark>
  <Placemark id="inviduos_completos.617">
	<ExtendedData><SchemaData schemaUrl="#inviduos_completos">
		<SimpleData name="Nº">617.000000</SimpleData>
		<SimpleData name="Individuo">617.000000</SimpleData>
		<SimpleData name="X">436511.000000</SimpleData>
		<SimpleData name="Y">7203345.000000</SimpleData>
	</SchemaData></ExtendedData>
      <Point><coordinates>-57.6306207265923,-25.2849978761273</coordinates></Point>
  </Placemark>
  <Placemark id="inviduos_completos.618">
	<ExtendedData><SchemaData schemaUrl="#inviduos_completos">
		<SimpleData name="Nº">618.000000</SimpleData>
		<SimpleData name="Individuo">618.000000</SimpleData>
		<SimpleData name="X">436510.000000</SimpleData>
		<SimpleData name="Y">7203342.000000</SimpleData>
	</SchemaData></ExtendedData>
      <Point><coordinates>-57.630630798957,-25.2850249242599</coordinates></Point>
  </Placemark>
  <Placemark id="inviduos_completos.619">
	<ExtendedData><SchemaData schemaUrl="#inviduos_completos">
		<SimpleData name="Nº">619.000000</SimpleData>
		<SimpleData name="Individuo">619.000000</SimpleData>
		<SimpleData name="X">436507.000000</SimpleData>
		<SimpleData name="Y">7203342.000000</SimpleData>
	</SchemaData></ExtendedData>
      <Point><coordinates>-57.6306605958023,-25.2850247968948</coordinates></Point>
  </Placemark>
  <Placemark id="inviduos_completos.620">
	<ExtendedData><SchemaData schemaUrl="#inviduos_completos">
		<SimpleData name="Nº">620.000000</SimpleData>
		<SimpleData name="Individuo">620.000000</SimpleData>
		<SimpleData name="X">436502.000000</SimpleData>
		<SimpleData name="Y">7203342.000000</SimpleData>
	</SchemaData></ExtendedData>
      <Point><coordinates>-57.6307102572108,-25.2850245846063</coordinates></Point>
  </Placemark>
  <Placemark id="inviduos_completos.621">
	<ExtendedData><SchemaData schemaUrl="#inviduos_completos">
		<SimpleData name="Nº">621.000000</SimpleData>
		<SimpleData name="Individuo">621.000000</SimpleData>
		<SimpleData name="X">436505.000000</SimpleData>
		<SimpleData name="Y">7203340.000000</SimpleData>
	</SchemaData></ExtendedData>
      <Point><coordinates>-57.6306805537633,-25.285042772372</coordinates></Point>
  </Placemark>
  <Placemark id="inviduos_completos.622">
	<ExtendedData><SchemaData schemaUrl="#inviduos_completos">
		<SimpleData name="Nº">622.000000</SimpleData>
		<SimpleData name="Individuo">622.000000</SimpleData>
		<SimpleData name="X">436497.000000</SimpleData>
		<SimpleData name="Y">7203332.000000</SimpleData>
	</SchemaData></ExtendedData>
      <Point><coordinates>-57.6307603856659,-25.2851146742522</coordinates></Point>
  </Placemark>
  <Placemark id="inviduos_completos.623">
	<ExtendedData><SchemaData schemaUrl="#inviduos_completos">
		<SimpleData name="Nº">623.000000</SimpleData>
		<SimpleData name="Individuo">623.000000</SimpleData>
		<SimpleData name="X">436499.000000</SimpleData>
		<SimpleData name="Y">7203332.000000</SimpleData>
	</SchemaData></ExtendedData>
      <Point><coordinates>-57.6307405210881,-25.2851147591767</coordinates></Point>
  </Placemark>
  <Placemark id="inviduos_completos.624">
	<ExtendedData><SchemaData schemaUrl="#inviduos_completos">
		<SimpleData name="Nº">624.000000</SimpleData>
		<SimpleData name="Individuo">624.000000</SimpleData>
		<SimpleData name="X">436490.000000</SimpleData>
		<SimpleData name="Y">7203342.000000</SimpleData>
	</SchemaData></ExtendedData>
      <Point><coordinates>-57.6308294445888,-25.2850240750456</coordinates></Point>
  </Placemark>
  <Placemark id="inviduos_completos.625">
	<ExtendedData><SchemaData schemaUrl="#inviduos_completos">
		<SimpleData name="Nº">625.000000</SimpleData>
		<SimpleData name="Individuo">625.000000</SimpleData>
		<SimpleData name="X">436486.000000</SimpleData>
		<SimpleData name="Y">7203344.000000</SimpleData>
	</SchemaData></ExtendedData>
      <Point><coordinates>-57.6308690802888,-25.2850058447806</coordinates></Point>
  </Placemark>
  <Placemark id="inviduos_completos.626">
	<ExtendedData><SchemaData schemaUrl="#inviduos_completos">
		<SimpleData name="Nº">626.000000</SimpleData>
		<SimpleData name="Individuo">626.000000</SimpleData>
		<SimpleData name="X">436645.000000</SimpleData>
		<SimpleData name="Y">7203400.000000</SimpleData>
	</SchemaData></ExtendedData>
      <Point><coordinates>-57.6292872381895,-25.2845068979753</coordinates></Point>
  </Placemark>
  <Placemark id="inviduos_completos.627">
	<ExtendedData><SchemaData schemaUrl="#inviduos_completos">
		<SimpleData name="Nº">627.000000</SimpleData>
		<SimpleData name="Individuo">627.000000</SimpleData>
		<SimpleData name="X">436599.000000</SimpleData>
		<SimpleData name="Y">7203382.000000</SimpleData>
	</SchemaData></ExtendedData>
      <Point><coordinates>-57.6297449606201,-25.2846674921347</coordinates></Point>
  </Placemark>
  <Placemark id="inviduos_completos.628">
	<ExtendedData><SchemaData schemaUrl="#inviduos_completos">
		<SimpleData name="Nº">628.000000</SimpleData>
		<SimpleData name="Individuo">628.000000</SimpleData>
		<SimpleData name="X">436492.000000</SimpleData>
		<SimpleData name="Y">7203370.000000</SimpleData>
	</SchemaData></ExtendedData>
      <Point><coordinates>-57.6308082722029,-25.2847713145121</coordinates></Point>
  </Placemark>
  <Placemark id="inviduos_completos.629">
	<ExtendedData><SchemaData schemaUrl="#inviduos_completos">
		<SimpleData name="Nº">629.000000</SimpleData>
		<SimpleData name="Individuo">629.000000</SimpleData>
		<SimpleData name="X">436508.000000</SimpleData>
		<SimpleData name="Y">7203325.000000</SimpleData>
	</SchemaData></ExtendedData>
      <Point><coordinates>-57.6306514573647,-25.2851783526702</coordinates></Point>
  </Placemark>
  <Placemark id="inviduos_completos.630">
	<ExtendedData><SchemaData schemaUrl="#inviduos_completos">
		<SimpleData name="Nº">630.000000</SimpleData>
		<SimpleData name="Individuo">630.000000</SimpleData>
		<SimpleData name="X">436535.000000</SimpleData>
		<SimpleData name="Y">7203398.000000</SimpleData>
	</SchemaData></ExtendedData>
      <Point><coordinates>-57.6303798780465,-25.2845202944177</coordinates></Point>
  </Placemark>
  <Placemark id="inviduos_completos.631">
	<ExtendedData><SchemaData schemaUrl="#inviduos_completos">
		<SimpleData name="Nº">631.000000</SimpleData>
		<SimpleData name="Individuo">631.000000</SimpleData>
		<SimpleData name="X">436489.000000</SimpleData>
		<SimpleData name="Y">7203330.000000</SimpleData>
	</SchemaData></ExtendedData>
      <Point><coordinates>-57.6308399373977,-25.2851323949175</coordinates></Point>
  </Placemark>
  <Placemark id="inviduos_completos.632">
	<ExtendedData><SchemaData schemaUrl="#inviduos_completos">
		<SimpleData name="Nº">632.000000</SimpleData>
		<SimpleData name="Individuo">632.000000</SimpleData>
		<SimpleData name="X">436502.000000</SimpleData>
		<SimpleData name="Y">7203317.000000</SimpleData>
	</SchemaData></ExtendedData>
      <Point><coordinates>-57.6307114247412,-25.2852503394844</coordinates></Point>
  </Placemark>
  <Placemark id="inviduos_completos.633">
	<ExtendedData><SchemaData schemaUrl="#inviduos_completos">
		<SimpleData name="Nº">633.000000</SimpleData>
		<SimpleData name="Individuo">633.000000</SimpleData>
		<SimpleData name="X">436514.000000</SimpleData>
		<SimpleData name="Y">7203315.000000</SimpleData>
	</SchemaData></ExtendedData>
      <Point><coordinates>-57.6305923305247,-25.2852689093444</coordinates></Point>
  </Placemark>
  <Placemark id="inviduos_completos.634">
	<ExtendedData><SchemaData schemaUrl="#inviduos_completos">
		<SimpleData name="Nº">634.000000</SimpleData>
		<SimpleData name="Individuo">634.000000</SimpleData>
		<SimpleData name="X">436517.000000</SimpleData>
		<SimpleData name="Y">7203311.000000</SimpleData>
	</SchemaData></ExtendedData>
      <Point><coordinates>-57.6305627203815,-25.2853051574777</coordinates></Point>
  </Placemark>
  <Placemark id="inviduos_completos.635">
	<ExtendedData><SchemaData schemaUrl="#inviduos_completos">
		<SimpleData name="Nº">635.000000</SimpleData>
		<SimpleData name="Individuo">635.000000</SimpleData>
		<SimpleData name="X">436554.000000</SimpleData>
		<SimpleData name="Y">7203296.000000</SimpleData>
	</SchemaData></ExtendedData>
      <Point><coordinates>-57.6301959250431,-25.2854421806019</coordinates></Point>
  </Placemark>
  <Placemark id="inviduos_completos.636">
	<ExtendedData><SchemaData schemaUrl="#inviduos_completos">
		<SimpleData name="Nº">636.000000</SimpleData>
		<SimpleData name="Individuo">636.000000</SimpleData>
		<SimpleData name="X">436552.000000</SimpleData>
		<SimpleData name="Y">7203295.000000</SimpleData>
	</SchemaData></ExtendedData>
      <Point><coordinates>-57.6302158363416,-25.2854511259453</coordinates></Point>
  </Placemark>
  <Placemark id="inviduos_completos.637">
	<ExtendedData><SchemaData schemaUrl="#inviduos_completos">
		<SimpleData name="Nº">637.000000</SimpleData>
		<SimpleData name="Individuo">637.000000</SimpleData>
		<SimpleData name="X">436562.000000</SimpleData>
		<SimpleData name="Y">7203286.000000</SimpleData>
	</SchemaData></ExtendedData>
      <Point><coordinates>-57.630116933089,-25.2855328219411</coordinates></Point>
  </Placemark>
  <Placemark id="inviduos_completos.638">
	<ExtendedData><SchemaData schemaUrl="#inviduos_completos">
		<SimpleData name="Nº">638.000000</SimpleData>
		<SimpleData name="Individuo">638.000000</SimpleData>
		<SimpleData name="X">436576.000000</SimpleData>
		<SimpleData name="Y">7203275.000000</SimpleData>
	</SchemaData></ExtendedData>
      <Point><coordinates>-57.6299783936754,-25.2856327479133</coordinates></Point>
  </Placemark>
  <Placemark id="inviduos_completos.639">
	<ExtendedData><SchemaData schemaUrl="#inviduos_completos">
		<SimpleData name="Nº">639.000000</SimpleData>
		<SimpleData name="Individuo">639.000000</SimpleData>
		<SimpleData name="X">436575.000000</SimpleData>
		<SimpleData name="Y">7203277.000000</SimpleData>
	</SchemaData></ExtendedData>
      <Point><coordinates>-57.6299882327105,-25.2856146451103</coordinates></Point>
  </Placemark>
  <Placemark id="inviduos_completos.640">
	<ExtendedData><SchemaData schemaUrl="#inviduos_completos">
		<SimpleData name="Nº">640.000000</SimpleData>
		<SimpleData name="Individuo">640.000000</SimpleData>
		<SimpleData name="X">436574.000000</SimpleData>
		<SimpleData name="Y">7203268.000000</SimpleData>
	</SchemaData></ExtendedData>
      <Point><coordinates>-57.6299985848875,-25.2856958744599</coordinates></Point>
  </Placemark>
  <Placemark id="inviduos_completos.641">
	<ExtendedData><SchemaData schemaUrl="#inviduos_completos">
		<SimpleData name="Nº">641.000000</SimpleData>
		<SimpleData name="Individuo">641.000000</SimpleData>
		<SimpleData name="X">436578.000000</SimpleData>
		<SimpleData name="Y">7203271.000000</SimpleData>
	</SchemaData></ExtendedData>
      <Point><coordinates>-57.6299587155966,-25.2856689535173</coordinates></Point>
  </Placemark>
  <Placemark id="inviduos_completos.642">
	<ExtendedData><SchemaData schemaUrl="#inviduos_completos">
		<SimpleData name="Nº">642.000000</SimpleData>
		<SimpleData name="Individuo">642.000000</SimpleData>
		<SimpleData name="X">436619.000000</SimpleData>
		<SimpleData name="Y">7203267.000000</SimpleData>
	</SchemaData></ExtendedData>
      <Point><coordinates>-57.6295516762862,-25.2857068125429</coordinates></Point>
  </Placemark>
  <Placemark id="inviduos_completos.643">
	<ExtendedData><SchemaData schemaUrl="#inviduos_completos">
		<SimpleData name="Nº">643.000000</SimpleData>
		<SimpleData name="Individuo">643.000000</SimpleData>
		<SimpleData name="X">436620.000000</SimpleData>
		<SimpleData name="Y">7203277.000000</SimpleData>
	</SchemaData></ExtendedData>
      <Point><coordinates>-57.6295412777894,-25.2856165529598</coordinates></Point>
  </Placemark>
  <Placemark id="inviduos_completos.644">
	<ExtendedData><SchemaData schemaUrl="#inviduos_completos">
		<SimpleData name="Nº">644.000000</SimpleData>
		<SimpleData name="Individuo">644.000000</SimpleData>
		<SimpleData name="X">436629.000000</SimpleData>
		<SimpleData name="Y">7203294.000000</SimpleData>
	</SchemaData></ExtendedData>
      <Point><coordinates>-57.6294510944499,-25.2854634210212</coordinates></Point>
  </Placemark>
  <Placemark id="inviduos_completos.645">
	<ExtendedData><SchemaData schemaUrl="#inviduos_completos">
		<SimpleData name="Nº">645.000000</SimpleData>
		<SimpleData name="Individuo">645.000000</SimpleData>
		<SimpleData name="X">436640.000000</SimpleData>
		<SimpleData name="Y">7203307.000000</SimpleData>
	</SchemaData></ExtendedData>
      <Point><coordinates>-57.6293412331258,-25.2853464945457</coordinates></Point>
  </Placemark>
  <Placemark id="inviduos_completos.646">
	<ExtendedData><SchemaData schemaUrl="#inviduos_completos">
		<SimpleData name="Nº">646.000000</SimpleData>
		<SimpleData name="Individuo">646.000000</SimpleData>
		<SimpleData name="X">436641.000000</SimpleData>
		<SimpleData name="Y">7203314.000000</SimpleData>
	</SchemaData></ExtendedData>
      <Point><coordinates>-57.6293309746193,-25.285283325532</coordinates></Point>
  </Placemark>
  <Placemark id="inviduos_completos.647">
	<ExtendedData><SchemaData schemaUrl="#inviduos_completos">
		<SimpleData name="Nº">647.000000</SimpleData>
		<SimpleData name="Individuo">647.000000</SimpleData>
		<SimpleData name="X">436643.000000</SimpleData>
		<SimpleData name="Y">7203315.000000</SimpleData>
	</SchemaData></ExtendedData>
      <Point><coordinates>-57.6293110634107,-25.2852743800671</coordinates></Point>
  </Placemark>
  <Placemark id="inviduos_completos.648">
	<ExtendedData><SchemaData schemaUrl="#inviduos_completos">
		<SimpleData name="Nº">648.000000</SimpleData>
		<SimpleData name="Individuo">648.000000</SimpleData>
		<SimpleData name="X">436643.000000</SimpleData>
		<SimpleData name="Y">7203318.000000</SimpleData>
	</SchemaData></ExtendedData>
      <Point><coordinates>-57.6293109236172,-25.2852472894749</coordinates></Point>
  </Placemark>
  <Placemark id="inviduos_completos.649">
	<ExtendedData><SchemaData schemaUrl="#inviduos_completos">
		<SimpleData name="Nº">649.000000</SimpleData>
		<SimpleData name="Individuo">649.000000</SimpleData>
		<SimpleData name="X">436652.000000</SimpleData>
		<SimpleData name="Y">7203326.000000</SimpleData>
	</SchemaData></ExtendedData>
      <Point><coordinates>-57.6292211601656,-25.2851754291565</coordinates></Point>
  </Placemark>
  <Placemark id="inviduos_completos.650">
	<ExtendedData><SchemaData schemaUrl="#inviduos_completos">
		<SimpleData name="Nº">650.000000</SimpleData>
		<SimpleData name="Individuo">650.000000</SimpleData>
		<SimpleData name="X">436649.000000</SimpleData>
		<SimpleData name="Y">7203326.000000</SimpleData>
	</SchemaData></ExtendedData>
      <Point><coordinates>-57.6292509570558,-25.2851753020754</coordinates></Point>
  </Placemark>
  <Placemark id="inviduos_completos.651">
	<ExtendedData><SchemaData schemaUrl="#inviduos_completos">
		<SimpleData name="Nº">651.000000</SimpleData>
		<SimpleData name="Individuo">651.000000</SimpleData>
		<SimpleData name="X">436655.000000</SimpleData>
		<SimpleData name="Y">7203323.000000</SimpleData>
	</SchemaData></ExtendedData>
      <Point><coordinates>-57.6291915030417,-25.2852026468248</coordinates></Point>
  </Placemark>
  <Placemark id="inviduos_completos.652">
	<ExtendedData><SchemaData schemaUrl="#inviduos_completos">
		<SimpleData name="Nº">652.000000</SimpleData>
		<SimpleData name="Individuo">652.000000</SimpleData>
		<SimpleData name="X">436661.000000</SimpleData>
		<SimpleData name="Y">7203327.000000</SimpleData>
	</SchemaData></ExtendedData>
      <Point><coordinates>-57.6291317229094,-25.285166780166</coordinates></Point>
  </Placemark>
  <Placemark id="inviduos_completos.653">
	<ExtendedData><SchemaData schemaUrl="#inviduos_completos">
		<SimpleData name="Nº">653.000000</SimpleData>
		<SimpleData name="Individuo">653.000000</SimpleData>
		<SimpleData name="X">436659.000000</SimpleData>
		<SimpleData name="Y">7203331.000000</SimpleData>
	</SchemaData></ExtendedData>
      <Point><coordinates>-57.6291514011587,-25.2851305746667</coordinates></Point>
  </Placemark>
  <Placemark id="inviduos_completos.654">
	<ExtendedData><SchemaData schemaUrl="#inviduos_completos">
		<SimpleData name="Nº">654.000000</SimpleData>
		<SimpleData name="Individuo">654.000000</SimpleData>
		<SimpleData name="X">436651.000000</SimpleData>
		<SimpleData name="Y">7203332.000000</SimpleData>
	</SchemaData></ExtendedData>
      <Point><coordinates>-57.6292308129124,-25.2851212056107</coordinates></Point>
  </Placemark>
  <Placemark id="inviduos_completos.655">
	<ExtendedData><SchemaData schemaUrl="#inviduos_completos">
		<SimpleData name="Nº">655.000000</SimpleData>
		<SimpleData name="Individuo">655.000000</SimpleData>
		<SimpleData name="X">436662.000000</SimpleData>
		<SimpleData name="Y">7203343.000000</SimpleData>
	</SchemaData></ExtendedData>
      <Point><coordinates>-57.6291210452781,-25.2850223393519</coordinates></Point>
  </Placemark>
  <Placemark id="inviduos_completos.656">
	<ExtendedData><SchemaData schemaUrl="#inviduos_completos">
		<SimpleData name="Nº">656.000000</SimpleData>
		<SimpleData name="Individuo">656.000000</SimpleData>
		<SimpleData name="X">436662.000000</SimpleData>
		<SimpleData name="Y">7203341.000000</SimpleData>
	</SchemaData></ExtendedData>
      <Point><coordinates>-57.6291211384447,-25.2850403997479</coordinates></Point>
  </Placemark>
  <Placemark id="inviduos_completos.657">
	<ExtendedData><SchemaData schemaUrl="#inviduos_completos">
		<SimpleData name="Nº">657.000000</SimpleData>
		<SimpleData name="Individuo">657.000000</SimpleData>
		<SimpleData name="X">436659.000000</SimpleData>
		<SimpleData name="Y">7203347.000000</SimpleData>
	</SchemaData></ExtendedData>
      <Point><coordinates>-57.6291506557898,-25.2849860914997</coordinates></Point>
  </Placemark>
  <Placemark id="inviduos_completos.658">
	<ExtendedData><SchemaData schemaUrl="#inviduos_completos">
		<SimpleData name="Nº">658.000000</SimpleData>
		<SimpleData name="Individuo">658.000000</SimpleData>
		<SimpleData name="X">436663.000000</SimpleData>
		<SimpleData name="Y">7203353.000000</SimpleData>
	</SchemaData></ExtendedData>
      <Point><coordinates>-57.6291106471695,-25.2849320797229</coordinates></Point>
  </Placemark>
  <Placemark id="inviduos_completos.659">
	<ExtendedData><SchemaData schemaUrl="#inviduos_completos">
		<SimpleData name="Nº">659.000000</SimpleData>
		<SimpleData name="Individuo">659.000000</SimpleData>
		<SimpleData name="X">436664.000000</SimpleData>
		<SimpleData name="Y">7203355.000000</SimpleData>
	</SchemaData></ExtendedData>
      <Point><coordinates>-57.6291006217293,-25.2849140616777</coordinates></Point>
  </Placemark>
  <Placemark id="inviduos_completos.660">
	<ExtendedData><SchemaData schemaUrl="#inviduos_completos">
		<SimpleData name="Nº">660.000000</SimpleData>
		<SimpleData name="Individuo">660.000000</SimpleData>
		<SimpleData name="X">436668.000000</SimpleData>
		<SimpleData name="Y">7203355.000000</SimpleData>
	</SchemaData></ExtendedData>
      <Point><coordinates>-57.6290608926262,-25.2849142310758</coordinates></Point>
  </Placemark>
  <Placemark id="inviduos_completos.661">
	<ExtendedData><SchemaData schemaUrl="#inviduos_completos">
		<SimpleData name="Nº">661.000000</SimpleData>
		<SimpleData name="Individuo">661.000000</SimpleData>
		<SimpleData name="X">436664.000000</SimpleData>
		<SimpleData name="Y">7203347.000000</SimpleData>
	</SchemaData></ExtendedData>
      <Point><coordinates>-57.6291009943821,-25.284986303263</coordinates></Point>
  </Placemark>
  <Placemark id="inviduos_completos.662">
	<ExtendedData><SchemaData schemaUrl="#inviduos_completos">
		<SimpleData name="Nº">662.000000</SimpleData>
		<SimpleData name="Individuo">662.000000</SimpleData>
		<SimpleData name="X">436666.000000</SimpleData>
		<SimpleData name="Y">7203347.000000</SimpleData>
	</SchemaData></ExtendedData>
      <Point><coordinates>-57.6290811298189,-25.2849863879636</coordinates></Point>
  </Placemark>
  <Placemark id="inviduos_completos.663">
	<ExtendedData><SchemaData schemaUrl="#inviduos_completos">
		<SimpleData name="Nº">663.000000</SimpleData>
		<SimpleData name="Individuo">663.000000</SimpleData>
		<SimpleData name="X">436665.000000</SimpleData>
		<SimpleData name="Y">7203345.000000</SimpleData>
	</SchemaData></ExtendedData>
      <Point><coordinates>-57.6290911552625,-25.2850044060099</coordinates></Point>
  </Placemark>
  <Placemark id="inviduos_completos.664">
	<ExtendedData><SchemaData schemaUrl="#inviduos_completos">
		<SimpleData name="Nº">664.000000</SimpleData>
		<SimpleData name="Individuo">664.000000</SimpleData>
		<SimpleData name="X">436673.000000</SimpleData>
		<SimpleData name="Y">7203341.000000</SimpleData>
	</SchemaData></ExtendedData>
      <Point><coordinates>-57.6290118832977,-25.2850408655842</coordinates></Point>
  </Placemark>
  <Placemark id="inviduos_completos.665">
	<ExtendedData><SchemaData schemaUrl="#inviduos_completos">
		<SimpleData name="Nº">665.000000</SimpleData>
		<SimpleData name="Individuo">665.000000</SimpleData>
		<SimpleData name="X">436674.000000</SimpleData>
		<SimpleData name="Y">7203350.000000</SimpleData>
	</SchemaData></ExtendedData>
      <Point><coordinates>-57.6290015318421,-25.2849596361446</coordinates></Point>
  </Placemark>
  <Placemark id="inviduos_completos.666">
	<ExtendedData><SchemaData schemaUrl="#inviduos_completos">
		<SimpleData name="Nº">666.000000</SimpleData>
		<SimpleData name="Individuo">666.000000</SimpleData>
		<SimpleData name="X">436676.000000</SimpleData>
		<SimpleData name="Y">7203350.000000</SimpleData>
	</SchemaData></ExtendedData>
      <Point><coordinates>-57.6289816672828,-25.2849597208317</coordinates></Point>
  </Placemark>
  <Placemark id="inviduos_completos.667">
	<ExtendedData><SchemaData schemaUrl="#inviduos_completos">
		<SimpleData name="Nº">667.000000</SimpleData>
		<SimpleData name="Individuo">667.000000</SimpleData>
		<SimpleData name="X">436674.000000</SimpleData>
		<SimpleData name="Y">7203351.000000</SimpleData>
	</SchemaData></ExtendedData>
      <Point><coordinates>-57.6290014852678,-25.2849506059462</coordinates></Point>
  </Placemark>
  <Placemark id="inviduos_completos.668">
	<ExtendedData><SchemaData schemaUrl="#inviduos_completos">
		<SimpleData name="Nº">668.000000</SimpleData>
		<SimpleData name="Individuo">668.000000</SimpleData>
		<SimpleData name="X">436676.000000</SimpleData>
		<SimpleData name="Y">7203355.000000</SimpleData>
	</SchemaData></ExtendedData>
      <Point><coordinates>-57.628981434419,-25.2849145698398</coordinates></Point>
  </Placemark>
  <Placemark id="inviduos_completos.669">
	<ExtendedData><SchemaData schemaUrl="#inviduos_completos">
		<SimpleData name="Nº">669.000000</SimpleData>
		<SimpleData name="Individuo">669.000000</SimpleData>
		<SimpleData name="X">436678.000000</SimpleData>
		<SimpleData name="Y">7203360.000000</SimpleData>
	</SchemaData></ExtendedData>
      <Point><coordinates>-57.6289613370112,-25.2848695035318</coordinates></Point>
  </Placemark>
  <Placemark id="inviduos_completos.670">
	<ExtendedData><SchemaData schemaUrl="#inviduos_completos">
		<SimpleData name="Nº">670.000000</SimpleData>
		<SimpleData name="Individuo">670.000000</SimpleData>
		<SimpleData name="X">436678.000000</SimpleData>
		<SimpleData name="Y">7203364.000000</SimpleData>
	</SchemaData></ExtendedData>
      <Point><coordinates>-57.6289611507269,-25.2848333827377</coordinates></Point>
  </Placemark>
  <Placemark id="inviduos_completos.671">
	<ExtendedData><SchemaData schemaUrl="#inviduos_completos">
		<SimpleData name="Nº">671.000000</SimpleData>
		<SimpleData name="Individuo">671.000000</SimpleData>
		<SimpleData name="X">436681.000000</SimpleData>
		<SimpleData name="Y">7203368.000000</SimpleData>
	</SchemaData></ExtendedData>
      <Point><coordinates>-57.6289311676435,-25.2847973889643</coordinates></Point>
  </Placemark>
  <Placemark id="inviduos_completos.672">
	<ExtendedData><SchemaData schemaUrl="#inviduos_completos">
		<SimpleData name="Nº">672.000000</SimpleData>
		<SimpleData name="Individuo">672.000000</SimpleData>
		<SimpleData name="X">436679.000000</SimpleData>
		<SimpleData name="Y">7203368.000000</SimpleData>
	</SchemaData></ExtendedData>
      <Point><coordinates>-57.6289510321765,-25.2847973042844</coordinates></Point>
  </Placemark>
  <Placemark id="inviduos_completos.673">
	<ExtendedData><SchemaData schemaUrl="#inviduos_completos">
		<SimpleData name="Nº">673.000000</SimpleData>
		<SimpleData name="Individuo">673.000000</SimpleData>
		<SimpleData name="X">436534.000000</SimpleData>
		<SimpleData name="Y">7203474.000000</SimpleData>
	</SchemaData></ExtendedData>
      <Point><coordinates>-57.6303862629658,-25.2838339570194</coordinates></Point>
  </Placemark>
  <Placemark id="inviduos_completos.674">
	<ExtendedData><SchemaData schemaUrl="#inviduos_completos">
		<SimpleData name="Nº">674.000000</SimpleData>
		<SimpleData name="Individuo">674.000000</SimpleData>
		<SimpleData name="X">436521.000000</SimpleData>
		<SimpleData name="Y">7203485.000000</SimpleData>
	</SchemaData></ExtendedData>
      <Point><coordinates>-57.6305148678502,-25.2837340731304</coordinates></Point>
  </Placemark>
  <Placemark id="inviduos_completos.675">
	<ExtendedData><SchemaData schemaUrl="#inviduos_completos">
		<SimpleData name="Nº">675.000000</SimpleData>
		<SimpleData name="Individuo">675.000000</SimpleData>
		<SimpleData name="X">436502.000000</SimpleData>
		<SimpleData name="Y">7203494.000000</SimpleData>
	</SchemaData></ExtendedData>
      <Point><coordinates>-57.630703158929,-25.2836519947975</coordinates></Point>
  </Placemark>
  <Placemark id="inviduos_completos.676">
	<ExtendedData><SchemaData schemaUrl="#inviduos_completos">
		<SimpleData name="Nº">676.000000</SimpleData>
		<SimpleData name="Individuo">676.000000</SimpleData>
		<SimpleData name="X">436498.000000</SimpleData>
		<SimpleData name="Y">7203498.000000</SimpleData>
	</SchemaData></ExtendedData>
      <Point><coordinates>-57.6307427008067,-25.2836157041775</coordinates></Point>
  </Placemark>
  <Placemark id="inviduos_completos.677">
	<ExtendedData><SchemaData schemaUrl="#inviduos_completos">
		<SimpleData name="Nº">677.000000</SimpleData>
		<SimpleData name="Individuo">677.000000</SimpleData>
		<SimpleData name="X">436493.000000</SimpleData>
		<SimpleData name="Y">7203504.000000</SimpleData>
	</SchemaData></ExtendedData>
      <Point><coordinates>-57.6307920814168,-25.283561310691</coordinates></Point>
  </Placemark>
  <Placemark id="inviduos_completos.678">
	<ExtendedData><SchemaData schemaUrl="#inviduos_completos">
		<SimpleData name="Nº">678.000000</SimpleData>
		<SimpleData name="Individuo">678.000000</SimpleData>
		<SimpleData name="X">436469.000000</SimpleData>
		<SimpleData name="Y">7203521.000000</SimpleData>
	</SchemaData></ExtendedData>
      <Point><coordinates>-57.6310296590427,-25.283406778054</coordinates></Point>
  </Placemark>
  <Placemark id="inviduos_completos.679">
	<ExtendedData><SchemaData schemaUrl="#inviduos_completos">
		<SimpleData name="Nº">679.000000</SimpleData>
		<SimpleData name="Individuo">679.000000</SimpleData>
		<SimpleData name="X">436448.000000</SimpleData>
		<SimpleData name="Y">7203458.000000</SimpleData>
	</SchemaData></ExtendedData>
      <Point><coordinates>-57.6312411786237,-25.2839747882075</coordinates></Point>
  </Placemark>
  <Placemark id="inviduos_completos.680">
	<ExtendedData><SchemaData schemaUrl="#inviduos_completos">
		<SimpleData name="Nº">680.000000</SimpleData>
		<SimpleData name="Individuo">680.000000</SimpleData>
		<SimpleData name="X">436448.000000</SimpleData>
		<SimpleData name="Y">7203460.000000</SimpleData>
	</SchemaData></ExtendedData>
      <Point><coordinates>-57.6312410851476,-25.2839567278162</coordinates></Point>
  </Placemark>
  <Placemark id="inviduos_completos.681">
	<ExtendedData><SchemaData schemaUrl="#inviduos_completos">
		<SimpleData name="Nº">681.000000</SimpleData>
		<SimpleData name="Individuo">681.000000</SimpleData>
		<SimpleData name="X">436445.000000</SimpleData>
		<SimpleData name="Y">7203449.000000</SimpleData>
	</SchemaData></ExtendedData>
      <Point><coordinates>-57.6312713958719,-25.2840559324838</coordinates></Point>
  </Placemark>
  <Placemark id="inviduos_completos.682">
	<ExtendedData><SchemaData schemaUrl="#inviduos_completos">
		<SimpleData name="Nº">682.000000</SimpleData>
		<SimpleData name="Individuo">682.000000</SimpleData>
		<SimpleData name="X">436407.000000</SimpleData>
		<SimpleData name="Y">7203375.000000</SimpleData>
	</SchemaData></ExtendedData>
      <Point><coordinates>-57.6316522804409,-25.2847225515526</coordinates></Point>
  </Placemark>
  <Placemark id="inviduos_completos.683">
	<ExtendedData><SchemaData schemaUrl="#inviduos_completos">
		<SimpleData name="Nº">683.000000</SimpleData>
		<SimpleData name="Individuo">683.000000</SimpleData>
		<SimpleData name="X">436412.000000</SimpleData>
		<SimpleData name="Y">7203372.000000</SimpleData>
	</SchemaData></ExtendedData>
      <Point><coordinates>-57.6316027594637,-25.284749854738</coordinates></Point>
  </Placemark>
  <Placemark id="inviduos_completos.684">
	<ExtendedData><SchemaData schemaUrl="#inviduos_completos">
		<SimpleData name="Nº">684.000000</SimpleData>
		<SimpleData name="Individuo">684.000000</SimpleData>
		<SimpleData name="X">436472.000000</SimpleData>
		<SimpleData name="Y">7203336.000000</SimpleData>
	</SchemaData></ExtendedData>
      <Point><coordinates>-57.6310085059881,-25.2850774916923</coordinates></Point>
  </Placemark>
  <Placemark id="inviduos_completos.685">
	<ExtendedData><SchemaData schemaUrl="#inviduos_completos">
		<SimpleData name="Nº">685.000000</SimpleData>
		<SimpleData name="Individuo">685.000000</SimpleData>
		<SimpleData name="X">436472.000000</SimpleData>
		<SimpleData name="Y">7203349.000000</SimpleData>
	</SchemaData></ExtendedData>
      <Point><coordinates>-57.6310078985894,-25.2849600991605</coordinates></Point>
  </Placemark>
  <Placemark id="inviduos_completos.686">
	<ExtendedData><SchemaData schemaUrl="#inviduos_completos">
		<SimpleData name="Nº">686.000000</SimpleData>
		<SimpleData name="Individuo">686.000000</SimpleData>
		<SimpleData name="X">436474.000000</SimpleData>
		<SimpleData name="Y">7203352.000000</SimpleData>
	</SchemaData></ExtendedData>
      <Point><coordinates>-57.6309878938737,-25.2849330935331</coordinates></Point>
  </Placemark>
  <Placemark id="inviduos_completos.687">
	<ExtendedData><SchemaData schemaUrl="#inviduos_completos">
		<SimpleData name="Nº">687.000000</SimpleData>
		<SimpleData name="Individuo">687.000000</SimpleData>
		<SimpleData name="X">436474.000000</SimpleData>
		<SimpleData name="Y">7203357.000000</SimpleData>
	</SchemaData></ExtendedData>
      <Point><coordinates>-57.6309876602675,-25.2848879425586</coordinates></Point>
  </Placemark>
  <Placemark id="inviduos_completos.688">
	<ExtendedData><SchemaData schemaUrl="#inviduos_completos">
		<SimpleData name="Nº">688.000000</SimpleData>
		<SimpleData name="Individuo">688.000000</SimpleData>
		<SimpleData name="X">436479.000000</SimpleData>
		<SimpleData name="Y">7203361.000000</SimpleData>
	</SchemaData></ExtendedData>
      <Point><coordinates>-57.6309378120475,-25.2848520341592</coordinates></Point>
  </Placemark>
  <Placemark id="inviduos_completos.689">
	<ExtendedData><SchemaData schemaUrl="#inviduos_completos">
		<SimpleData name="Nº">689.000000</SimpleData>
		<SimpleData name="Individuo">689.000000</SimpleData>
		<SimpleData name="X">436482.000000</SimpleData>
		<SimpleData name="Y">7203360.000000</SimpleData>
	</SchemaData></ExtendedData>
      <Point><coordinates>-57.6309080619612,-25.2848611917746</coordinates></Point>
  </Placemark>
  <Placemark id="inviduos_completos.690">
	<ExtendedData><SchemaData schemaUrl="#inviduos_completos">
		<SimpleData name="Nº">690.000000</SimpleData>
		<SimpleData name="Individuo">690.000000</SimpleData>
		<SimpleData name="X">436489.000000</SimpleData>
		<SimpleData name="Y">7203366.000000</SimpleData>
	</SchemaData></ExtendedData>
      <Point><coordinates>-57.6308382558249,-25.2848073078937</coordinates></Point>
  </Placemark>
  <Placemark id="inviduos_completos.691">
	<ExtendedData><SchemaData schemaUrl="#inviduos_completos">
		<SimpleData name="Nº">691.000000</SimpleData>
		<SimpleData name="Individuo">691.000000</SimpleData>
		<SimpleData name="X">436492.000000</SimpleData>
		<SimpleData name="Y">7203371.000000</SimpleData>
	</SchemaData></ExtendedData>
      <Point><coordinates>-57.6308082254952,-25.2847622843167</coordinates></Point>
  </Placemark>
  <Placemark id="inviduos_completos.692">
	<ExtendedData><SchemaData schemaUrl="#inviduos_completos">
		<SimpleData name="Nº">692.000000</SimpleData>
		<SimpleData name="Individuo">692.000000</SimpleData>
		<SimpleData name="X">436493.000000</SimpleData>
		<SimpleData name="Y">7203377.000000</SimpleData>
	</SchemaData></ExtendedData>
      <Point><coordinates>-57.6307980129941,-25.2847081456091</coordinates></Point>
  </Placemark>
  <Placemark id="inviduos_completos.693">
	<ExtendedData><SchemaData schemaUrl="#inviduos_completos">
		<SimpleData name="Nº">693.000000</SimpleData>
		<SimpleData name="Individuo">693.000000</SimpleData>
		<SimpleData name="X">436479.000000</SimpleData>
		<SimpleData name="Y">7203350.000000</SimpleData>
	</SchemaData></ExtendedData>
      <Point><coordinates>-57.6309383259404,-25.2849513663044</coordinates></Point>
  </Placemark>
  <Placemark id="inviduos_completos.694">
	<ExtendedData><SchemaData schemaUrl="#inviduos_completos">
		<SimpleData name="Nº">694.000000</SimpleData>
		<SimpleData name="Individuo">694.000000</SimpleData>
		<SimpleData name="X">436482.000000</SimpleData>
		<SimpleData name="Y">7203353.000000</SimpleData>
	</SchemaData></ExtendedData>
      <Point><coordinates>-57.6309083889684,-25.2849244031401</coordinates></Point>
  </Placemark>
  <Placemark id="inviduos_completos.695">
	<ExtendedData><SchemaData schemaUrl="#inviduos_completos">
		<SimpleData name="Nº">695.000000</SimpleData>
		<SimpleData name="Individuo">695.000000</SimpleData>
		<SimpleData name="X">436450.000000</SimpleData>
		<SimpleData name="Y">7203434.000000</SimpleData>
	</SchemaData></ExtendedData>
      <Point><coordinates>-57.6312224359172,-25.2841915978857</coordinates></Point>
  </Placemark>
  <Placemark id="inviduos_completos.696">
	<ExtendedData><SchemaData schemaUrl="#inviduos_completos">
		<SimpleData name="Nº">696.000000</SimpleData>
		<SimpleData name="Individuo">696.000000</SimpleData>
		<SimpleData name="X">436444.000000</SimpleData>
		<SimpleData name="Y">7203434.000000</SimpleData>
	</SchemaData></ExtendedData>
      <Point><coordinates>-57.6312820291937,-25.2841913429183</coordinates></Point>
  </Placemark>
  <Placemark id="inviduos_completos.697">
	<ExtendedData><SchemaData schemaUrl="#inviduos_completos">
		<SimpleData name="Nº">697.000000</SimpleData>
		<SimpleData name="Individuo">697.000000</SimpleData>
		<SimpleData name="X">436444.000000</SimpleData>
		<SimpleData name="Y">7203437.000000</SimpleData>
	</SchemaData></ExtendedData>
      <Point><coordinates>-57.6312818889693,-25.2841642523324</coordinates></Point>
  </Placemark>
  <Placemark id="inviduos_completos.698">
	<ExtendedData><SchemaData schemaUrl="#inviduos_completos">
		<SimpleData name="Nº">698.000000</SimpleData>
		<SimpleData name="Individuo">698.000000</SimpleData>
		<SimpleData name="X">436438.000000</SimpleData>
		<SimpleData name="Y">7203428.000000</SimpleData>
	</SchemaData></ExtendedData>
      <Point><coordinates>-57.6313419029453,-25.2842452690978</coordinates></Point>
  </Placemark>
  <Placemark id="inviduos_completos.699">
	<ExtendedData><SchemaData schemaUrl="#inviduos_completos">
		<SimpleData name="Nº">699.000000</SimpleData>
		<SimpleData name="Individuo">699.000000</SimpleData>
		<SimpleData name="X">436479.000000</SimpleData>
		<SimpleData name="Y">7203389.000000</SimpleData>
	</SchemaData></ExtendedData>
      <Point><coordinates>-57.6309365039686,-25.2845991886926</coordinates></Point>
  </Placemark>
  <Placemark id="inviduos_completos.700">
	<ExtendedData><SchemaData schemaUrl="#inviduos_completos">
		<SimpleData name="Nº">700.000000</SimpleData>
		<SimpleData name="Individuo">700.000000</SimpleData>
		<SimpleData name="X">436481.000000</SimpleData>
		<SimpleData name="Y">7203391.000000</SimpleData>
	</SchemaData></ExtendedData>
      <Point><coordinates>-57.6309165460449,-25.2845812132483</coordinates></Point>
  </Placemark>
  <Placemark id="inviduos_completos.701">
	<ExtendedData><SchemaData schemaUrl="#inviduos_completos">
		<SimpleData name="Nº">701.000000</SimpleData>
		<SimpleData name="Individuo">701.000000</SimpleData>
		<SimpleData name="X">436506.000000</SimpleData>
		<SimpleData name="Y">7203404.000000</SimpleData>
	</SchemaData></ExtendedData>
      <Point><coordinates>-57.6306676328519,-25.2844648823064</coordinates></Point>
  </Placemark>
  <Placemark id="inviduos_completos.702">
	<ExtendedData><SchemaData schemaUrl="#inviduos_completos">
		<SimpleData name="Nº">702.000000</SimpleData>
		<SimpleData name="Individuo">702.000000</SimpleData>
		<SimpleData name="X">436502.000000</SimpleData>
		<SimpleData name="Y">7203409.000000</SimpleData>
	</SchemaData></ExtendedData>
      <Point><coordinates>-57.6307071282988,-25.2844195614986</coordinates></Point>
  </Placemark>
  <Placemark id="inviduos_completos.703">
	<ExtendedData><SchemaData schemaUrl="#inviduos_completos">
		<SimpleData name="Nº">703.000000</SimpleData>
		<SimpleData name="Individuo">703.000000</SimpleData>
		<SimpleData name="X">436516.000000</SimpleData>
		<SimpleData name="Y">7203420.000000</SimpleData>
	</SchemaData></ExtendedData>
      <Point><coordinates>-57.6305675634644,-25.2843208236888</coordinates></Point>
  </Placemark>
  <Placemark id="inviduos_completos.704">
	<ExtendedData><SchemaData schemaUrl="#inviduos_completos">
		<SimpleData name="Nº">704.000000</SimpleData>
		<SimpleData name="Individuo">704.000000</SimpleData>
		<SimpleData name="X">436507.000000</SimpleData>
		<SimpleData name="Y">7203420.000000</SimpleData>
	</SchemaData></ExtendedData>
      <Point><coordinates>-57.6306569534848,-25.2843204416236</coordinates></Point>
  </Placemark>
  <Placemark id="inviduos_completos.705">
	<ExtendedData><SchemaData schemaUrl="#inviduos_completos">
		<SimpleData name="Nº">705.000000</SimpleData>
		<SimpleData name="Individuo">705.000000</SimpleData>
		<SimpleData name="X">436517.000000</SimpleData>
		<SimpleData name="Y">7203427.000000</SimpleData>
	</SchemaData></ExtendedData>
      <Point><coordinates>-57.6305573044233,-25.2842576547621</coordinates></Point>
  </Placemark>
  <Placemark id="inviduos_completos.706">
	<ExtendedData><SchemaData schemaUrl="#inviduos_completos">
		<SimpleData name="Nº">706.000000</SimpleData>
		<SimpleData name="Individuo">706.000000</SimpleData>
		<SimpleData name="X">436517.000000</SimpleData>
		<SimpleData name="Y">7203429.000000</SimpleData>
	</SchemaData></ExtendedData>
      <Point><coordinates>-57.6305572110474,-25.2842395943691</coordinates></Point>
  </Placemark>
  <Placemark id="inviduos_completos.707">
	<ExtendedData><SchemaData schemaUrl="#inviduos_completos">
		<SimpleData name="Nº">707.000000</SimpleData>
		<SimpleData name="Individuo">707.000000</SimpleData>
		<SimpleData name="X">436519.000000</SimpleData>
		<SimpleData name="Y">7203427.000000</SimpleData>
	</SchemaData></ExtendedData>
      <Point><coordinates>-57.6305374399843,-25.2842577396565</coordinates></Point>
  </Placemark>
  <Placemark id="inviduos_completos.708">
	<ExtendedData><SchemaData schemaUrl="#inviduos_completos">
		<SimpleData name="Nº">708.000000</SimpleData>
		<SimpleData name="Individuo">708.000000</SimpleData>
		<SimpleData name="X">436530.000000</SimpleData>
		<SimpleData name="Y">7203439.000000</SimpleData>
	</SchemaData></ExtendedData>
      <Point><coordinates>-57.6304276254287,-25.284149844167</coordinates></Point>
  </Placemark>
  <Placemark id="inviduos_completos.709">
	<ExtendedData><SchemaData schemaUrl="#inviduos_completos">
		<SimpleData name="Nº">709.000000</SimpleData>
		<SimpleData name="Individuo">709.000000</SimpleData>
		<SimpleData name="X">436535.000000</SimpleData>
		<SimpleData name="Y">7203440.000000</SimpleData>
	</SchemaData></ExtendedData>
      <Point><coordinates>-57.6303779176992,-25.2841410261567</coordinates></Point>
  </Placemark>
  <Placemark id="inviduos_completos.710">
	<ExtendedData><SchemaData schemaUrl="#inviduos_completos">
		<SimpleData name="Nº">710.000000</SimpleData>
		<SimpleData name="Individuo">710.000000</SimpleData>
		<SimpleData name="X">436535.000000</SimpleData>
		<SimpleData name="Y">7203442.000000</SimpleData>
	</SchemaData></ExtendedData>
      <Point><coordinates>-57.6303778243503,-25.2841229657628</coordinates></Point>
  </Placemark>
  <Placemark id="inviduos_completos.711">
	<ExtendedData><SchemaData schemaUrl="#inviduos_completos">
		<SimpleData name="Nº">711.000000</SimpleData>
		<SimpleData name="Individuo">711.000000</SimpleData>
		<SimpleData name="X">436530.000000</SimpleData>
		<SimpleData name="Y">7203449.000000</SimpleData>
	</SchemaData></ExtendedData>
      <Point><coordinates>-57.6304271586482,-25.2840595421982</coordinates></Point>
  </Placemark>
  <Placemark id="inviduos_completos.712">
	<ExtendedData><SchemaData schemaUrl="#inviduos_completos">
		<SimpleData name="Nº">712.000000</SimpleData>
		<SimpleData name="Individuo">712.000000</SimpleData>
		<SimpleData name="X">436534.000000</SimpleData>
		<SimpleData name="Y">7203453.000000</SimpleData>
	</SchemaData></ExtendedData>
      <Point><coordinates>-57.6303872431338,-25.28402359116</coordinates></Point>
  </Placemark>
  <Placemark id="inviduos_completos.713">
	<ExtendedData><SchemaData schemaUrl="#inviduos_completos">
		<SimpleData name="Nº">713.000000</SimpleData>
		<SimpleData name="Individuo">713.000000</SimpleData>
		<SimpleData name="X">436535.000000</SimpleData>
		<SimpleData name="Y">7203460.000000</SimpleData>
	</SchemaData></ExtendedData>
      <Point><coordinates>-57.6303769842145,-25.283960422216</coordinates></Point>
  </Placemark>
  <Placemark id="inviduos_completos.714">
	<ExtendedData><SchemaData schemaUrl="#inviduos_completos">
		<SimpleData name="Nº">714.000000</SimpleData>
		<SimpleData name="Individuo">714.000000</SimpleData>
		<SimpleData name="X">436537.000000</SimpleData>
		<SimpleData name="Y">7203436.000000</SimpleData>
	</SchemaData></ExtendedData>
      <Point><coordinates>-57.6303582399707,-25.2841772318144</coordinates></Point>
  </Placemark>
  <Placemark id="inviduos_completos.715">
	<ExtendedData><SchemaData schemaUrl="#inviduos_completos">
		<SimpleData name="Nº">715.000000</SimpleData>
		<SimpleData name="Individuo">715.000000</SimpleData>
		<SimpleData name="X">436519.000000</SimpleData>
		<SimpleData name="Y">7203404.000000</SimpleData>
	</SchemaData></ExtendedData>
      <Point><coordinates>-57.6305385137802,-25.2844654341732</coordinates></Point>
  </Placemark>
  <Placemark id="inviduos_completos.716">
	<ExtendedData><SchemaData schemaUrl="#inviduos_completos">
		<SimpleData name="Nº">716.000000</SimpleData>
		<SimpleData name="Individuo">716.000000</SimpleData>
		<SimpleData name="X">436663.000000</SimpleData>
		<SimpleData name="Y">7203461.000000</SimpleData>
	</SchemaData></ExtendedData>
      <Point><coordinates>-57.6291056164121,-25.2839568182565</coordinates></Point>
  </Placemark>
  <Placemark id="inviduos_completos.717">
	<ExtendedData><SchemaData schemaUrl="#inviduos_completos">
		<SimpleData name="Nº">717.000000</SimpleData>
		<SimpleData name="Individuo">717.000000</SimpleData>
		<SimpleData name="X">436652.000000</SimpleData>
		<SimpleData name="Y">7203447.000000</SimpleData>
	</SchemaData></ExtendedData>
      <Point><coordinates>-57.6292155228197,-25.2840827751568</coordinates></Point>
  </Placemark>
  <Placemark id="inviduos_completos.718">
	<ExtendedData><SchemaData schemaUrl="#inviduos_completos">
		<SimpleData name="Nº">718.000000</SimpleData>
		<SimpleData name="Individuo">718.000000</SimpleData>
		<SimpleData name="X">436645.000000</SimpleData>
		<SimpleData name="Y">7203440.000000</SimpleData>
	</SchemaData></ExtendedData>
      <Point><coordinates>-57.6292853744282,-25.2841456900313</coordinates></Point>
  </Placemark>
  <Placemark id="inviduos_completos.719">
	<ExtendedData><SchemaData schemaUrl="#inviduos_completos">
		<SimpleData name="Nº">719.000000</SimpleData>
		<SimpleData name="Individuo">719.000000</SimpleData>
		<SimpleData name="X">436629.000000</SimpleData>
		<SimpleData name="Y">7203449.000000</SimpleData>
	</SchemaData></ExtendedData>
      <Point><coordinates>-57.6294438703828,-25.284063740365</coordinates></Point>
  </Placemark>
  <Placemark id="inviduos_completos.720">
	<ExtendedData><SchemaData schemaUrl="#inviduos_completos">
		<SimpleData name="Nº">720.000000</SimpleData>
		<SimpleData name="Individuo">720.000000</SimpleData>
		<SimpleData name="X">436638.000000</SimpleData>
		<SimpleData name="Y">7203432.000000</SimpleData>
	</SchemaData></ExtendedData>
      <Point><coordinates>-57.6293552727078,-25.2842176350696</coordinates></Point>
  </Placemark>
  <Placemark id="inviduos_completos.721">
	<ExtendedData><SchemaData schemaUrl="#inviduos_completos">
		<SimpleData name="Nº">721.000000</SimpleData>
		<SimpleData name="Individuo">721.000000</SimpleData>
		<SimpleData name="X">435722.000000</SimpleData>
		<SimpleData name="Y">7204209.000000</SimpleData>
	</SchemaData></ExtendedData>
      <Point><coordinates>-57.6384164516017,-25.2771620911807</coordinates></Point>
  </Placemark>
  <Placemark id="inviduos_completos.722">
	<ExtendedData><SchemaData schemaUrl="#inviduos_completos">
		<SimpleData name="Nº">722.000000</SimpleData>
		<SimpleData name="Individuo">722.000000</SimpleData>
		<SimpleData name="X">435720.000000</SimpleData>
		<SimpleData name="Y">7204209.000000</SimpleData>
	</SchemaData></ExtendedData>
      <Point><coordinates>-57.6384363148548,-25.277162005248</coordinates></Point>
  </Placemark>
  <Placemark id="inviduos_completos.723">
	<ExtendedData><SchemaData schemaUrl="#inviduos_completos">
		<SimpleData name="Nº">723.000000</SimpleData>
		<SimpleData name="Individuo">723.000000</SimpleData>
		<SimpleData name="X">435720.000000</SimpleData>
		<SimpleData name="Y">7204214.000000</SimpleData>
	</SchemaData></ExtendedData>
      <Point><coordinates>-57.6384360785741,-25.2771168542912</coordinates></Point>
  </Placemark>
  <Placemark id="inviduos_completos.724">
	<ExtendedData><SchemaData schemaUrl="#inviduos_completos">
		<SimpleData name="Nº">724.000000</SimpleData>
		<SimpleData name="Individuo">724.000000</SimpleData>
		<SimpleData name="X">435720.000000</SimpleData>
		<SimpleData name="Y">7204212.000000</SimpleData>
	</SchemaData></ExtendedData>
      <Point><coordinates>-57.6384361730863,-25.2771349146739</coordinates></Point>
  </Placemark>
  <Placemark id="inviduos_completos.725">
	<ExtendedData><SchemaData schemaUrl="#inviduos_completos">
		<SimpleData name="Nº">725.000000</SimpleData>
		<SimpleData name="Individuo">725.000000</SimpleData>
		<SimpleData name="X">435722.000000</SimpleData>
		<SimpleData name="Y">7204215.000000</SimpleData>
	</SchemaData></ExtendedData>
      <Point><coordinates>-57.6384161680737,-25.2771079100323</coordinates></Point>
  </Placemark>
  <Placemark id="inviduos_completos.726">
	<ExtendedData><SchemaData schemaUrl="#inviduos_completos">
		<SimpleData name="Nº">726.000000</SimpleData>
		<SimpleData name="Individuo">726.000000</SimpleData>
		<SimpleData name="X">435722.000000</SimpleData>
		<SimpleData name="Y">7204217.000000</SimpleData>
	</SchemaData></ExtendedData>
      <Point><coordinates>-57.6384160735645,-25.2770898496494</coordinates></Point>
  </Placemark>
  <Placemark id="inviduos_completos.727">
	<ExtendedData><SchemaData schemaUrl="#inviduos_completos">
		<SimpleData name="Nº">727.000000</SimpleData>
		<SimpleData name="Individuo">727.000000</SimpleData>
		<SimpleData name="X">435726.000000</SimpleData>
		<SimpleData name="Y">7204216.000000</SimpleData>
	</SchemaData></ExtendedData>
      <Point><coordinates>-57.6383763943331,-25.2770990516978</coordinates></Point>
  </Placemark>
  <Placemark id="inviduos_completos.728">
	<ExtendedData><SchemaData schemaUrl="#inviduos_completos">
		<SimpleData name="Nº">728.000000</SimpleData>
		<SimpleData name="Individuo">728.000000</SimpleData>
		<SimpleData name="X">435727.000000</SimpleData>
		<SimpleData name="Y">7204214.000000</SimpleData>
	</SchemaData></ExtendedData>
      <Point><coordinates>-57.6383665572134,-25.2771171550434</coordinates></Point>
  </Placemark>
  <Placemark id="inviduos_completos.729">
	<ExtendedData><SchemaData schemaUrl="#inviduos_completos">
		<SimpleData name="Nº">729.000000</SimpleData>
		<SimpleData name="Individuo">729.000000</SimpleData>
		<SimpleData name="X">435726.000000</SimpleData>
		<SimpleData name="Y">7204218.000000</SimpleData>
	</SchemaData></ExtendedData>
      <Point><coordinates>-57.6383762998299,-25.2770809913148</coordinates></Point>
  </Placemark>
  <Placemark id="inviduos_completos.730">
	<ExtendedData><SchemaData schemaUrl="#inviduos_completos">
		<SimpleData name="Nº">730.000000</SimpleData>
		<SimpleData name="Individuo">730.000000</SimpleData>
		<SimpleData name="X">435730.000000</SimpleData>
		<SimpleData name="Y">7204221.000000</SimpleData>
	</SchemaData></ExtendedData>
      <Point><coordinates>-57.6383364316035,-25.277054072586</coordinates></Point>
  </Placemark>
  <Placemark id="inviduos_completos.731">
	<ExtendedData><SchemaData schemaUrl="#inviduos_completos">
		<SimpleData name="Nº">731.000000</SimpleData>
		<SimpleData name="Individuo">731.000000</SimpleData>
		<SimpleData name="X">435734.000000</SimpleData>
		<SimpleData name="Y">7204216.000000</SimpleData>
	</SchemaData></ExtendedData>
      <Point><coordinates>-57.63829694136,-25.2770993953797</coordinates></Point>
  </Placemark>
  <Placemark id="inviduos_completos.732">
	<ExtendedData><SchemaData schemaUrl="#inviduos_completos">
		<SimpleData name="Nº">732.000000</SimpleData>
		<SimpleData name="Individuo">732.000000</SimpleData>
		<SimpleData name="X">435738.000000</SimpleData>
		<SimpleData name="Y">7204227.000000</SimpleData>
	</SchemaData></ExtendedData>
      <Point><coordinates>-57.6382566952033,-25.2770002350949</coordinates></Point>
  </Placemark>
  <Placemark id="inviduos_completos.733">
	<ExtendedData><SchemaData schemaUrl="#inviduos_completos">
		<SimpleData name="Nº">733.000000</SimpleData>
		<SimpleData name="Individuo">733.000000</SimpleData>
		<SimpleData name="X">435735.000000</SimpleData>
		<SimpleData name="Y">7204226.000000</SimpleData>
	</SchemaData></ExtendedData>
      <Point><coordinates>-57.6382865372892,-25.2770091364196</coordinates></Point>
  </Placemark>
  <Placemark id="inviduos_completos.734">
	<ExtendedData><SchemaData schemaUrl="#inviduos_completos">
		<SimpleData name="Nº">734.000000</SimpleData>
		<SimpleData name="Individuo">734.000000</SimpleData>
		<SimpleData name="X">435733.000000</SimpleData>
		<SimpleData name="Y">7204228.000000</SimpleData>
	</SchemaData></ExtendedData>
      <Point><coordinates>-57.6383063060255,-25.2769909901213</coordinates></Point>
  </Placemark>
  <Placemark id="inviduos_completos.735">
	<ExtendedData><SchemaData schemaUrl="#inviduos_completos">
		<SimpleData name="Nº">735.000000</SimpleData>
		<SimpleData name="Individuo">735.000000</SimpleData>
		<SimpleData name="X">435729.000000</SimpleData>
		<SimpleData name="Y">7204228.000000</SimpleData>
	</SchemaData></ExtendedData>
      <Point><coordinates>-57.6383460324768,-25.2769908182838</coordinates></Point>
  </Placemark>
  <Placemark id="inviduos_completos.736">
	<ExtendedData><SchemaData schemaUrl="#inviduos_completos">
		<SimpleData name="Nº">736.000000</SimpleData>
		<SimpleData name="Individuo">736.000000</SimpleData>
		<SimpleData name="X">435724.000000</SimpleData>
		<SimpleData name="Y">7204225.000000</SimpleData>
	</SchemaData></ExtendedData>
      <Point><coordinates>-57.6383958322991,-25.2770176940468</coordinates></Point>
  </Placemark>
  <Placemark id="inviduos_completos.737">
	<ExtendedData><SchemaData schemaUrl="#inviduos_completos">
		<SimpleData name="Nº">737.000000</SimpleData>
		<SimpleData name="Individuo">737.000000</SimpleData>
		<SimpleData name="X">435741.000000</SimpleData>
		<SimpleData name="Y">7204232.000000</SimpleData>
	</SchemaData></ExtendedData>
      <Point><coordinates>-57.6382266641605,-25.2769552129963</coordinates></Point>
  </Placemark>
  <Placemark id="inviduos_completos.738">
	<ExtendedData><SchemaData schemaUrl="#inviduos_completos">
		<SimpleData name="Nº">738.000000</SimpleData>
		<SimpleData name="Individuo">738.000000</SimpleData>
		<SimpleData name="X">435740.000000</SimpleData>
		<SimpleData name="Y">7204234.000000</SimpleData>
	</SchemaData></ExtendedData>
      <Point><coordinates>-57.6382365012887,-25.2769371096594</coordinates></Point>
  </Placemark>
  <Placemark id="inviduos_completos.739">
	<ExtendedData><SchemaData schemaUrl="#inviduos_completos">
		<SimpleData name="Nº">739.000000</SimpleData>
		<SimpleData name="Individuo">739.000000</SimpleData>
		<SimpleData name="X">435738.000000</SimpleData>
		<SimpleData name="Y">7204235.000000</SimpleData>
	</SchemaData></ExtendedData>
      <Point><coordinates>-57.6382563172635,-25.2769279935597</coordinates></Point>
  </Placemark>
  <Placemark id="inviduos_completos.740">
	<ExtendedData><SchemaData schemaUrl="#inviduos_completos">
		<SimpleData name="Nº">740.000000</SimpleData>
		<SimpleData name="Individuo">740.000000</SimpleData>
		<SimpleData name="X">435731.000000</SimpleData>
		<SimpleData name="Y">7204235.000000</SimpleData>
	</SchemaData></ExtendedData>
      <Point><coordinates>-57.6383258385179,-25.2769276928614</coordinates></Point>
  </Placemark>
  <Placemark id="inviduos_completos.741">
	<ExtendedData><SchemaData schemaUrl="#inviduos_completos">
		<SimpleData name="Nº">741.000000</SimpleData>
		<SimpleData name="Individuo">741.000000</SimpleData>
		<SimpleData name="X">435728.000000</SimpleData>
		<SimpleData name="Y">7204235.000000</SimpleData>
	</SchemaData></ExtendedData>
      <Point><coordinates>-57.6383556333409,-25.2769275639807</coordinates></Point>
  </Placemark>
  <Placemark id="inviduos_completos.742">
	<ExtendedData><SchemaData schemaUrl="#inviduos_completos">
		<SimpleData name="Nº">742.000000</SimpleData>
		<SimpleData name="Individuo">742.000000</SimpleData>
		<SimpleData name="X">435725.000000</SimpleData>
		<SimpleData name="Y">7204235.000000</SimpleData>
	</SchemaData></ExtendedData>
      <Point><coordinates>-57.6383854281637,-25.276927435094</coordinates></Point>
  </Placemark>
  <Placemark id="inviduos_completos.743">
	<ExtendedData><SchemaData schemaUrl="#inviduos_completos">
		<SimpleData name="Nº">743.000000</SimpleData>
		<SimpleData name="Individuo">743.000000</SimpleData>
		<SimpleData name="X">435730.000000</SimpleData>
		<SimpleData name="Y">7204231.000000</SimpleData>
	</SchemaData></ExtendedData>
      <Point><coordinates>-57.6383359591189,-25.276963770669</coordinates></Point>
  </Placemark>
  <Placemark id="inviduos_completos.744">
	<ExtendedData><SchemaData schemaUrl="#inviduos_completos">
		<SimpleData name="Nº">744.000000</SimpleData>
		<SimpleData name="Individuo">744.000000</SimpleData>
		<SimpleData name="X">435720.000000</SimpleData>
		<SimpleData name="Y">7204231.000000</SimpleData>
	</SchemaData></ExtendedData>
      <Point><coordinates>-57.6384352752238,-25.2769633410359</coordinates></Point>
  </Placemark>
  <Placemark id="inviduos_completos.745">
	<ExtendedData><SchemaData schemaUrl="#inviduos_completos">
		<SimpleData name="Nº">745.000000</SimpleData>
		<SimpleData name="Individuo">745.000000</SimpleData>
		<SimpleData name="X">435719.000000</SimpleData>
		<SimpleData name="Y">7204226.000000</SimpleData>
	</SchemaData></ExtendedData>
      <Point><coordinates>-57.6384454431167,-25.2770084490266</coordinates></Point>
  </Placemark>
  <Placemark id="inviduos_completos.746">
	<ExtendedData><SchemaData schemaUrl="#inviduos_completos">
		<SimpleData name="Nº">746.000000</SimpleData>
		<SimpleData name="Individuo">746.000000</SimpleData>
		<SimpleData name="X">435722.000000</SimpleData>
		<SimpleData name="Y">7204224.000000</SimpleData>
	</SchemaData></ExtendedData>
      <Point><coordinates>-57.6384157427832,-25.2770266383089</coordinates></Point>
  </Placemark>
  <Placemark id="inviduos_completos.747">
	<ExtendedData><SchemaData schemaUrl="#inviduos_completos">
		<SimpleData name="Nº">747.000000</SimpleData>
		<SimpleData name="Individuo">747.000000</SimpleData>
		<SimpleData name="X">435721.000000</SimpleData>
		<SimpleData name="Y">7204221.000000</SimpleData>
	</SchemaData></ExtendedData>
      <Point><coordinates>-57.6384258161643,-25.2770536859176</coordinates></Point>
  </Placemark>
  <Placemark id="inviduos_completos.748">
	<ExtendedData><SchemaData schemaUrl="#inviduos_completos">
		<SimpleData name="Nº">748.000000</SimpleData>
		<SimpleData name="Individuo">748.000000</SimpleData>
		<SimpleData name="X">435724.000000</SimpleData>
		<SimpleData name="Y">7204225.000000</SimpleData>
	</SchemaData></ExtendedData>
      <Point><coordinates>-57.6383958322991,-25.2770176940468</coordinates></Point>
  </Placemark>
  <Placemark id="inviduos_completos.749">
	<ExtendedData><SchemaData schemaUrl="#inviduos_completos">
		<SimpleData name="Nº">749.000000</SimpleData>
		<SimpleData name="Individuo">749.000000</SimpleData>
		<SimpleData name="X">435739.000000</SimpleData>
		<SimpleData name="Y">7204211.000000</SimpleData>
	</SchemaData></ExtendedData>
      <Point><coordinates>-57.6382475194618,-25.2771447611177</coordinates></Point>
  </Placemark>
  <Placemark id="inviduos_completos.750">
	<ExtendedData><SchemaData schemaUrl="#inviduos_completos">
		<SimpleData name="Nº">750.000000</SimpleData>
		<SimpleData name="Individuo">750.000000</SimpleData>
		<SimpleData name="X">435733.000000</SimpleData>
		<SimpleData name="Y">7204220.000000</SimpleData>
	</SchemaData></ExtendedData>
      <Point><coordinates>-57.6383066839959,-25.2770632316551</coordinates></Point>
  </Placemark>
  <Placemark id="inviduos_completos.751">
	<ExtendedData><SchemaData schemaUrl="#inviduos_completos">
		<SimpleData name="Nº">751.000000</SimpleData>
		<SimpleData name="Individuo">751.000000</SimpleData>
		<SimpleData name="X">435744.000000</SimpleData>
		<SimpleData name="Y">7204214.000000</SimpleData>
	</SchemaData></ExtendedData>
      <Point><coordinates>-57.6381977196185,-25.2771178853055</coordinates></Point>
  </Placemark>
  <Placemark id="inviduos_completos.752">
	<ExtendedData><SchemaData schemaUrl="#inviduos_completos">
		<SimpleData name="Nº">752.000000</SimpleData>
		<SimpleData name="Individuo">752.000000</SimpleData>
		<SimpleData name="X">435746.000000</SimpleData>
		<SimpleData name="Y">7204215.000000</SimpleData>
	</SchemaData></ExtendedData>
      <Point><coordinates>-57.6381778091346,-25.2771089410141</coordinates></Point>
  </Placemark>
  <Placemark id="inviduos_completos.753">
	<ExtendedData><SchemaData schemaUrl="#inviduos_completos">
		<SimpleData name="Nº">753.000000</SimpleData>
		<SimpleData name="Individuo">753.000000</SimpleData>
		<SimpleData name="X">435741.000000</SimpleData>
		<SimpleData name="Y">7204220.000000</SimpleData>
	</SchemaData></ExtendedData>
      <Point><coordinates>-57.6382272310451,-25.277063575299</coordinates></Point>
  </Placemark>
  <Placemark id="inviduos_completos.754">
	<ExtendedData><SchemaData schemaUrl="#inviduos_completos">
		<SimpleData name="Nº">754.000000</SimpleData>
		<SimpleData name="Individuo">754.000000</SimpleData>
		<SimpleData name="X">435741.000000</SimpleData>
		<SimpleData name="Y">7204223.000000</SimpleData>
	</SchemaData></ExtendedData>
      <Point><coordinates>-57.6382270893237,-25.2770364847235</coordinates></Point>
  </Placemark>
  <Placemark id="inviduos_completos.755">
	<ExtendedData><SchemaData schemaUrl="#inviduos_completos">
		<SimpleData name="Nº">755.000000</SimpleData>
		<SimpleData name="Individuo">755.000000</SimpleData>
		<SimpleData name="X">435753.000000</SimpleData>
		<SimpleData name="Y">7204230.000000</SimpleData>
	</SchemaData></ExtendedData>
      <Point><coordinates>-57.6381075793003,-25.2769737887637</coordinates></Point>
  </Placemark>
  <Placemark id="inviduos_completos.756">
	<ExtendedData><SchemaData schemaUrl="#inviduos_completos">
		<SimpleData name="Nº">756.000000</SimpleData>
		<SimpleData name="Individuo">756.000000</SimpleData>
		<SimpleData name="X">435771.000000</SimpleData>
		<SimpleData name="Y">7204231.000000</SimpleData>
	</SchemaData></ExtendedData>
      <Point><coordinates>-57.6379287630647,-25.2769655314661</coordinates></Point>
  </Placemark>
  <Placemark id="inviduos_completos.757">
	<ExtendedData><SchemaData schemaUrl="#inviduos_completos">
		<SimpleData name="Nº">757.000000</SimpleData>
		<SimpleData name="Individuo">757.000000</SimpleData>
		<SimpleData name="X">435785.000000</SimpleData>
		<SimpleData name="Y">7204215.000000</SimpleData>
	</SchemaData></ExtendedData>
      <Point><coordinates>-57.6377904758307,-25.2771106155386</coordinates></Point>
  </Placemark>
  <Placemark id="inviduos_completos.758">
	<ExtendedData><SchemaData schemaUrl="#inviduos_completos">
		<SimpleData name="Nº">758.000000</SimpleData>
		<SimpleData name="Individuo">758.000000</SimpleData>
		<SimpleData name="X">435785.000000</SimpleData>
		<SimpleData name="Y">7204217.000000</SimpleData>
	</SchemaData></ExtendedData>
      <Point><coordinates>-57.6377903814141,-25.2770925551535</coordinates></Point>
  </Placemark>
  <Placemark id="inviduos_completos.759">
	<ExtendedData><SchemaData schemaUrl="#inviduos_completos">
		<SimpleData name="Nº">759.000000</SimpleData>
		<SimpleData name="Individuo">759.000000</SimpleData>
		<SimpleData name="X">435784.000000</SimpleData>
		<SimpleData name="Y">7204218.000000</SimpleData>
	</SchemaData></ExtendedData>
      <Point><coordinates>-57.6378002658273,-25.2770834820372</coordinates></Point>
  </Placemark>
  <Placemark id="inviduos_completos.760">
	<ExtendedData><SchemaData schemaUrl="#inviduos_completos">
		<SimpleData name="Nº">760.000000</SimpleData>
		<SimpleData name="Individuo">760.000000</SimpleData>
		<SimpleData name="X">435786.000000</SimpleData>
		<SimpleData name="Y">7204219.000000</SimpleData>
	</SchemaData></ExtendedData>
      <Point><coordinates>-57.637780355377,-25.2770745376915</coordinates></Point>
  </Placemark>
  <Placemark id="inviduos_completos.761">
	<ExtendedData><SchemaData schemaUrl="#inviduos_completos">
		<SimpleData name="Nº">761.000000</SimpleData>
		<SimpleData name="Individuo">761.000000</SimpleData>
		<SimpleData name="X">435788.000000</SimpleData>
		<SimpleData name="Y">7204218.000000</SimpleData>
	</SchemaData></ExtendedData>
      <Point><coordinates>-57.6377605393415,-25.2770836537283</coordinates></Point>
  </Placemark>
  <Placemark id="inviduos_completos.762">
	<ExtendedData><SchemaData schemaUrl="#inviduos_completos">
		<SimpleData name="Nº">762.000000</SimpleData>
		<SimpleData name="Individuo">762.000000</SimpleData>
		<SimpleData name="X">435789.000000</SimpleData>
		<SimpleData name="Y">7204213.000000</SimpleData>
	</SchemaData></ExtendedData>
      <Point><coordinates>-57.6377508437467,-25.2771288476124</coordinates></Point>
  </Placemark>
  <Placemark id="inviduos_completos.763">
	<ExtendedData><SchemaData schemaUrl="#inviduos_completos">
		<SimpleData name="Nº">763.000000</SimpleData>
		<SimpleData name="Individuo">763.000000</SimpleData>
		<SimpleData name="X">435796.000000</SimpleData>
		<SimpleData name="Y">7204214.000000</SimpleData>
	</SchemaData></ExtendedData>
      <Point><coordinates>-57.6376812751696,-25.2771201178493</coordinates></Point>
  </Placemark>
  <Placemark id="inviduos_completos.764">
	<ExtendedData><SchemaData schemaUrl="#inviduos_completos">
		<SimpleData name="Nº">764.000000</SimpleData>
		<SimpleData name="Individuo">764.000000</SimpleData>
		<SimpleData name="X">435786.000000</SimpleData>
		<SimpleData name="Y">7204220.000000</SimpleData>
	</SchemaData></ExtendedData>
      <Point><coordinates>-57.6377803081695,-25.2770655074989</coordinates></Point>
  </Placemark>
  <Placemark id="inviduos_completos.765">
	<ExtendedData><SchemaData schemaUrl="#inviduos_completos">
		<SimpleData name="Nº">765.000000</SimpleData>
		<SimpleData name="Individuo">765.000000</SimpleData>
		<SimpleData name="X">435783.000000</SimpleData>
		<SimpleData name="Y">7204221.000000</SimpleData>
	</SchemaData></ExtendedData>
      <Point><coordinates>-57.6378100558197,-25.2770563485351</coordinates></Point>
  </Placemark>
  <Placemark id="inviduos_completos.766">
	<ExtendedData><SchemaData schemaUrl="#inviduos_completos">
		<SimpleData name="Nº">766.000000</SimpleData>
		<SimpleData name="Individuo">766.000000</SimpleData>
		<SimpleData name="X">435779.000000</SimpleData>
		<SimpleData name="Y">7204218.000000</SimpleData>
	</SchemaData></ExtendedData>
      <Point><coordinates>-57.637849923934,-25.2770832674083</coordinates></Point>
  </Placemark>
  <Placemark id="inviduos_completos.767">
	<ExtendedData><SchemaData schemaUrl="#inviduos_completos">
		<SimpleData name="Nº">767.000000</SimpleData>
		<SimpleData name="Individuo">767.000000</SimpleData>
		<SimpleData name="X">435777.000000</SimpleData>
		<SimpleData name="Y">7204219.000000</SimpleData>
	</SchemaData></ExtendedData>
      <Point><coordinates>-57.6378697399624,-25.2770741513596</coordinates></Point>
  </Placemark>
  <Placemark id="inviduos_completos.768">
	<ExtendedData><SchemaData schemaUrl="#inviduos_completos">
		<SimpleData name="Nº">768.000000</SimpleData>
		<SimpleData name="Individuo">768.000000</SimpleData>
		<SimpleData name="X">435769.000000</SimpleData>
		<SimpleData name="Y">7204222.000000</SimpleData>
	</SchemaData></ExtendedData>
      <Point><coordinates>-57.6379490512659,-25.2770467173311</coordinates></Point>
  </Placemark>
  <Placemark id="inviduos_completos.769">
	<ExtendedData><SchemaData schemaUrl="#inviduos_completos">
		<SimpleData name="Nº">769.000000</SimpleData>
		<SimpleData name="Individuo">769.000000</SimpleData>
		<SimpleData name="X">435767.000000</SimpleData>
		<SimpleData name="Y">7204219.000000</SimpleData>
	</SchemaData></ExtendedData>
      <Point><coordinates>-57.6379690561662,-25.2770737220385</coordinates></Point>
  </Placemark>
  <Placemark id="inviduos_completos.770">
	<ExtendedData><SchemaData schemaUrl="#inviduos_completos">
		<SimpleData name="Nº">770.000000</SimpleData>
		<SimpleData name="Individuo">770.000000</SimpleData>
		<SimpleData name="X">435767.000000</SimpleData>
		<SimpleData name="Y">7204223.000000</SimpleData>
	</SchemaData></ExtendedData>
      <Point><coordinates>-57.6379688672807,-25.2770376012693</coordinates></Point>
  </Placemark>
  <Placemark id="inviduos_completos.771">
	<ExtendedData><SchemaData schemaUrl="#inviduos_completos">
		<SimpleData name="Nº">771.000000</SimpleData>
		<SimpleData name="Individuo">771.000000</SimpleData>
		<SimpleData name="X">435766.000000</SimpleData>
		<SimpleData name="Y">7204225.000000</SimpleData>
	</SchemaData></ExtendedData>
      <Point><coordinates>-57.6379787044539,-25.277019497949</coordinates></Point>
  </Placemark>
  <Placemark id="inviduos_completos.772">
	<ExtendedData><SchemaData schemaUrl="#inviduos_completos">
		<SimpleData name="Nº">772.000000</SimpleData>
		<SimpleData name="Individuo">772.000000</SimpleData>
		<SimpleData name="X">435763.000000</SimpleData>
		<SimpleData name="Y">7204225.000000</SimpleData>
	</SchemaData></ExtendedData>
      <Point><coordinates>-57.6380084993013,-25.2770193691379</coordinates></Point>
  </Placemark>
  <Placemark id="inviduos_completos.773">
	<ExtendedData><SchemaData schemaUrl="#inviduos_completos">
		<SimpleData name="Nº">773.000000</SimpleData>
		<SimpleData name="Individuo">773.000000</SimpleData>
		<SimpleData name="X">435758.000000</SimpleData>
		<SimpleData name="Y">7204233.000000</SimpleData>
	</SchemaData></ExtendedData>
      <Point><coordinates>-57.6380577795573,-25.2769469129017</coordinates></Point>
  </Placemark>
  <Placemark id="inviduos_completos.774">
	<ExtendedData><SchemaData schemaUrl="#inviduos_completos">
		<SimpleData name="Nº">774.000000</SimpleData>
		<SimpleData name="Individuo">774.000000</SimpleData>
		<SimpleData name="X">435747.000000</SimpleData>
		<SimpleData name="Y">7204214.000000</SimpleData>
	</SchemaData></ExtendedData>
      <Point><coordinates>-57.6381679247481,-25.2771180141552</coordinates></Point>
  </Placemark>
  <Placemark id="inviduos_completos.775">
	<ExtendedData><SchemaData schemaUrl="#inviduos_completos">
		<SimpleData name="Nº">775.000000</SimpleData>
		<SimpleData name="Individuo">775.000000</SimpleData>
		<SimpleData name="X">435736.000000</SimpleData>
		<SimpleData name="Y">7204214.000000</SimpleData>
	</SchemaData></ExtendedData>
      <Point><coordinates>-57.6382771726051,-25.2771175416768</coordinates></Point>
  </Placemark>
  <Placemark id="inviduos_completos.776">
	<ExtendedData><SchemaData schemaUrl="#inviduos_completos">
		<SimpleData name="Nº">776.000000</SimpleData>
		<SimpleData name="Individuo">776.000000</SimpleData>
		<SimpleData name="X">435732.000000</SimpleData>
		<SimpleData name="Y">7204213.000000</SimpleData>
	</SchemaData></ExtendedData>
      <Point><coordinates>-57.6383169463452,-25.2771264000381</coordinates></Point>
  </Placemark>
  <Placemark id="inviduos_completos.777">
	<ExtendedData><SchemaData schemaUrl="#inviduos_completos">
		<SimpleData name="Nº">777.000000</SimpleData>
		<SimpleData name="Individuo">777.000000</SimpleData>
		<SimpleData name="X">435728.000000</SimpleData>
		<SimpleData name="Y">7204215.000000</SimpleData>
	</SchemaData></ExtendedData>
      <Point><coordinates>-57.6383565783401,-25.2771081678138</coordinates></Point>
  </Placemark>
  <Placemark id="inviduos_completos.778">
	<ExtendedData><SchemaData schemaUrl="#inviduos_completos">
		<SimpleData name="Nº">778.000000</SimpleData>
		<SimpleData name="Individuo">778.000000</SimpleData>
		<SimpleData name="X">435727.000000</SimpleData>
		<SimpleData name="Y">7204216.000000</SimpleData>
	</SchemaData></ExtendedData>
      <Point><coordinates>-57.6383664627115,-25.2770990946604</coordinates></Point>
  </Placemark>
  <Placemark id="inviduos_completos.779">
	<ExtendedData><SchemaData schemaUrl="#inviduos_completos">
		<SimpleData name="Nº">779.000000</SimpleData>
		<SimpleData name="Individuo">779.000000</SimpleData>
		<SimpleData name="X">435732.000000</SimpleData>
		<SimpleData name="Y">7204211.000000</SimpleData>
	</SchemaData></ExtendedData>
      <Point><coordinates>-57.6383170408398,-25.2771444604212</coordinates></Point>
  </Placemark>
  <Placemark id="inviduos_completos.780">
	<ExtendedData><SchemaData schemaUrl="#inviduos_completos">
		<SimpleData name="Nº">780.000000</SimpleData>
		<SimpleData name="Individuo">780.000000</SimpleData>
		<SimpleData name="X">435732.000000</SimpleData>
		<SimpleData name="Y">7204212.000000</SimpleData>
	</SchemaData></ExtendedData>
      <Point><coordinates>-57.6383169935925,-25.2771354302296</coordinates></Point>
  </Placemark>
  <Placemark id="inviduos_completos.781">
	<ExtendedData><SchemaData schemaUrl="#inviduos_completos">
		<SimpleData name="Nº">781.000000</SimpleData>
		<SimpleData name="Individuo">781.000000</SimpleData>
		<SimpleData name="X">435735.000000</SimpleData>
		<SimpleData name="Y">7204210.000000</SimpleData>
	</SchemaData></ExtendedData>
      <Point><coordinates>-57.6382872932088,-25.2771536194868</coordinates></Point>
  </Placemark>
  <Placemark id="inviduos_completos.782">
	<ExtendedData><SchemaData schemaUrl="#inviduos_completos">
		<SimpleData name="Nº">782.000000</SimpleData>
		<SimpleData name="Individuo">782.000000</SimpleData>
		<SimpleData name="X">435741.000000</SimpleData>
		<SimpleData name="Y">7204197.000000</SimpleData>
	</SchemaData></ExtendedData>
      <Point><coordinates>-57.6382283175831,-25.2772712697081</coordinates></Point>
  </Placemark>
  <Placemark id="inviduos_completos.783">
	<ExtendedData><SchemaData schemaUrl="#inviduos_completos">
		<SimpleData name="Nº">783.000000</SimpleData>
		<SimpleData name="Individuo">783.000000</SimpleData>
		<SimpleData name="X">435744.000000</SimpleData>
		<SimpleData name="Y">7204203.000000</SimpleData>
	</SchemaData></ExtendedData>
      <Point><coordinates>-57.6381982392428,-25.2772172174148</coordinates></Point>
  </Placemark>
  <Placemark id="inviduos_completos.784">
	<ExtendedData><SchemaData schemaUrl="#inviduos_completos">
		<SimpleData name="Nº">784.000000</SimpleData>
		<SimpleData name="Individuo">784.000000</SimpleData>
		<SimpleData name="X">435750.000000</SimpleData>
		<SimpleData name="Y">7204205.000000</SimpleData>
	</SchemaData></ExtendedData>
      <Point><coordinates>-57.6381385549848,-25.2771994147258</coordinates></Point>
  </Placemark>
  <Placemark id="inviduos_completos.785">
	<ExtendedData><SchemaData schemaUrl="#inviduos_completos">
		<SimpleData name="Nº">785.000000</SimpleData>
		<SimpleData name="Individuo">785.000000</SimpleData>
		<SimpleData name="X">435748.000000</SimpleData>
		<SimpleData name="Y">7204201.000000</SimpleData>
	</SchemaData></ExtendedData>
      <Point><coordinates>-57.6381586071882,-25.2772354495973</coordinates></Point>
  </Placemark>
  <Placemark id="inviduos_completos.786">
	<ExtendedData><SchemaData schemaUrl="#inviduos_completos">
		<SimpleData name="Nº">786.000000</SimpleData>
		<SimpleData name="Individuo">786.000000</SimpleData>
		<SimpleData name="X">435750.000000</SimpleData>
		<SimpleData name="Y">7204205.000000</SimpleData>
	</SchemaData></ExtendedData>
      <Point><coordinates>-57.6381385549848,-25.2771994147258</coordinates></Point>
  </Placemark>
  <Placemark id="inviduos_completos.787">
	<ExtendedData><SchemaData schemaUrl="#inviduos_completos">
		<SimpleData name="Nº">787.000000</SimpleData>
		<SimpleData name="Individuo">787.000000</SimpleData>
		<SimpleData name="X">435754.000000</SimpleData>
		<SimpleData name="Y">7204197.000000</SimpleData>
	</SchemaData></ExtendedData>
      <Point><coordinates>-57.6380992063151,-25.2772718280434</coordinates></Point>
  </Placemark>
  <Placemark id="inviduos_completos.788">
	<ExtendedData><SchemaData schemaUrl="#inviduos_completos">
		<SimpleData name="Nº">788.000000</SimpleData>
		<SimpleData name="Individuo">788.000000</SimpleData>
		<SimpleData name="X">435754.000000</SimpleData>
		<SimpleData name="Y">7204199.000000</SimpleData>
	</SchemaData></ExtendedData>
      <Point><coordinates>-57.6380991118522,-25.2772537676598</coordinates></Point>
  </Placemark>
  <Placemark id="inviduos_completos.789">
	<ExtendedData><SchemaData schemaUrl="#inviduos_completos">
		<SimpleData name="Nº">789.000000</SimpleData>
		<SimpleData name="Individuo">789.000000</SimpleData>
		<SimpleData name="X">435745.000000</SimpleData>
		<SimpleData name="Y">7204190.000000</SimpleData>
	</SchemaData></ExtendedData>
      <Point><coordinates>-57.6381889217068,-25.2773346528568</coordinates></Point>
  </Placemark>
  <Placemark id="inviduos_completos.790">
	<ExtendedData><SchemaData schemaUrl="#inviduos_completos">
		<SimpleData name="Nº">790.000000</SimpleData>
		<SimpleData name="Individuo">790.000000</SimpleData>
		<SimpleData name="X">435753.000000</SimpleData>
		<SimpleData name="Y">7204194.000000</SimpleData>
	</SchemaData></ExtendedData>
      <Point><coordinates>-57.638109279648,-25.2772988756738</coordinates></Point>
  </Placemark>
  <Placemark id="inviduos_completos.791">
	<ExtendedData><SchemaData schemaUrl="#inviduos_completos">
		<SimpleData name="Nº">791.000000</SimpleData>
		<SimpleData name="Individuo">791.000000</SimpleData>
		<SimpleData name="X">435752.000000</SimpleData>
		<SimpleData name="Y">7204194.000000</SimpleData>
	</SchemaData></ExtendedData>
      <Point><coordinates>-57.6381192112863,-25.2772988327282</coordinates></Point>
  </Placemark>
  <Placemark id="inviduos_completos.792">
	<ExtendedData><SchemaData schemaUrl="#inviduos_completos">
		<SimpleData name="Nº">792.000000</SimpleData>
		<SimpleData name="Individuo">792.000000</SimpleData>
		<SimpleData name="X">435753.000000</SimpleData>
		<SimpleData name="Y">7204192.000000</SimpleData>
	</SchemaData></ExtendedData>
      <Point><coordinates>-57.6381093741126,-25.2773169360573</coordinates></Point>
  </Placemark>
  <Placemark id="inviduos_completos.793">
	<ExtendedData><SchemaData schemaUrl="#inviduos_completos">
		<SimpleData name="Nº">793.000000</SimpleData>
		<SimpleData name="Individuo">793.000000</SimpleData>
		<SimpleData name="X">435752.000000</SimpleData>
		<SimpleData name="Y">7204190.000000</SimpleData>
	</SchemaData></ExtendedData>
      <Point><coordinates>-57.6381194002186,-25.2773349534951</coordinates></Point>
  </Placemark>
  <Placemark id="inviduos_completos.794">
	<ExtendedData><SchemaData schemaUrl="#inviduos_completos">
		<SimpleData name="Nº">794.000000</SimpleData>
		<SimpleData name="Individuo">794.000000</SimpleData>
		<SimpleData name="X">435754.000000</SimpleData>
		<SimpleData name="Y">7204195.000000</SimpleData>
	</SchemaData></ExtendedData>
      <Point><coordinates>-57.6380993007781,-25.277289888427</coordinates></Point>
  </Placemark>
  <Placemark id="inviduos_completos.795">
	<ExtendedData><SchemaData schemaUrl="#inviduos_completos">
		<SimpleData name="Nº">795.000000</SimpleData>
		<SimpleData name="Individuo">795.000000</SimpleData>
		<SimpleData name="X">435744.000000</SimpleData>
		<SimpleData name="Y">7204191.000000</SimpleData>
	</SchemaData></ExtendedData>
      <Point><coordinates>-57.6381988061089,-25.2773255797143</coordinates></Point>
  </Placemark>
  <Placemark id="inviduos_completos.796">
	<ExtendedData><SchemaData schemaUrl="#inviduos_completos">
		<SimpleData name="Nº">796.000000</SimpleData>
		<SimpleData name="Individuo">796.000000</SimpleData>
		<SimpleData name="X">435745.000000</SimpleData>
		<SimpleData name="Y">7204189.000000</SimpleData>
	</SchemaData></ExtendedData>
      <Point><coordinates>-57.6381889689451,-25.2773436830484</coordinates></Point>
  </Placemark>
  <Placemark id="inviduos_completos.797">
	<ExtendedData><SchemaData schemaUrl="#inviduos_completos">
		<SimpleData name="Nº">797.000000</SimpleData>
		<SimpleData name="Individuo">797.000000</SimpleData>
		<SimpleData name="X">435743.000000</SimpleData>
		<SimpleData name="Y">7204182.000000</SimpleData>
	</SchemaData></ExtendedData>
      <Point><coordinates>-57.6382091629075,-25.277406808486</coordinates></Point>
  </Placemark>
  <Placemark id="inviduos_completos.798">
	<ExtendedData><SchemaData schemaUrl="#inviduos_completos">
		<SimpleData name="Nº">798.000000</SimpleData>
		<SimpleData name="Individuo">798.000000</SimpleData>
		<SimpleData name="X">435749.000000</SimpleData>
		<SimpleData name="Y">7204185.000000</SimpleData>
	</SchemaData></ExtendedData>
      <Point><coordinates>-57.6381494313192,-25.2773799756121</coordinates></Point>
  </Placemark>
  <Placemark id="inviduos_completos.799">
	<ExtendedData><SchemaData schemaUrl="#inviduos_completos">
		<SimpleData name="Nº">799.000000</SimpleData>
		<SimpleData name="Individuo">799.000000</SimpleData>
		<SimpleData name="X">435752.000000</SimpleData>
		<SimpleData name="Y">7204186.000000</SimpleData>
	</SchemaData></ExtendedData>
      <Point><coordinates>-57.6381195891513,-25.2773710742617</coordinates></Point>
  </Placemark>
  <Placemark id="inviduos_completos.800">
	<ExtendedData><SchemaData schemaUrl="#inviduos_completos">
		<SimpleData name="Nº">800.000000</SimpleData>
		<SimpleData name="Individuo">800.000000</SimpleData>
		<SimpleData name="X">435754.000000</SimpleData>
		<SimpleData name="Y">7204183.000000</SimpleData>
	</SchemaData></ExtendedData>
      <Point><coordinates>-57.6380998675582,-25.2773982507275</coordinates></Point>
  </Placemark>
  <Placemark id="inviduos_completos.801">
	<ExtendedData><SchemaData schemaUrl="#inviduos_completos">
		<SimpleData name="Nº">801.000000</SimpleData>
		<SimpleData name="Individuo">801.000000</SimpleData>
		<SimpleData name="X">435759.000000</SimpleData>
		<SimpleData name="Y">7204183.000000</SimpleData>
	</SchemaData></ExtendedData>
      <Point><coordinates>-57.6380502093257,-25.277398465443</coordinates></Point>
  </Placemark>
  <Placemark id="inviduos_completos.802">
	<ExtendedData><SchemaData schemaUrl="#inviduos_completos">
		<SimpleData name="Nº">802.000000</SimpleData>
		<SimpleData name="Individuo">802.000000</SimpleData>
		<SimpleData name="X">435759.000000</SimpleData>
		<SimpleData name="Y">7204177.000000</SimpleData>
	</SchemaData></ExtendedData>
      <Point><coordinates>-57.6380504926949,-25.2774526465931</coordinates></Point>
  </Placemark>
  <Placemark id="inviduos_completos.803">
	<ExtendedData><SchemaData schemaUrl="#inviduos_completos">
		<SimpleData name="Nº">803.000000</SimpleData>
		<SimpleData name="Individuo">803.000000</SimpleData>
		<SimpleData name="X">435755.000000</SimpleData>
		<SimpleData name="Y">7204193.000000</SimpleData>
	</SchemaData></ExtendedData>
      <Point><coordinates>-57.6380894636021,-25.2773079917547</coordinates></Point>
  </Placemark>
  <Placemark id="inviduos_completos.804">
	<ExtendedData><SchemaData schemaUrl="#inviduos_completos">
		<SimpleData name="Nº">804.000000</SimpleData>
		<SimpleData name="Individuo">804.000000</SimpleData>
		<SimpleData name="X">435759.000000</SimpleData>
		<SimpleData name="Y">7204194.000000</SimpleData>
	</SchemaData></ExtendedData>
      <Point><coordinates>-57.6380496898176,-25.2772991333333</coordinates></Point>
  </Placemark>
  <Placemark id="inviduos_completos.805">
	<ExtendedData><SchemaData schemaUrl="#inviduos_completos">
		<SimpleData name="Nº">805.000000</SimpleData>
		<SimpleData name="Individuo">805.000000</SimpleData>
		<SimpleData name="X">435757.000000</SimpleData>
		<SimpleData name="Y">7204202.000000</SimpleData>
	</SchemaData></ExtendedData>
      <Point><coordinates>-57.6380691752604,-25.2772268059146</coordinates></Point>
  </Placemark>
  <Placemark id="inviduos_completos.806">
	<ExtendedData><SchemaData schemaUrl="#inviduos_completos">
		<SimpleData name="Nº">806.000000</SimpleData>
		<SimpleData name="Individuo">806.000000</SimpleData>
		<SimpleData name="X">435766.000000</SimpleData>
		<SimpleData name="Y">7204185.000000</SimpleData>
	</SchemaData></ExtendedData>
      <Point><coordinates>-57.6379805933534,-25.2773807056329</coordinates></Point>
  </Placemark>
  <Placemark id="inviduos_completos.807">
	<ExtendedData><SchemaData schemaUrl="#inviduos_completos">
		<SimpleData name="Nº">807.000000</SimpleData>
		<SimpleData name="Individuo">807.000000</SimpleData>
		<SimpleData name="X">435765.000000</SimpleData>
		<SimpleData name="Y">7204182.000000</SimpleData>
	</SchemaData></ExtendedData>
      <Point><coordinates>-57.6379906666697,-25.2774077532713</coordinates></Point>
  </Placemark>
  <Placemark id="inviduos_completos.808">
	<ExtendedData><SchemaData schemaUrl="#inviduos_completos">
		<SimpleData name="Nº">808.000000</SimpleData>
		<SimpleData name="Individuo">808.000000</SimpleData>
		<SimpleData name="X">435766.000000</SimpleData>
		<SimpleData name="Y">7204186.000000</SimpleData>
	</SchemaData></ExtendedData>
      <Point><coordinates>-57.6379805461304,-25.277371675441</coordinates></Point>
  </Placemark>
  <Placemark id="inviduos_completos.809">
	<ExtendedData><SchemaData schemaUrl="#inviduos_completos">
		<SimpleData name="Nº">809.000000</SimpleData>
		<SimpleData name="Individuo">809.000000</SimpleData>
		<SimpleData name="X">435768.000000</SimpleData>
		<SimpleData name="Y">7204186.000000</SimpleData>
	</SchemaData></ExtendedData>
      <Point><coordinates>-57.6379606828414,-25.277371761313</coordinates></Point>
  </Placemark>
  <Placemark id="inviduos_completos.810">
	<ExtendedData><SchemaData schemaUrl="#inviduos_completos">
		<SimpleData name="Nº">810.000000</SimpleData>
		<SimpleData name="Individuo">810.000000</SimpleData>
		<SimpleData name="X">435768.000000</SimpleData>
		<SimpleData name="Y">7204195.000000</SimpleData>
	</SchemaData></ExtendedData>
      <Point><coordinates>-57.6379602578493,-25.2772904895853</coordinates></Point>
  </Placemark>
  <Placemark id="inviduos_completos.811">
	<ExtendedData><SchemaData schemaUrl="#inviduos_completos">
		<SimpleData name="Nº">811.000000</SimpleData>
		<SimpleData name="Individuo">811.000000</SimpleData>
		<SimpleData name="X">435771.000000</SimpleData>
		<SimpleData name="Y">7204195.000000</SimpleData>
	</SchemaData></ExtendedData>
      <Point><coordinates>-57.6379304629354,-25.2772906183879</coordinates></Point>
  </Placemark>
  <Placemark id="inviduos_completos.812">
	<ExtendedData><SchemaData schemaUrl="#inviduos_completos">
		<SimpleData name="Nº">812.000000</SimpleData>
		<SimpleData name="Individuo">812.000000</SimpleData>
		<SimpleData name="X">435772.000000</SimpleData>
		<SimpleData name="Y">7204195.000000</SimpleData>
	</SchemaData></ExtendedData>
      <Point><coordinates>-57.6379205312973,-25.2772906613208</coordinates></Point>
  </Placemark>
  <Placemark id="inviduos_completos.813">
	<ExtendedData><SchemaData schemaUrl="#inviduos_completos">
		<SimpleData name="Nº">813.000000</SimpleData>
		<SimpleData name="Individuo">813.000000</SimpleData>
		<SimpleData name="X">435775.000000</SimpleData>
		<SimpleData name="Y">7204199.000000</SimpleData>
	</SchemaData></ExtendedData>
      <Point><coordinates>-57.6378905475189,-25.2772546693467</coordinates></Point>
  </Placemark>
  <Placemark id="inviduos_completos.814">
	<ExtendedData><SchemaData schemaUrl="#inviduos_completos">
		<SimpleData name="Nº">814.000000</SimpleData>
		<SimpleData name="Individuo">814.000000</SimpleData>
		<SimpleData name="X">435779.000000</SimpleData>
		<SimpleData name="Y">7204203.000000</SimpleData>
	</SchemaData></ExtendedData>
      <Point><coordinates>-57.6378506321261,-25.2772187202941</coordinates></Point>
  </Placemark>
  <Placemark id="inviduos_completos.815">
	<ExtendedData><SchemaData schemaUrl="#inviduos_completos">
		<SimpleData name="Nº">815.000000</SimpleData>
		<SimpleData name="Individuo">815.000000</SimpleData>
		<SimpleData name="X">435781.000000</SimpleData>
		<SimpleData name="Y">7204207.000000</SimpleData>
	</SchemaData></ExtendedData>
      <Point><coordinates>-57.6378305800156,-25.2771826853787</coordinates></Point>
  </Placemark>
  <Placemark id="inviduos_completos.816">
	<ExtendedData><SchemaData schemaUrl="#inviduos_completos">
		<SimpleData name="Nº">816.000000</SimpleData>
		<SimpleData name="Individuo">816.000000</SimpleData>
		<SimpleData name="X">435784.000000</SimpleData>
		<SimpleData name="Y">7204209.000000</SimpleData>
	</SchemaData></ExtendedData>
      <Point><coordinates>-57.6378006907088,-25.2771647537697</coordinates></Point>
  </Placemark>
  <Placemark id="inviduos_completos.817">
	<ExtendedData><SchemaData schemaUrl="#inviduos_completos">
		<SimpleData name="Nº">817.000000</SimpleData>
		<SimpleData name="Individuo">817.000000</SimpleData>
		<SimpleData name="X">435781.000000</SimpleData>
		<SimpleData name="Y">7204213.000000</SimpleData>
	</SchemaData></ExtendedData>
      <Point><coordinates>-57.6378302967475,-25.2771285042242</coordinates></Point>
  </Placemark>
  <Placemark id="inviduos_completos.818">
	<ExtendedData><SchemaData schemaUrl="#inviduos_completos">
		<SimpleData name="Nº">818.000000</SimpleData>
		<SimpleData name="Individuo">818.000000</SimpleData>
		<SimpleData name="X">435780.000000</SimpleData>
		<SimpleData name="Y">7204209.000000</SimpleData>
	</SchemaData></ExtendedData>
      <Point><coordinates>-57.6378404172207,-25.2771645820673</coordinates></Point>
  </Placemark>
  <Placemark id="inviduos_completos.819">
	<ExtendedData><SchemaData schemaUrl="#inviduos_completos">
		<SimpleData name="Nº">819.000000</SimpleData>
		<SimpleData name="Individuo">819.000000</SimpleData>
		<SimpleData name="X">435780.000000</SimpleData>
		<SimpleData name="Y">7204212.000000</SimpleData>
	</SchemaData></ExtendedData>
      <Point><coordinates>-57.6378402755845,-25.2771374914901</coordinates></Point>
  </Placemark>
  <Placemark id="inviduos_completos.820">
	<ExtendedData><SchemaData schemaUrl="#inviduos_completos">
		<SimpleData name="Nº">820.000000</SimpleData>
		<SimpleData name="Individuo">820.000000</SimpleData>
		<SimpleData name="X">435778.000000</SimpleData>
		<SimpleData name="Y">7204217.000000</SimpleData>
	</SchemaData></ExtendedData>
      <Point><coordinates>-57.6378599027686,-25.2770922546729</coordinates></Point>
  </Placemark>
  <Placemark id="inviduos_completos.821">
	<ExtendedData><SchemaData schemaUrl="#inviduos_completos">
		<SimpleData name="Nº">821.000000</SimpleData>
		<SimpleData name="Individuo">821.000000</SimpleData>
		<SimpleData name="X">435776.000000</SimpleData>
		<SimpleData name="Y">7204216.000000</SimpleData>
	</SchemaData></ExtendedData>
      <Point><coordinates>-57.6378798132274,-25.2771011990077</coordinates></Point>
  </Placemark>
  <Placemark id="inviduos_completos.822">
	<ExtendedData><SchemaData schemaUrl="#inviduos_completos">
		<SimpleData name="Nº">822.000000</SimpleData>
		<SimpleData name="Individuo">822.000000</SimpleData>
		<SimpleData name="X">435774.000000</SimpleData>
		<SimpleData name="Y">7204212.000000</SimpleData>
	</SchemaData></ExtendedData>
      <Point><coordinates>-57.6378998653383,-25.2771372339168</coordinates></Point>
  </Placemark>
  <Placemark id="inviduos_completos.823">
	<ExtendedData><SchemaData schemaUrl="#inviduos_completos">
		<SimpleData name="Nº">823.000000</SimpleData>
		<SimpleData name="Individuo">823.000000</SimpleData>
		<SimpleData name="X">435774.000000</SimpleData>
		<SimpleData name="Y">7204207.000000</SimpleData>
	</SchemaData></ExtendedData>
      <Point><coordinates>-57.6379001014209,-25.2771823848782</coordinates></Point>
  </Placemark>
  <Placemark id="inviduos_completos.824">
	<ExtendedData><SchemaData schemaUrl="#inviduos_completos">
		<SimpleData name="Nº">824.000000</SimpleData>
		<SimpleData name="Individuo">824.000000</SimpleData>
		<SimpleData name="X">435774.000000</SimpleData>
		<SimpleData name="Y">7204205.000000</SimpleData>
	</SchemaData></ExtendedData>
      <Point><coordinates>-57.637900195854,-25.2772004452627</coordinates></Point>
  </Placemark>
  <Placemark id="inviduos_completos.825">
	<ExtendedData><SchemaData schemaUrl="#inviduos_completos">
		<SimpleData name="Nº">825.000000</SimpleData>
		<SimpleData name="Individuo">825.000000</SimpleData>
		<SimpleData name="X">435771.000000</SimpleData>
		<SimpleData name="Y">7204203.000000</SimpleData>
	</SchemaData></ExtendedData>
      <Point><coordinates>-57.6379300851838,-25.277218376851</coordinates></Point>
  </Placemark>
  <Placemark id="inviduos_completos.826">
	<ExtendedData><SchemaData schemaUrl="#inviduos_completos">
		<SimpleData name="Nº">826.000000</SimpleData>
		<SimpleData name="Individuo">826.000000</SimpleData>
		<SimpleData name="X">435783.000000</SimpleData>
		<SimpleData name="Y">7204212.000000</SimpleData>
	</SchemaData></ExtendedData>
      <Point><coordinates>-57.6378104807072,-25.2771376202678</coordinates></Point>
  </Placemark>
  <Placemark id="inviduos_completos.827">
	<ExtendedData><SchemaData schemaUrl="#inviduos_completos">
		<SimpleData name="Nº">827.000000</SimpleData>
		<SimpleData name="Individuo">827.000000</SimpleData>
		<SimpleData name="X">435771.000000</SimpleData>
		<SimpleData name="Y">7204203.000000</SimpleData>
	</SchemaData></ExtendedData>
      <Point><coordinates>-57.6379300851838,-25.277218376851</coordinates></Point>
  </Placemark>
  <Placemark id="inviduos_completos.828">
	<ExtendedData><SchemaData schemaUrl="#inviduos_completos">
		<SimpleData name="Nº">828.000000</SimpleData>
		<SimpleData name="Individuo">828.000000</SimpleData>
		<SimpleData name="X">435769.000000</SimpleData>
		<SimpleData name="Y">7204201.000000</SimpleData>
	</SchemaData></ExtendedData>
      <Point><coordinates>-57.6379500428887,-25.2772363513677</coordinates></Point>
  </Placemark>
  <Placemark id="inviduos_completos.829">
	<ExtendedData><SchemaData schemaUrl="#inviduos_completos">
		<SimpleData name="Nº">829.000000</SimpleData>
		<SimpleData name="Individuo">829.000000</SimpleData>
		<SimpleData name="X">435764.000000</SimpleData>
		<SimpleData name="Y">7204204.000000</SimpleData>
	</SchemaData></ExtendedData>
      <Point><coordinates>-57.6379995593841,-25.2772090461111</coordinates></Point>
  </Placemark>
  <Placemark id="inviduos_completos.830">
	<ExtendedData><SchemaData schemaUrl="#inviduos_completos">
		<SimpleData name="Nº">830.000000</SimpleData>
		<SimpleData name="Individuo">830.000000</SimpleData>
		<SimpleData name="X">435763.000000</SimpleData>
		<SimpleData name="Y">7204202.000000</SimpleData>
	</SchemaData></ExtendedData>
      <Point><coordinates>-57.6380095854648,-25.2772270635571</coordinates></Point>
  </Placemark>
  <Placemark id="inviduos_completos.831">
	<ExtendedData><SchemaData schemaUrl="#inviduos_completos">
		<SimpleData name="Nº">831.000000</SimpleData>
		<SimpleData name="Individuo">831.000000</SimpleData>
		<SimpleData name="X">435764.000000</SimpleData>
		<SimpleData name="Y">7204202.000000</SimpleData>
	</SchemaData></ExtendedData>
      <Point><coordinates>-57.6379996538321,-25.2772271064952</coordinates></Point>
  </Placemark>
  <Placemark id="inviduos_completos.832">
	<ExtendedData><SchemaData schemaUrl="#inviduos_completos">
		<SimpleData name="Nº">832.000000</SimpleData>
		<SimpleData name="Individuo">832.000000</SimpleData>
		<SimpleData name="X">435767.000000</SimpleData>
		<SimpleData name="Y">7204198.000000</SimpleData>
	</SchemaData></ExtendedData>
      <Point><coordinates>-57.6379700478213,-25.2772633560737</coordinates></Point>
  </Placemark>
  <Placemark id="inviduos_completos.833">
	<ExtendedData><SchemaData schemaUrl="#inviduos_completos">
		<SimpleData name="Nº">833.000000</SimpleData>
		<SimpleData name="Individuo">833.000000</SimpleData>
		<SimpleData name="X">436055.000000</SimpleData>
		<SimpleData name="Y">7203900.000000</SimpleData>
	</SchemaData></ExtendedData>
      <Point><coordinates>-57.635123745849,-25.2799666921009</coordinates></Point>
  </Placemark>
  <Placemark id="inviduos_completos.834">
	<ExtendedData><SchemaData schemaUrl="#inviduos_completos">
		<SimpleData name="Nº">834.000000</SimpleData>
		<SimpleData name="Individuo">834.000000</SimpleData>
		<SimpleData name="X">436050.000000</SimpleData>
		<SimpleData name="Y">7203896.000000</SimpleData>
	</SchemaData></ExtendedData>
      <Point><coordinates>-57.635173593238,-25.2800025991244</coordinates></Point>
  </Placemark>
  <Placemark id="inviduos_completos.835">
	<ExtendedData><SchemaData schemaUrl="#inviduos_completos">
		<SimpleData name="Nº">835.000000</SimpleData>
		<SimpleData name="Individuo">835.000000</SimpleData>
		<SimpleData name="X">436057.000000</SimpleData>
		<SimpleData name="Y">7203907.000000</SimpleData>
	</SchemaData></ExtendedData>
      <Point><coordinates>-57.6351035530184,-25.2799035662399</coordinates></Point>
  </Placemark>
  <Placemark id="inviduos_completos.836">
	<ExtendedData><SchemaData schemaUrl="#inviduos_completos">
		<SimpleData name="Nº">836.000000</SimpleData>
		<SimpleData name="Individuo">836.000000</SimpleData>
		<SimpleData name="X">436055.000000</SimpleData>
		<SimpleData name="Y">7203911.000000</SimpleData>
	</SchemaData></ExtendedData>
      <Point><coordinates>-57.6351232286636,-25.2798673599691</coordinates></Point>
  </Placemark>
  <Placemark id="inviduos_completos.837">
	<ExtendedData><SchemaData schemaUrl="#inviduos_completos">
		<SimpleData name="Nº">837.000000</SimpleData>
		<SimpleData name="Individuo">837.000000</SimpleData>
		<SimpleData name="X">436061.000000</SimpleData>
		<SimpleData name="Y">7203918.000000</SimpleData>
	</SchemaData></ExtendedData>
      <Point><coordinates>-57.6350633084583,-25.2798044050891</coordinates></Point>
  </Placemark>
  <Placemark id="inviduos_completos.838">
	<ExtendedData><SchemaData schemaUrl="#inviduos_completos">
		<SimpleData name="Nº">838.000000</SimpleData>
		<SimpleData name="Individuo">838.000000</SimpleData>
		<SimpleData name="X">436058.000000</SimpleData>
		<SimpleData name="Y">7203914.000000</SimpleData>
	</SchemaData></ExtendedData>
      <Point><coordinates>-57.6350932920604,-25.2798403976293</coordinates></Point>
  </Placemark>
  <Placemark id="inviduos_completos.839">
	<ExtendedData><SchemaData schemaUrl="#inviduos_completos">
		<SimpleData name="Nº">839.000000</SimpleData>
		<SimpleData name="Individuo">839.000000</SimpleData>
		<SimpleData name="X">436057.000000</SimpleData>
		<SimpleData name="Y">7203923.000000</SimpleData>
	</SchemaData></ExtendedData>
      <Point><coordinates>-57.6351028007757,-25.2797590831369</coordinates></Point>
  </Placemark>
  <Placemark id="inviduos_completos.840">
	<ExtendedData><SchemaData schemaUrl="#inviduos_completos">
		<SimpleData name="Nº">840.000000</SimpleData>
		<SimpleData name="Individuo">840.000000</SimpleData>
		<SimpleData name="X">436061.000000</SimpleData>
		<SimpleData name="Y">7203922.000000</SimpleData>
	</SchemaData></ExtendedData>
      <Point><coordinates>-57.6350631204098,-25.2797682843128</coordinates></Point>
  </Placemark>
  <Placemark id="inviduos_completos.841">
	<ExtendedData><SchemaData schemaUrl="#inviduos_completos">
		<SimpleData name="Nº">841.000000</SimpleData>
		<SimpleData name="Individuo">841.000000</SimpleData>
		<SimpleData name="X">436072.000000</SimpleData>
		<SimpleData name="Y">7203927.000000</SimpleData>
	</SchemaData></ExtendedData>
      <Point><coordinates>-57.634953635091,-25.2797236034863</coordinates></Point>
  </Placemark>
  <Placemark id="inviduos_completos.842">
	<ExtendedData><SchemaData schemaUrl="#inviduos_completos">
		<SimpleData name="Nº">842.000000</SimpleData>
		<SimpleData name="Individuo">842.000000</SimpleData>
		<SimpleData name="X">436070.000000</SimpleData>
		<SimpleData name="Y">7203925.000000</SimpleData>
	</SchemaData></ExtendedData>
      <Point><coordinates>-57.6349735927853,-25.2797415784002</coordinates></Point>
  </Placemark>
  <Placemark id="inviduos_completos.843">
	<ExtendedData><SchemaData schemaUrl="#inviduos_completos">
		<SimpleData name="Nº">843.000000</SimpleData>
		<SimpleData name="Individuo">843.000000</SimpleData>
		<SimpleData name="X">436081.000000</SimpleData>
		<SimpleData name="Y">7203938.000000</SimpleData>
	</SchemaData></ExtendedData>
      <Point><coordinates>-57.6348637315452,-25.2796246559495</coordinates></Point>
  </Placemark>
  <Placemark id="inviduos_completos.844">
	<ExtendedData><SchemaData schemaUrl="#inviduos_completos">
		<SimpleData name="Nº">844.000000</SimpleData>
		<SimpleData name="Individuo">844.000000</SimpleData>
		<SimpleData name="X">436089.000000</SimpleData>
		<SimpleData name="Y">7203948.000000</SimpleData>
	</SchemaData></ExtendedData>
      <Point><coordinates>-57.6347838069628,-25.2795346958239</coordinates></Point>
  </Placemark>
  <Placemark id="inviduos_completos.845">
	<ExtendedData><SchemaData schemaUrl="#inviduos_completos">
		<SimpleData name="Nº">845.000000</SimpleData>
		<SimpleData name="Individuo">845.000000</SimpleData>
		<SimpleData name="X">436092.000000</SimpleData>
		<SimpleData name="Y">7203950.000000</SimpleData>
	</SchemaData></ExtendedData>
      <Point><coordinates>-57.634753917505,-25.279516763606</coordinates></Point>
  </Placemark>
  <Placemark id="inviduos_completos.846">
	<ExtendedData><SchemaData schemaUrl="#inviduos_completos">
		<SimpleData name="Nº">846.000000</SimpleData>
		<SimpleData name="Individuo">846.000000</SimpleData>
		<SimpleData name="X">436095.000000</SimpleData>
		<SimpleData name="Y">7203953.000000</SimpleData>
	</SchemaData></ExtendedData>
      <Point><coordinates>-57.6347239810695,-25.2794898011867</coordinates></Point>
  </Placemark>
  <Placemark id="inviduos_completos.847">
	<ExtendedData><SchemaData schemaUrl="#inviduos_completos">
		<SimpleData name="Nº">847.000000</SimpleData>
		<SimpleData name="Individuo">847.000000</SimpleData>
		<SimpleData name="X">436100.000000</SimpleData>
		<SimpleData name="Y">7203958.000000</SimpleData>
	</SchemaData></ExtendedData>
      <Point><coordinates>-57.6346740870399,-25.279444863807</coordinates></Point>
  </Placemark>
  <Placemark id="inviduos_completos.848">
	<ExtendedData><SchemaData schemaUrl="#inviduos_completos">
		<SimpleData name="Nº">848.000000</SimpleData>
		<SimpleData name="Individuo">848.000000</SimpleData>
		<SimpleData name="X">436098.000000</SimpleData>
		<SimpleData name="Y">7203963.000000</SimpleData>
	</SchemaData></ExtendedData>
      <Point><coordinates>-57.6346937157592,-25.279399627395</coordinates></Point>
  </Placemark>
  <Placemark id="inviduos_completos.849">
	<ExtendedData><SchemaData schemaUrl="#inviduos_completos">
		<SimpleData name="Nº">849.000000</SimpleData>
		<SimpleData name="Individuo">849.000000</SimpleData>
		<SimpleData name="X">436111.000000</SimpleData>
		<SimpleData name="Y">7203971.000000</SimpleData>
	</SchemaData></ExtendedData>
      <Point><coordinates>-57.6345642263555,-25.2793279411179</coordinates></Point>
  </Placemark>
  <Placemark id="inviduos_completos.850">
	<ExtendedData><SchemaData schemaUrl="#inviduos_completos">
		<SimpleData name="Nº">850.000000</SimpleData>
		<SimpleData name="Individuo">850.000000</SimpleData>
		<SimpleData name="X">436074.000000</SimpleData>
		<SimpleData name="Y">7204001.000000</SimpleData>
	</SchemaData></ExtendedData>
      <Point><coordinates>-57.6349302932918,-25.2790554545448</coordinates></Point>
  </Placemark>
  <Placemark id="inviduos_completos.851">
	<ExtendedData><SchemaData schemaUrl="#inviduos_completos">
		<SimpleData name="Nº">851.000000</SimpleData>
		<SimpleData name="Individuo">851.000000</SimpleData>
		<SimpleData name="X">436081.000000</SimpleData>
		<SimpleData name="Y">7203997.000000</SimpleData>
	</SchemaData></ExtendedData>
      <Point><coordinates>-57.6348609587614,-25.2790918744481</coordinates></Point>
  </Placemark>
  <Placemark id="inviduos_completos.852">
	<ExtendedData><SchemaData schemaUrl="#inviduos_completos">
		<SimpleData name="Nº">852.000000</SimpleData>
		<SimpleData name="Individuo">852.000000</SimpleData>
		<SimpleData name="X">436091.000000</SimpleData>
		<SimpleData name="Y">7203989.000000</SimpleData>
	</SchemaData></ExtendedData>
      <Point><coordinates>-57.6347620167617,-25.2791645432725</coordinates></Point>
  </Placemark>
  <Placemark id="inviduos_completos.853">
	<ExtendedData><SchemaData schemaUrl="#inviduos_completos">
		<SimpleData name="Nº">853.000000</SimpleData>
		<SimpleData name="Individuo">853.000000</SimpleData>
		<SimpleData name="X">436098.000000</SimpleData>
		<SimpleData name="Y">7203978.000000</SimpleData>
	</SchemaData></ExtendedData>
      <Point><coordinates>-57.6346930110026,-25.279264174466</coordinates></Point>
  </Placemark>
  <Placemark id="inviduos_completos.854">
	<ExtendedData><SchemaData schemaUrl="#inviduos_completos">
		<SimpleData name="Nº">854.000000</SimpleData>
		<SimpleData name="Individuo">854.000000</SimpleData>
		<SimpleData name="X">436096.000000</SimpleData>
		<SimpleData name="Y">7203980.000000</SimpleData>
	</SchemaData></ExtendedData>
      <Point><coordinates>-57.6347127806423,-25.2792460286372</coordinates></Point>
  </Placemark>
  <Placemark id="inviduos_completos.855">
	<ExtendedData><SchemaData schemaUrl="#inviduos_completos">
		<SimpleData name="Nº">855.000000</SimpleData>
		<SimpleData name="Individuo">855.000000</SimpleData>
		<SimpleData name="X">436114.000000</SimpleData>
		<SimpleData name="Y">7203991.000000</SimpleData>
	</SchemaData></ExtendedData>
      <Point><coordinates>-57.6345334914888,-25.2791474653312</coordinates></Point>
  </Placemark>
  <Placemark id="inviduos_completos.856">
	<ExtendedData><SchemaData schemaUrl="#inviduos_completos">
		<SimpleData name="Nº">856.000000</SimpleData>
		<SimpleData name="Individuo">856.000000</SimpleData>
		<SimpleData name="X">436123.000000</SimpleData>
		<SimpleData name="Y">7204005.000000</SimpleData>
	</SchemaData></ExtendedData>
      <Point><coordinates>-57.6344434478195,-25.2790214269276</coordinates></Point>
  </Placemark>
  <Placemark id="inviduos_completos.857">
	<ExtendedData><SchemaData schemaUrl="#inviduos_completos">
		<SimpleData name="Nº">857.000000</SimpleData>
		<SimpleData name="Individuo">857.000000</SimpleData>
		<SimpleData name="X">436125.000000</SimpleData>
		<SimpleData name="Y">7204012.000000</SimpleData>
	</SchemaData></ExtendedData>
      <Point><coordinates>-57.6344232555067,-25.2789583009557</coordinates></Point>
  </Placemark>
  <Placemark id="inviduos_completos.858">
	<ExtendedData><SchemaData schemaUrl="#inviduos_completos">
		<SimpleData name="Nº">858.000000</SimpleData>
		<SimpleData name="Individuo">858.000000</SimpleData>
		<SimpleData name="X">436129.000000</SimpleData>
		<SimpleData name="Y">7204015.000000</SimpleData>
	</SchemaData></ExtendedData>
      <Point><coordinates>-57.6343833875043,-25.2789313811607</coordinates></Point>
  </Placemark>
  <Placemark id="inviduos_completos.859">
	<ExtendedData><SchemaData schemaUrl="#inviduos_completos">
		<SimpleData name="Nº">859.000000</SimpleData>
		<SimpleData name="Individuo">859.000000</SimpleData>
		<SimpleData name="X">436135.000000</SimpleData>
		<SimpleData name="Y">7204005.000000</SimpleData>
	</SchemaData></ExtendedData>
      <Point><coordinates>-57.6343242663901,-25.2790219392945</coordinates></Point>
  </Placemark>
  <Placemark id="inviduos_completos.860">
	<ExtendedData><SchemaData schemaUrl="#inviduos_completos">
		<SimpleData name="Nº">860.000000</SimpleData>
		<SimpleData name="Individuo">860.000000</SimpleData>
		<SimpleData name="X">436148.000000</SimpleData>
		<SimpleData name="Y">7203995.000000</SimpleData>
	</SchemaData></ExtendedData>
      <Point><coordinates>-57.6341956226347,-25.2791127962147</coordinates></Point>
  </Placemark>
  <Placemark id="inviduos_completos.861">
	<ExtendedData><SchemaData schemaUrl="#inviduos_completos">
		<SimpleData name="Nº">861.000000</SimpleData>
		<SimpleData name="Individuo">861.000000</SimpleData>
		<SimpleData name="X">436138.000000</SimpleData>
		<SimpleData name="Y">7203991.000000</SimpleData>
	</SchemaData></ExtendedData>
      <Point><coordinates>-57.6342951283846,-25.279148490119</coordinates></Point>
  </Placemark>
  <Placemark id="inviduos_completos.862">
	<ExtendedData><SchemaData schemaUrl="#inviduos_completos">
		<SimpleData name="Nº">862.000000</SimpleData>
		<SimpleData name="Individuo">862.000000</SimpleData>
		<SimpleData name="X">436130.000000</SimpleData>
		<SimpleData name="Y">7203984.000000</SimpleData>
	</SchemaData></ExtendedData>
      <Point><coordinates>-57.6343749114732,-25.2792113599379</coordinates></Point>
  </Placemark>
  <Placemark id="inviduos_completos.863">
	<ExtendedData><SchemaData schemaUrl="#inviduos_completos">
		<SimpleData name="Nº">863.000000</SimpleData>
		<SimpleData name="Individuo">863.000000</SimpleData>
		<SimpleData name="X">436136.000000</SimpleData>
		<SimpleData name="Y">7203996.000000</SimpleData>
	</SchemaData></ExtendedData>
      <Point><coordinates>-57.6343147572006,-25.2791032537538</coordinates></Point>
  </Placemark>
  <Placemark id="inviduos_completos.864">
	<ExtendedData><SchemaData schemaUrl="#inviduos_completos">
		<SimpleData name="Nº">864.000000</SimpleData>
		<SimpleData name="Individuo">864.000000</SimpleData>
		<SimpleData name="X">436137.000000</SimpleData>
		<SimpleData name="Y">7203989.000000</SimpleData>
	</SchemaData></ExtendedData>
      <Point><coordinates>-57.6343051540902,-25.2791665078195</coordinates></Point>
  </Placemark>
  <Placemark id="inviduos_completos.865">
	<ExtendedData><SchemaData schemaUrl="#inviduos_completos">
		<SimpleData name="Nº">865.000000</SimpleData>
		<SimpleData name="Individuo">865.000000</SimpleData>
		<SimpleData name="X">436135.000000</SimpleData>
		<SimpleData name="Y">7203984.000000</SimpleData>
	</SchemaData></ExtendedData>
      <Point><coordinates>-57.6343252524667,-25.2792115734142</coordinates></Point>
  </Placemark>
  <Placemark id="inviduos_completos.866">
	<ExtendedData><SchemaData schemaUrl="#inviduos_completos">
		<SimpleData name="Nº">866.000000</SimpleData>
		<SimpleData name="Individuo">866.000000</SimpleData>
		<SimpleData name="X">436133.000000</SimpleData>
		<SimpleData name="Y">7203978.000000</SimpleData>
	</SchemaData></ExtendedData>
      <Point><coordinates>-57.6343453978162,-25.2792656692017</coordinates></Point>
  </Placemark>
  <Placemark id="inviduos_completos.867">
	<ExtendedData><SchemaData schemaUrl="#inviduos_completos">
		<SimpleData name="Nº">867.000000</SimpleData>
		<SimpleData name="Individuo">867.000000</SimpleData>
		<SimpleData name="X">436132.000000</SimpleData>
		<SimpleData name="Y">7203974.000000</SimpleData>
	</SchemaData></ExtendedData>
      <Point><coordinates>-57.6343555174565,-25.27930174729</coordinates></Point>
  </Placemark>
  <Placemark id="inviduos_completos.868">
	<ExtendedData><SchemaData schemaUrl="#inviduos_completos">
		<SimpleData name="Nº">868.000000</SimpleData>
		<SimpleData name="Individuo">868.000000</SimpleData>
		<SimpleData name="X">436138.000000</SimpleData>
		<SimpleData name="Y">7203979.000000</SimpleData>
	</SchemaData></ExtendedData>
      <Point><coordinates>-57.6342956918331,-25.2792568524724</coordinates></Point>
  </Placemark>
  <Placemark id="inviduos_completos.869">
	<ExtendedData><SchemaData schemaUrl="#inviduos_completos">
		<SimpleData name="Nº">869.000000</SimpleData>
		<SimpleData name="Individuo">869.000000</SimpleData>
		<SimpleData name="X">436144.000000</SimpleData>
		<SimpleData name="Y">7203987.000000</SimpleData>
	</SchemaData></ExtendedData>
      <Point><coordinates>-57.6342357254047,-25.2791848670408</coordinates></Point>
  </Placemark>
  <Placemark id="inviduos_completos.870">
	<ExtendedData><SchemaData schemaUrl="#inviduos_completos">
		<SimpleData name="Nº">870.000000</SimpleData>
		<SimpleData name="Individuo">870.000000</SimpleData>
		<SimpleData name="X">436158.000000</SimpleData>
		<SimpleData name="Y">7203982.000000</SimpleData>
	</SchemaData></ExtendedData>
      <Point><coordinates>-57.6340969149083,-25.279230615583</coordinates></Point>
  </Placemark>
  <Placemark id="inviduos_completos.871">
	<ExtendedData><SchemaData schemaUrl="#inviduos_completos">
		<SimpleData name="Nº">871.000000</SimpleData>
		<SimpleData name="Individuo">871.000000</SimpleData>
		<SimpleData name="X">436151.000000</SimpleData>
		<SimpleData name="Y">7203972.000000</SimpleData>
	</SchemaData></ExtendedData>
      <Point><coordinates>-57.6341669069778,-25.2793206187815</coordinates></Point>
  </Placemark>
  <Placemark id="inviduos_completos.872">
	<ExtendedData><SchemaData schemaUrl="#inviduos_completos">
		<SimpleData name="Nº">872.000000</SimpleData>
		<SimpleData name="Individuo">872.000000</SimpleData>
		<SimpleData name="X">436149.000000</SimpleData>
		<SimpleData name="Y">7203975.000000</SimpleData>
	</SchemaData></ExtendedData>
      <Point><coordinates>-57.6341866297602,-25.2792934428253</coordinates></Point>
  </Placemark>
  <Placemark id="inviduos_completos.873">
	<ExtendedData><SchemaData schemaUrl="#inviduos_completos">
		<SimpleData name="Nº">873.000000</SimpleData>
		<SimpleData name="Individuo">873.000000</SimpleData>
		<SimpleData name="X">436147.000000</SimpleData>
		<SimpleData name="Y">7203976.000000</SimpleData>
	</SchemaData></ExtendedData>
      <Point><coordinates>-57.6342064464291,-25.279284327259</coordinates></Point>
  </Placemark>
  <Placemark id="inviduos_completos.874">
	<ExtendedData><SchemaData schemaUrl="#inviduos_completos">
		<SimpleData name="Nº">874.000000</SimpleData>
		<SimpleData name="Individuo">874.000000</SimpleData>
		<SimpleData name="X">436142.000000</SimpleData>
		<SimpleData name="Y">7203972.000000</SimpleData>
	</SchemaData></ExtendedData>
      <Point><coordinates>-57.6342562932717,-25.2793202346064</coordinates></Point>
  </Placemark>
  <Placemark id="inviduos_completos.875">
	<ExtendedData><SchemaData schemaUrl="#inviduos_completos">
		<SimpleData name="Nº">875.000000</SimpleData>
		<SimpleData name="Individuo">875.000000</SimpleData>
		<SimpleData name="X">436139.000000</SimpleData>
		<SimpleData name="Y">7203970.000000</SimpleData>
	</SchemaData></ExtendedData>
      <Point><coordinates>-57.6342861826099,-25.279338166928</coordinates></Point>
  </Placemark>
  <Placemark id="inviduos_completos.876">
	<ExtendedData><SchemaData schemaUrl="#inviduos_completos">
		<SimpleData name="Nº">876.000000</SimpleData>
		<SimpleData name="Individuo">876.000000</SimpleData>
		<SimpleData name="X">436147.000000</SimpleData>
		<SimpleData name="Y">7203963.000000</SimpleData>
	</SchemaData></ExtendedData>
      <Point><coordinates>-57.6342070567501,-25.2794017198084</coordinates></Point>
  </Placemark>
  <Placemark id="inviduos_completos.877">
	<ExtendedData><SchemaData schemaUrl="#inviduos_completos">
		<SimpleData name="Nº">877.000000</SimpleData>
		<SimpleData name="Individuo">877.000000</SimpleData>
		<SimpleData name="X">436148.000000</SimpleData>
		<SimpleData name="Y">7203965.000000</SimpleData>
	</SchemaData></ExtendedData>
      <Point><coordinates>-57.6341970310387,-25.2793837021019</coordinates></Point>
  </Placemark>
  <Placemark id="inviduos_completos.878">
	<ExtendedData><SchemaData schemaUrl="#inviduos_completos">
		<SimpleData name="Nº">878.000000</SimpleData>
		<SimpleData name="Individuo">878.000000</SimpleData>
		<SimpleData name="X">436152.000000</SimpleData>
		<SimpleData name="Y">7203958.000000</SimpleData>
	</SchemaData></ExtendedData>
      <Point><coordinates>-57.6341576323861,-25.2794470842102</coordinates></Point>
  </Placemark>
  <Placemark id="inviduos_completos.879">
	<ExtendedData><SchemaData schemaUrl="#inviduos_completos">
		<SimpleData name="Nº">879.000000</SimpleData>
		<SimpleData name="Individuo">879.000000</SimpleData>
		<SimpleData name="X">436159.000000</SimpleData>
		<SimpleData name="Y">7203962.000000</SimpleData>
	</SchemaData></ExtendedData>
      <Point><coordinates>-57.6340879218829,-25.2794112621878</coordinates></Point>
  </Placemark>
  <Placemark id="inviduos_completos.880">
	<ExtendedData><SchemaData schemaUrl="#inviduos_completos">
		<SimpleData name="Nº">880.000000</SimpleData>
		<SimpleData name="Individuo">880.000000</SimpleData>
		<SimpleData name="X">436163.000000</SimpleData>
		<SimpleData name="Y">7203968.000000</SimpleData>
	</SchemaData></ExtendedData>
      <Point><coordinates>-57.6340479129937,-25.2793572517162</coordinates></Point>
  </Placemark>
  <Placemark id="inviduos_completos.881">
	<ExtendedData><SchemaData schemaUrl="#inviduos_completos">
		<SimpleData name="Nº">881.000000</SimpleData>
		<SimpleData name="Individuo">881.000000</SimpleData>
		<SimpleData name="X">436166.000000</SimpleData>
		<SimpleData name="Y">7203974.000000</SimpleData>
	</SchemaData></ExtendedData>
      <Point><coordinates>-57.6340178359497,-25.2793031985599</coordinates></Point>
  </Placemark>
  <Placemark id="inviduos_completos.882">
	<ExtendedData><SchemaData schemaUrl="#inviduos_completos">
		<SimpleData name="Nº">882.000000</SimpleData>
		<SimpleData name="Individuo">882.000000</SimpleData>
		<SimpleData name="X">436189.000000</SimpleData>
		<SimpleData name="Y">7203949.000000</SimpleData>
	</SchemaData></ExtendedData>
      <Point><coordinates>-57.6337905772544,-25.2795299347819</coordinates></Point>
  </Placemark>
  <Placemark id="inviduos_completos.883">
	<ExtendedData><SchemaData schemaUrl="#inviduos_completos">
		<SimpleData name="Nº">883.000000</SimpleData>
		<SimpleData name="Individuo">883.000000</SimpleData>
		<SimpleData name="X">436197.000000</SimpleData>
		<SimpleData name="Y">7203953.000000</SimpleData>
	</SchemaData></ExtendedData>
      <Point><coordinates>-57.6337109349814,-25.2794941552384</coordinates></Point>
  </Placemark>
  <Placemark id="inviduos_completos.884">
	<ExtendedData><SchemaData schemaUrl="#inviduos_completos">
		<SimpleData name="Nº">884.000000</SimpleData>
		<SimpleData name="Individuo">884.000000</SimpleData>
		<SimpleData name="X">436197.000000</SimpleData>
		<SimpleData name="Y">7203951.000000</SimpleData>
	</SchemaData></ExtendedData>
      <Point><coordinates>-57.6337110288043,-25.2795122156319</coordinates></Point>
  </Placemark>
  <Placemark id="inviduos_completos.885">
	<ExtendedData><SchemaData schemaUrl="#inviduos_completos">
		<SimpleData name="Nº">885.000000</SimpleData>
		<SimpleData name="Individuo">885.000000</SimpleData>
		<SimpleData name="X">436199.000000</SimpleData>
		<SimpleData name="Y">7203946.000000</SimpleData>
	</SchemaData></ExtendedData>
      <Point><coordinates>-57.6336913997003,-25.2795574519199</coordinates></Point>
  </Placemark>
  <Placemark id="inviduos_completos.886">
	<ExtendedData><SchemaData schemaUrl="#inviduos_completos">
		<SimpleData name="Nº">886.000000</SimpleData>
		<SimpleData name="Individuo">886.000000</SimpleData>
		<SimpleData name="X">436198.000000</SimpleData>
		<SimpleData name="Y">7203939.000000</SimpleData>
	</SchemaData></ExtendedData>
      <Point><coordinates>-57.6337016599073,-25.2796206206449</coordinates></Point>
  </Placemark>
  <Placemark id="inviduos_completos.887">
	<ExtendedData><SchemaData schemaUrl="#inviduos_completos">
		<SimpleData name="Nº">887.000000</SimpleData>
		<SimpleData name="Individuo">887.000000</SimpleData>
		<SimpleData name="X">436183.000000</SimpleData>
		<SimpleData name="Y">7203940.000000</SimpleData>
	</SchemaData></ExtendedData>
      <Point><coordinates>-57.6338505905207,-25.2796109505893</coordinates></Point>
  </Placemark>
  <Placemark id="inviduos_completos.888">
	<ExtendedData><SchemaData schemaUrl="#inviduos_completos">
		<SimpleData name="Nº">888.000000</SimpleData>
		<SimpleData name="Individuo">888.000000</SimpleData>
		<SimpleData name="X">436122.000000</SimpleData>
		<SimpleData name="Y">7203962.000000</SimpleData>
	</SchemaData></ExtendedData>
      <Point><coordinates>-57.634455399136,-25.2794096826467</coordinates></Point>
  </Placemark>
  <Placemark id="inviduos_completos.889">
	<ExtendedData><SchemaData schemaUrl="#inviduos_completos">
		<SimpleData name="Nº">889.000000</SimpleData>
		<SimpleData name="Individuo">889.000000</SimpleData>
		<SimpleData name="X">436125.000000</SimpleData>
		<SimpleData name="Y">7203963.000000</SimpleData>
	</SchemaData></ExtendedData>
      <Point><coordinates>-57.6344255567201,-25.279400780556</coordinates></Point>
  </Placemark>
  <Placemark id="inviduos_completos.890">
	<ExtendedData><SchemaData schemaUrl="#inviduos_completos">
		<SimpleData name="Nº">890.000000</SimpleData>
		<SimpleData name="Individuo">890.000000</SimpleData>
		<SimpleData name="X">436125.000000</SimpleData>
		<SimpleData name="Y">7203955.000000</SimpleData>
	</SchemaData></ExtendedData>
      <Point><coordinates>-57.6344259324336,-25.2794730221209</coordinates></Point>
  </Placemark>
  <Placemark id="inviduos_completos.891">
	<ExtendedData><SchemaData schemaUrl="#inviduos_completos">
		<SimpleData name="Nº">891.000000</SimpleData>
		<SimpleData name="Individuo">891.000000</SimpleData>
		<SimpleData name="X">436126.000000</SimpleData>
		<SimpleData name="Y">7203955.000000</SimpleData>
	</SchemaData></ExtendedData>
      <Point><coordinates>-57.6344160006111,-25.2794730648213</coordinates></Point>
  </Placemark>
  <Placemark id="inviduos_completos.892">
	<ExtendedData><SchemaData schemaUrl="#inviduos_completos">
		<SimpleData name="Nº">892.000000</SimpleData>
		<SimpleData name="Individuo">892.000000</SimpleData>
		<SimpleData name="X">436126.000000</SimpleData>
		<SimpleData name="Y">7203956.000000</SimpleData>
	</SchemaData></ExtendedData>
      <Point><coordinates>-57.6344159536476,-25.2794640346257</coordinates></Point>
  </Placemark>
  <Placemark id="inviduos_completos.893">
	<ExtendedData><SchemaData schemaUrl="#inviduos_completos">
		<SimpleData name="Nº">893.000000</SimpleData>
		<SimpleData name="Individuo">893.000000</SimpleData>
		<SimpleData name="X">436126.000000</SimpleData>
		<SimpleData name="Y">7203954.000000</SimpleData>
	</SchemaData></ExtendedData>
      <Point><coordinates>-57.6344160475747,-25.2794820950169</coordinates></Point>
  </Placemark>
  <Placemark id="inviduos_completos.894">
	<ExtendedData><SchemaData schemaUrl="#inviduos_completos">
		<SimpleData name="Nº">894.000000</SimpleData>
		<SimpleData name="Individuo">894.000000</SimpleData>
		<SimpleData name="X">436133.000000</SimpleData>
		<SimpleData name="Y">7203951.000000</SimpleData>
	</SchemaData></ExtendedData>
      <Point><coordinates>-57.634346665687,-25.2795094844885</coordinates></Point>
  </Placemark>
  <Placemark id="inviduos_completos.895">
	<ExtendedData><SchemaData schemaUrl="#inviduos_completos">
		<SimpleData name="Nº">895.000000</SimpleData>
		<SimpleData name="Individuo">895.000000</SimpleData>
		<SimpleData name="X">436138.000000</SimpleData>
		<SimpleData name="Y">7203953.000000</SimpleData>
	</SchemaData></ExtendedData>
      <Point><coordinates>-57.6342969126493,-25.2794916375661</coordinates></Point>
  </Placemark>
  <Placemark id="inviduos_completos.896">
	<ExtendedData><SchemaData schemaUrl="#inviduos_completos">
		<SimpleData name="Nº">896.000000</SimpleData>
		<SimpleData name="Individuo">896.000000</SimpleData>
		<SimpleData name="X">436142.000000</SimpleData>
		<SimpleData name="Y">7203946.000000</SimpleData>
	</SchemaData></ExtendedData>
      <Point><coordinates>-57.6342575140156,-25.2795550196999</coordinates></Point>
  </Placemark>
  <Placemark id="inviduos_completos.897">
	<ExtendedData><SchemaData schemaUrl="#inviduos_completos">
		<SimpleData name="Nº">897.000000</SimpleData>
		<SimpleData name="Individuo">897.000000</SimpleData>
		<SimpleData name="X">436138.000000</SimpleData>
		<SimpleData name="Y">7203945.000000</SimpleData>
	</SchemaData></ExtendedData>
      <Point><coordinates>-57.6342972882882,-25.2795638791319</coordinates></Point>
  </Placemark>
  <Placemark id="inviduos_completos.898">
	<ExtendedData><SchemaData schemaUrl="#inviduos_completos">
		<SimpleData name="Nº">898.000000</SimpleData>
		<SimpleData name="Individuo">898.000000</SimpleData>
		<SimpleData name="X">436136.000000</SimpleData>
		<SimpleData name="Y">7203945.000000</SimpleData>
	</SchemaData></ExtendedData>
      <Point><coordinates>-57.6343171519483,-25.279563793746</coordinates></Point>
  </Placemark>
  <Placemark id="inviduos_completos.899">
	<ExtendedData><SchemaData schemaUrl="#inviduos_completos">
		<SimpleData name="Nº">899.000000</SimpleData>
		<SimpleData name="Individuo">899.000000</SimpleData>
		<SimpleData name="X">436140.000000</SimpleData>
		<SimpleData name="Y">7203942.000000</SimpleData>
	</SchemaData></ExtendedData>
      <Point><coordinates>-57.6342775654885,-25.2795910551022</coordinates></Point>
  </Placemark>
  <Placemark id="inviduos_completos.900">
	<ExtendedData><SchemaData schemaUrl="#inviduos_completos">
		<SimpleData name="Nº">900.000000</SimpleData>
		<SimpleData name="Individuo">900.000000</SimpleData>
		<SimpleData name="X">436149.000000</SimpleData>
		<SimpleData name="Y">7203935.000000</SimpleData>
	</SchemaData></ExtendedData>
      <Point><coordinates>-57.6341885076255,-25.2796546506645</coordinates></Point>
  </Placemark>
  <Placemark id="inviduos_completos.901">
	<ExtendedData><SchemaData schemaUrl="#inviduos_completos">
		<SimpleData name="Nº">901.000000</SimpleData>
		<SimpleData name="Individuo">901.000000</SimpleData>
		<SimpleData name="X">436171.000000</SimpleData>
		<SimpleData name="Y">7203915.000000</SimpleData>
	</SchemaData></ExtendedData>
      <Point><coordinates>-57.6339709458136,-25.2798361934953</coordinates></Point>
  </Placemark>
  <Placemark id="inviduos_completos.902">
	<ExtendedData><SchemaData schemaUrl="#inviduos_completos">
		<SimpleData name="Nº">902.000000</SimpleData>
		<SimpleData name="Individuo">902.000000</SimpleData>
		<SimpleData name="X">436220.000000</SimpleData>
		<SimpleData name="Y">7203881.000000</SimpleData>
	</SchemaData></ExtendedData>
      <Point><coordinates>-57.6334858794494,-25.2801453102423</coordinates></Point>
  </Placemark>
  <Placemark id="inviduos_completos.903">
	<ExtendedData><SchemaData schemaUrl="#inviduos_completos">
		<SimpleData name="Nº">903.000000</SimpleData>
		<SimpleData name="Individuo">903.000000</SimpleData>
		<SimpleData name="X">436216.000000</SimpleData>
		<SimpleData name="Y">7203876.000000</SimpleData>
	</SchemaData></ExtendedData>
      <Point><coordinates>-57.6335258414608,-25.2801902906641</coordinates></Point>
  </Placemark>
  <Placemark id="inviduos_completos.904">
	<ExtendedData><SchemaData schemaUrl="#inviduos_completos">
		<SimpleData name="Nº">904.000000</SimpleData>
		<SimpleData name="Individuo">904.000000</SimpleData>
		<SimpleData name="X">436223.000000</SimpleData>
		<SimpleData name="Y">7203868.000000</SimpleData>
	</SchemaData></ExtendedData>
      <Point><coordinates>-57.6334566934351,-25.2802628307077</coordinates></Point>
  </Placemark>
  <Placemark id="inviduos_completos.905">
	<ExtendedData><SchemaData schemaUrl="#inviduos_completos">
		<SimpleData name="Nº">905.000000</SimpleData>
		<SimpleData name="Individuo">905.000000</SimpleData>
		<SimpleData name="X">436227.000000</SimpleData>
		<SimpleData name="Y">7203867.000000</SimpleData>
	</SchemaData></ExtendedData>
      <Point><coordinates>-57.6334170127717,-25.2802720314459</coordinates></Point>
  </Placemark>
  <Placemark id="inviduos_completos.906">
	<ExtendedData><SchemaData schemaUrl="#inviduos_completos">
		<SimpleData name="Nº">906.000000</SimpleData>
		<SimpleData name="Individuo">906.000000</SimpleData>
		<SimpleData name="X">436237.000000</SimpleData>
		<SimpleData name="Y">7203855.000000</SimpleData>
	</SchemaData></ExtendedData>
      <Point><coordinates>-57.6333182564849,-25.2803808201113</coordinates></Point>
  </Placemark>
  <Placemark id="inviduos_completos.907">
	<ExtendedData><SchemaData schemaUrl="#inviduos_completos">
		<SimpleData name="Nº">907.000000</SimpleData>
		<SimpleData name="Individuo">907.000000</SimpleData>
		<SimpleData name="X">436255.000000</SimpleData>
		<SimpleData name="Y">7203837.000000</SimpleData>
	</SchemaData></ExtendedData>
      <Point><coordinates>-57.6331403259895,-25.2805441308397</coordinates></Point>
  </Placemark>
  <Placemark id="inviduos_completos.908">
	<ExtendedData><SchemaData schemaUrl="#inviduos_completos">
		<SimpleData name="Nº">908.000000</SimpleData>
		<SimpleData name="Individuo">908.000000</SimpleData>
		<SimpleData name="X">436265.000000</SimpleData>
		<SimpleData name="Y">7203830.000000</SimpleData>
	</SchemaData></ExtendedData>
      <Point><coordinates>-57.6330413349158,-25.2806077683421</coordinates></Point>
  </Placemark>
  <Placemark id="inviduos_completos.909">
	<ExtendedData><SchemaData schemaUrl="#inviduos_completos">
		<SimpleData name="Nº">909.000000</SimpleData>
		<SimpleData name="Individuo">909.000000</SimpleData>
		<SimpleData name="X">436266.000000</SimpleData>
		<SimpleData name="Y">7203832.000000</SimpleData>
	</SchemaData></ExtendedData>
      <Point><coordinates>-57.6330313092715,-25.2805897505579</coordinates></Point>
  </Placemark>
  <Placemark id="inviduos_completos.910">
	<ExtendedData><SchemaData schemaUrl="#inviduos_completos">
		<SimpleData name="Nº">910.000000</SimpleData>
		<SimpleData name="Individuo">910.000000</SimpleData>
		<SimpleData name="X">436277.000000</SimpleData>
		<SimpleData name="Y">7203814.000000</SimpleData>
	</SchemaData></ExtendedData>
      <Point><coordinates>-57.6329229015929,-25.280752762754</coordinates></Point>
  </Placemark>
  <Placemark id="inviduos_completos.911">
	<ExtendedData><SchemaData schemaUrl="#inviduos_completos">
		<SimpleData name="Nº">911.000000</SimpleData>
		<SimpleData name="Individuo">911.000000</SimpleData>
		<SimpleData name="X">436277.000000</SimpleData>
		<SimpleData name="Y">7203813.000000</SimpleData>
	</SchemaData></ExtendedData>
      <Point><coordinates>-57.6329229484486,-25.2807617929506</coordinates></Point>
  </Placemark>
  <Placemark id="inviduos_completos.912">
	<ExtendedData><SchemaData schemaUrl="#inviduos_completos">
		<SimpleData name="Nº">912.000000</SimpleData>
		<SimpleData name="Individuo">912.000000</SimpleData>
		<SimpleData name="X">436282.000000</SimpleData>
		<SimpleData name="Y">7203835.000000</SimpleData>
	</SchemaData></ExtendedData>
      <Point><coordinates>-57.6328722580569,-25.2805633416203</coordinates></Point>
  </Placemark>
  <Placemark id="inviduos_completos.913">
	<ExtendedData><SchemaData schemaUrl="#inviduos_completos">
		<SimpleData name="Nº">913.000000</SimpleData>
		<SimpleData name="Individuo">913.000000</SimpleData>
		<SimpleData name="X">436272.000000</SimpleData>
		<SimpleData name="Y">7203838.000000</SimpleData>
	</SchemaData></ExtendedData>
      <Point><coordinates>-57.6329714366212,-25.2805358250173</coordinates></Point>
  </Placemark>
  <Placemark id="inviduos_completos.914">
	<ExtendedData><SchemaData schemaUrl="#inviduos_completos">
		<SimpleData name="Nº">914.000000</SimpleData>
		<SimpleData name="Individuo">914.000000</SimpleData>
		<SimpleData name="X">436271.000000</SimpleData>
		<SimpleData name="Y">7203838.000000</SimpleData>
	</SchemaData></ExtendedData>
      <Point><coordinates>-57.632981368533,-25.2805357824124</coordinates></Point>
  </Placemark>
  <Placemark id="inviduos_completos.915">
	<ExtendedData><SchemaData schemaUrl="#inviduos_completos">
		<SimpleData name="Nº">915.000000</SimpleData>
		<SimpleData name="Individuo">915.000000</SimpleData>
		<SimpleData name="X">436245.000000</SimpleData>
		<SimpleData name="Y">7203861.000000</SimpleData>
	</SchemaData></ExtendedData>
      <Point><coordinates>-57.6332385200267,-25.2803269799318</coordinates></Point>
  </Placemark>
  <Placemark id="inviduos_completos.916">
	<ExtendedData><SchemaData schemaUrl="#inviduos_completos">
		<SimpleData name="Nº">916.000000</SimpleData>
		<SimpleData name="Individuo">916.000000</SimpleData>
		<SimpleData name="X">436228.000000</SimpleData>
		<SimpleData name="Y">7203885.000000</SimpleData>
	</SchemaData></ExtendedData>
      <Point><coordinates>-57.633406236856,-25.2801095305432</coordinates></Point>
  </Placemark>
  <Placemark id="inviduos_completos.917">
	<ExtendedData><SchemaData schemaUrl="#inviduos_completos">
		<SimpleData name="Nº">917.000000</SimpleData>
		<SimpleData name="Individuo">917.000000</SimpleData>
		<SimpleData name="X">436246.000000</SimpleData>
		<SimpleData name="Y">7203885.000000</SimpleData>
	</SchemaData></ExtendedData>
      <Point><coordinates>-57.6332274630802,-25.2801102978317</coordinates></Point>
  </Placemark>
  <Placemark id="inviduos_completos.918">
	<ExtendedData><SchemaData schemaUrl="#inviduos_completos">
		<SimpleData name="Nº">918.000000</SimpleData>
		<SimpleData name="Individuo">918.000000</SimpleData>
		<SimpleData name="X">436248.000000</SimpleData>
		<SimpleData name="Y">7203881.000000</SimpleData>
	</SchemaData></ExtendedData>
      <Point><coordinates>-57.6332077868288,-25.2801465038602</coordinates></Point>
  </Placemark>
  <Placemark id="inviduos_completos.919">
	<ExtendedData><SchemaData schemaUrl="#inviduos_completos">
		<SimpleData name="Nº">919.000000</SimpleData>
		<SimpleData name="Individuo">919.000000</SimpleData>
		<SimpleData name="X">436255.000000</SimpleData>
		<SimpleData name="Y">7203876.000000</SimpleData>
	</SchemaData></ExtendedData>
      <Point><coordinates>-57.633138498023,-25.2801919531676</coordinates></Point>
  </Placemark>
  <Placemark id="inviduos_completos.920">
	<ExtendedData><SchemaData schemaUrl="#inviduos_completos">
		<SimpleData name="Nº">920.000000</SimpleData>
		<SimpleData name="Individuo">920.000000</SimpleData>
		<SimpleData name="X">436255.000000</SimpleData>
		<SimpleData name="Y">7203872.000000</SimpleData>
	</SchemaData></ExtendedData>
      <Point><coordinates>-57.6331386855052,-25.2802280739553</coordinates></Point>
  </Placemark>
  <Placemark id="inviduos_completos.921">
	<ExtendedData><SchemaData schemaUrl="#inviduos_completos">
		<SimpleData name="Nº">921.000000</SimpleData>
		<SimpleData name="Individuo">921.000000</SimpleData>
		<SimpleData name="X">436260.000000</SimpleData>
		<SimpleData name="Y">7203865.000000</SimpleData>
	</SchemaData></ExtendedData>
      <Point><coordinates>-57.6330893541418,-25.2802914984022</coordinates></Point>
  </Placemark>
  <Placemark id="inviduos_completos.922">
	<ExtendedData><SchemaData schemaUrl="#inviduos_completos">
		<SimpleData name="Nº">922.000000</SimpleData>
		<SimpleData name="Individuo">922.000000</SimpleData>
		<SimpleData name="X">436270.000000</SimpleData>
		<SimpleData name="Y">7203864.000000</SimpleData>
	</SchemaData></ExtendedData>
      <Point><coordinates>-57.6329900820838,-25.2803009546869</coordinates></Point>
  </Placemark>
  <Placemark id="inviduos_completos.923">
	<ExtendedData><SchemaData schemaUrl="#inviduos_completos">
		<SimpleData name="Nº">923.000000</SimpleData>
		<SimpleData name="Individuo">923.000000</SimpleData>
		<SimpleData name="X">436276.000000</SimpleData>
		<SimpleData name="Y">7203852.000000</SimpleData>
	</SchemaData></ExtendedData>
      <Point><coordinates>-57.6329310529933,-25.2804095726727</coordinates></Point>
  </Placemark>
  <Placemark id="inviduos_completos.924">
	<ExtendedData><SchemaData schemaUrl="#inviduos_completos">
		<SimpleData name="Nº">924.000000</SimpleData>
		<SimpleData name="Individuo">924.000000</SimpleData>
		<SimpleData name="X">436281.000000</SimpleData>
		<SimpleData name="Y">7203848.000000</SimpleData>
	</SchemaData></ExtendedData>
      <Point><coordinates>-57.632881580893,-25.280445906461</coordinates></Point>
  </Placemark>
  <Placemark id="inviduos_completos.925">
	<ExtendedData><SchemaData schemaUrl="#inviduos_completos">
		<SimpleData name="Nº">925.000000</SimpleData>
		<SimpleData name="Individuo">925.000000</SimpleData>
		<SimpleData name="X">436287.000000</SimpleData>
		<SimpleData name="Y">7203838.000000</SimpleData>
	</SchemaData></ExtendedData>
      <Point><coordinates>-57.632822457942,-25.2805364640104</coordinates></Point>
  </Placemark>
  <Placemark id="inviduos_completos.926">
	<ExtendedData><SchemaData schemaUrl="#inviduos_completos">
		<SimpleData name="Nº">926.000000</SimpleData>
		<SimpleData name="Individuo">926.000000</SimpleData>
		<SimpleData name="X">436294.000000</SimpleData>
		<SimpleData name="Y">7203828.000000</SimpleData>
	</SchemaData></ExtendedData>
      <Point><coordinates>-57.6327534029846,-25.2806270641271</coordinates></Point>
  </Placemark>
  <Placemark id="inviduos_completos.927">
	<ExtendedData><SchemaData schemaUrl="#inviduos_completos">
		<SimpleData name="Nº">927.000000</SimpleData>
		<SimpleData name="Individuo">927.000000</SimpleData>
		<SimpleData name="X">436304.000000</SimpleData>
		<SimpleData name="Y">7203823.000000</SimpleData>
	</SchemaData></ExtendedData>
      <Point><coordinates>-57.6326543179652,-25.2806726409801</coordinates></Point>
  </Placemark>
  <Placemark id="inviduos_completos.928">
	<ExtendedData><SchemaData schemaUrl="#inviduos_completos">
		<SimpleData name="Nº">928.000000</SimpleData>
		<SimpleData name="Individuo">928.000000</SimpleData>
		<SimpleData name="X">436296.000000</SimpleData>
		<SimpleData name="Y">7203822.000000</SimpleData>
	</SchemaData></ExtendedData>
      <Point><coordinates>-57.6327338201943,-25.2806813304883</coordinates></Point>
  </Placemark>
  <Placemark id="inviduos_completos.929">
	<ExtendedData><SchemaData schemaUrl="#inviduos_completos">
		<SimpleData name="Nº">929.000000</SimpleData>
		<SimpleData name="Individuo">929.000000</SimpleData>
		<SimpleData name="X">436287.000000</SimpleData>
		<SimpleData name="Y">7203817.000000</SimpleData>
	</SchemaData></ExtendedData>
      <Point><coordinates>-57.6328234417514,-25.2807260981464</coordinates></Point>
  </Placemark>
  <Placemark id="inviduos_completos.930">
	<ExtendedData><SchemaData schemaUrl="#inviduos_completos">
		<SimpleData name="Nº">930.000000</SimpleData>
		<SimpleData name="Individuo">930.000000</SimpleData>
		<SimpleData name="X">436283.000000</SimpleData>
		<SimpleData name="Y">7203798.000000</SimpleData>
	</SchemaData></ExtendedData>
      <Point><coordinates>-57.6328640596391,-25.280897501498</coordinates></Point>
  </Placemark>
  <Placemark id="inviduos_completos.931">
	<ExtendedData><SchemaData schemaUrl="#inviduos_completos">
		<SimpleData name="Nº">931.000000</SimpleData>
		<SimpleData name="Individuo">931.000000</SimpleData>
		<SimpleData name="X">436281.000000</SimpleData>
		<SimpleData name="Y">7203794.000000</SimpleData>
	</SchemaData></ExtendedData>
      <Point><coordinates>-57.6328841109347,-25.2809335370869</coordinates></Point>
  </Placemark>
  <Placemark id="inviduos_completos.932">
	<ExtendedData><SchemaData schemaUrl="#inviduos_completos">
		<SimpleData name="Nº">932.000000</SimpleData>
		<SimpleData name="Individuo">932.000000</SimpleData>
		<SimpleData name="X">436276.000000</SimpleData>
		<SimpleData name="Y">7203787.000000</SimpleData>
	</SchemaData></ExtendedData>
      <Point><coordinates>-57.632934098655,-25.2809965354565</coordinates></Point>
  </Placemark>
  <Placemark id="inviduos_completos.933">
	<ExtendedData><SchemaData schemaUrl="#inviduos_completos">
		<SimpleData name="Nº">933.000000</SimpleData>
		<SimpleData name="Individuo">933.000000</SimpleData>
		<SimpleData name="X">436274.000000</SimpleData>
		<SimpleData name="Y">7203779.000000</SimpleData>
	</SchemaData></ExtendedData>
      <Point><coordinates>-57.6329543374227,-25.2810686918195</coordinates></Point>
  </Placemark>
  <Placemark id="inviduos_completos.934">
	<ExtendedData><SchemaData schemaUrl="#inviduos_completos">
		<SimpleData name="Nº">934.000000</SimpleData>
		<SimpleData name="Individuo">934.000000</SimpleData>
		<SimpleData name="X">436272.000000</SimpleData>
		<SimpleData name="Y">7203763.000000</SimpleData>
	</SchemaData></ExtendedData>
      <Point><coordinates>-57.6329749510989,-25.2812130897467</coordinates></Point>
  </Placemark>
  <Placemark id="inviduos_completos.935">
	<ExtendedData><SchemaData schemaUrl="#inviduos_completos">
		<SimpleData name="Nº">935.000000</SimpleData>
		<SimpleData name="Individuo">935.000000</SimpleData>
		<SimpleData name="X">436266.000000</SimpleData>
		<SimpleData name="Y">7203771.000000</SimpleData>
	</SchemaData></ExtendedData>
      <Point><coordinates>-57.6330341679811,-25.2811405925322</coordinates></Point>
  </Placemark>
  <Placemark id="inviduos_completos.936">
	<ExtendedData><SchemaData schemaUrl="#inviduos_completos">
		<SimpleData name="Nº">936.000000</SimpleData>
		<SimpleData name="Individuo">936.000000</SimpleData>
		<SimpleData name="X">436243.000000</SimpleData>
		<SimpleData name="Y">7203757.000000</SimpleData>
	</SchemaData></ExtendedData>
      <Point><coordinates>-57.6332632594216,-25.2812660350684</coordinates></Point>
  </Placemark>
  <Placemark id="inviduos_completos.937">
	<ExtendedData><SchemaData schemaUrl="#inviduos_completos">
		<SimpleData name="Nº">937.000000</SimpleData>
		<SimpleData name="Individuo">937.000000</SimpleData>
		<SimpleData name="X">436241.000000</SimpleData>
		<SimpleData name="Y">7203758.000000</SimpleData>
	</SchemaData></ExtendedData>
      <Point><coordinates>-57.6332830764795,-25.281256919621</coordinates></Point>
  </Placemark>
  <Placemark id="inviduos_completos.938">
	<ExtendedData><SchemaData schemaUrl="#inviduos_completos">
		<SimpleData name="Nº">938.000000</SimpleData>
		<SimpleData name="Individuo">938.000000</SimpleData>
		<SimpleData name="X">436235.000000</SimpleData>
		<SimpleData name="Y">7203753.000000</SimpleData>
	</SchemaData></ExtendedData>
      <Point><coordinates>-57.633342902738,-25.2813018148252</coordinates></Point>
  </Placemark>
  <Placemark id="inviduos_completos.939">
	<ExtendedData><SchemaData schemaUrl="#inviduos_completos">
		<SimpleData name="Nº">939.000000</SimpleData>
		<SimpleData name="Individuo">939.000000</SimpleData>
		<SimpleData name="X">436235.000000</SimpleData>
		<SimpleData name="Y">7203754.000000</SimpleData>
	</SchemaData></ExtendedData>
      <Point><coordinates>-57.63334285585,-25.28129278463</coordinates></Point>
  </Placemark>
  <Placemark id="inviduos_completos.940">
	<ExtendedData><SchemaData schemaUrl="#inviduos_completos">
		<SimpleData name="Nº">940.000000</SimpleData>
		<SimpleData name="Individuo">940.000000</SimpleData>
		<SimpleData name="X">436235.000000</SimpleData>
		<SimpleData name="Y">7203757.000000</SimpleData>
	</SchemaData></ExtendedData>
      <Point><coordinates>-57.6333427151863,-25.2812656940443</coordinates></Point>
  </Placemark>
  <Placemark id="inviduos_completos.941">
	<ExtendedData><SchemaData schemaUrl="#inviduos_completos">
		<SimpleData name="Nº">941.000000</SimpleData>
		<SimpleData name="Individuo">941.000000</SimpleData>
		<SimpleData name="X">436237.000000</SimpleData>
		<SimpleData name="Y">7203763.000000</SimpleData>
	</SchemaData></ExtendedData>
      <Point><coordinates>-57.6333225699272,-25.2812115981323</coordinates></Point>
  </Placemark>
  <Placemark id="inviduos_completos.942">
	<ExtendedData><SchemaData schemaUrl="#inviduos_completos">
		<SimpleData name="Nº">942.000000</SimpleData>
		<SimpleData name="Individuo">942.000000</SimpleData>
		<SimpleData name="X">436227.000000</SimpleData>
		<SimpleData name="Y">7203762.000000</SimpleData>
	</SchemaData></ExtendedData>
      <Point><coordinates>-57.6334219364809,-25.2812202020016</coordinates></Point>
  </Placemark>
  <Placemark id="inviduos_completos.943">
	<ExtendedData><SchemaData schemaUrl="#inviduos_completos">
		<SimpleData name="Nº">943.000000</SimpleData>
		<SimpleData name="Individuo">943.000000</SimpleData>
		<SimpleData name="X">436223.000000</SimpleData>
		<SimpleData name="Y">7203762.000000</SimpleData>
	</SchemaData></ExtendedData>
      <Point><coordinates>-57.6334616643473,-25.2812200314524</coordinates></Point>
  </Placemark>
  <Placemark id="inviduos_completos.944">
	<ExtendedData><SchemaData schemaUrl="#inviduos_completos">
		<SimpleData name="Nº">944.000000</SimpleData>
		<SimpleData name="Individuo">944.000000</SimpleData>
		<SimpleData name="X">436225.000000</SimpleData>
		<SimpleData name="Y">7203760.000000</SimpleData>
	</SchemaData></ExtendedData>
      <Point><coordinates>-57.6334418942044,-25.2812381771186</coordinates></Point>
  </Placemark>
  <Placemark id="inviduos_completos.945">
	<ExtendedData><SchemaData schemaUrl="#inviduos_completos">
		<SimpleData name="Nº">945.000000</SimpleData>
		<SimpleData name="Individuo">945.000000</SimpleData>
		<SimpleData name="X">436224.000000</SimpleData>
		<SimpleData name="Y">7203765.000000</SimpleData>
	</SchemaData></ExtendedData>
      <Point><coordinates>-57.6334515916932,-25.2811929835053</coordinates></Point>
  </Placemark>
  <Placemark id="inviduos_completos.946">
	<ExtendedData><SchemaData schemaUrl="#inviduos_completos">
		<SimpleData name="Nº">946.000000</SimpleData>
		<SimpleData name="Individuo">946.000000</SimpleData>
		<SimpleData name="X">436217.000000</SimpleData>
		<SimpleData name="Y">7203771.000000</SimpleData>
	</SchemaData></ExtendedData>
      <Point><coordinates>-57.633520834038,-25.2811385038531</coordinates></Point>
  </Placemark>
  <Placemark id="inviduos_completos.947">
	<ExtendedData><SchemaData schemaUrl="#inviduos_completos">
		<SimpleData name="Nº">947.000000</SimpleData>
		<SimpleData name="Individuo">947.000000</SimpleData>
		<SimpleData name="X">436217.000000</SimpleData>
		<SimpleData name="Y">7203775.000000</SimpleData>
	</SchemaData></ExtendedData>
      <Point><coordinates>-57.633520646435,-25.2811023830725</coordinates></Point>
  </Placemark>
  <Placemark id="inviduos_completos.948">
	<ExtendedData><SchemaData schemaUrl="#inviduos_completos">
		<SimpleData name="Nº">948.000000</SimpleData>
		<SimpleData name="Individuo">948.000000</SimpleData>
		<SimpleData name="X">436216.000000</SimpleData>
		<SimpleData name="Y">7203777.000000</SimpleData>
	</SchemaData></ExtendedData>
      <Point><coordinates>-57.6335304845889,-25.2810842800395</coordinates></Point>
  </Placemark>
  <Placemark id="inviduos_completos.949">
	<ExtendedData><SchemaData schemaUrl="#inviduos_completos">
		<SimpleData name="Nº">949.000000</SimpleData>
		<SimpleData name="Individuo">949.000000</SimpleData>
		<SimpleData name="X">436201.000000</SimpleData>
		<SimpleData name="Y">7203783.000000</SimpleData>
	</SchemaData></ExtendedData>
      <Point><coordinates>-57.6336791824426,-25.281029459149</coordinates></Point>
  </Placemark>
  <Placemark id="inviduos_completos.950">
	<ExtendedData><SchemaData schemaUrl="#inviduos_completos">
		<SimpleData name="Nº">950.000000</SimpleData>
		<SimpleData name="Individuo">950.000000</SimpleData>
		<SimpleData name="X">436201.000000</SimpleData>
		<SimpleData name="Y">7203779.000000</SimpleData>
	</SchemaData></ExtendedData>
      <Point><coordinates>-57.633679370092,-25.2810655799288</coordinates></Point>
  </Placemark>
  <Placemark id="inviduos_completos.951">
	<ExtendedData><SchemaData schemaUrl="#inviduos_completos">
		<SimpleData name="Nº">951.000000</SimpleData>
		<SimpleData name="Individuo">951.000000</SimpleData>
		<SimpleData name="X">436197.000000</SimpleData>
		<SimpleData name="Y">7203786.000000</SimpleData>
	</SchemaData></ExtendedData>
      <Point><coordinates>-57.6337187694993,-25.2810021979471</coordinates></Point>
  </Placemark>
  <Placemark id="inviduos_completos.952">
	<ExtendedData><SchemaData schemaUrl="#inviduos_completos">
		<SimpleData name="Nº">952.000000</SimpleData>
		<SimpleData name="Individuo">952.000000</SimpleData>
		<SimpleData name="X">436189.000000</SimpleData>
		<SimpleData name="Y">7203790.000000</SimpleData>
	</SchemaData></ExtendedData>
      <Point><coordinates>-57.633798037401,-25.2809657359017</coordinates></Point>
  </Placemark>
  <Placemark id="inviduos_completos.953">
	<ExtendedData><SchemaData schemaUrl="#inviduos_completos">
		<SimpleData name="Nº">953.000000</SimpleData>
		<SimpleData name="Individuo">953.000000</SimpleData>
		<SimpleData name="X">436176.000000</SimpleData>
		<SimpleData name="Y">7203801.000000</SimpleData>
	</SchemaData></ExtendedData>
      <Point><coordinates>-57.6339266364523,-25.2808658491125</coordinates></Point>
  </Placemark>
  <Placemark id="inviduos_completos.954">
	<ExtendedData><SchemaData schemaUrl="#inviduos_completos">
		<SimpleData name="Nº">954.000000</SimpleData>
		<SimpleData name="Individuo">954.000000</SimpleData>
		<SimpleData name="X">436172.000000</SimpleData>
		<SimpleData name="Y">7203800.000000</SimpleData>
	</SchemaData></ExtendedData>
      <Point><coordinates>-57.6339664111326,-25.2808747086244</coordinates></Point>
  </Placemark>
  <Placemark id="inviduos_completos.955">
	<ExtendedData><SchemaData schemaUrl="#inviduos_completos">
		<SimpleData name="Nº">955.000000</SimpleData>
		<SimpleData name="Individuo">955.000000</SimpleData>
		<SimpleData name="X">436172.000000</SimpleData>
		<SimpleData name="Y">7203805.000000</SimpleData>
	</SchemaData></ExtendedData>
      <Point><coordinates>-57.6339661764667,-25.280829557651</coordinates></Point>
  </Placemark>
  <Placemark id="inviduos_completos.956">
	<ExtendedData><SchemaData schemaUrl="#inviduos_completos">
		<SimpleData name="Nº">956.000000</SimpleData>
		<SimpleData name="Individuo">956.000000</SimpleData>
		<SimpleData name="X">436168.000000</SimpleData>
		<SimpleData name="Y">7203807.000000</SimpleData>
	</SchemaData></ExtendedData>
      <Point><coordinates>-57.6340058103296,-25.2808113265685</coordinates></Point>
  </Placemark>
  <Placemark id="inviduos_completos.957">
	<ExtendedData><SchemaData schemaUrl="#inviduos_completos">
		<SimpleData name="Nº">957.000000</SimpleData>
		<SimpleData name="Individuo">957.000000</SimpleData>
		<SimpleData name="X">436163.000000</SimpleData>
		<SimpleData name="Y">7203812.000000</SimpleData>
	</SchemaData></ExtendedData>
      <Point><coordinates>-57.6340552352922,-25.280765962214</coordinates></Point>
  </Placemark>
  <Placemark id="inviduos_completos.958">
	<ExtendedData><SchemaData schemaUrl="#inviduos_completos">
		<SimpleData name="Nº">958.000000</SimpleData>
		<SimpleData name="Individuo">958.000000</SimpleData>
		<SimpleData name="X">436153.000000</SimpleData>
		<SimpleData name="Y">7203815.000000</SimpleData>
	</SchemaData></ExtendedData>
      <Point><coordinates>-57.6341544137347,-25.2807384448185</coordinates></Point>
  </Placemark>
  <Placemark id="inviduos_completos.959">
	<ExtendedData><SchemaData schemaUrl="#inviduos_completos">
		<SimpleData name="Nº">959.000000</SimpleData>
		<SimpleData name="Individuo">959.000000</SimpleData>
		<SimpleData name="X">436156.000000</SimpleData>
		<SimpleData name="Y">7203816.000000</SimpleData>
	</SchemaData></ExtendedData>
      <Point><coordinates>-57.634124571012,-25.2807295426745</coordinates></Point>
  </Placemark>
  <Placemark id="inviduos_completos.960">
	<ExtendedData><SchemaData schemaUrl="#inviduos_completos">
		<SimpleData name="Nº">960.000000</SimpleData>
		<SimpleData name="Individuo">960.000000</SimpleData>
		<SimpleData name="X">436157.000000</SimpleData>
		<SimpleData name="Y">7203823.000000</SimpleData>
	</SchemaData></ExtendedData>
      <Point><coordinates>-57.6341143104799,-25.2806663739944</coordinates></Point>
  </Placemark>
  <Placemark id="inviduos_completos.961">
	<ExtendedData><SchemaData schemaUrl="#inviduos_completos">
		<SimpleData name="Nº">961.000000</SimpleData>
		<SimpleData name="Individuo">961.000000</SimpleData>
		<SimpleData name="X">436163.000000</SimpleData>
		<SimpleData name="Y">7203829.000000</SimpleData>
	</SchemaData></ExtendedData>
      <Point><coordinates>-57.6340544373227,-25.2806124489037</coordinates></Point>
  </Placemark>
  <Placemark id="inviduos_completos.962">
	<ExtendedData><SchemaData schemaUrl="#inviduos_completos">
		<SimpleData name="Nº">962.000000</SimpleData>
		<SimpleData name="Individuo">962.000000</SimpleData>
		<SimpleData name="X">436164.000000</SimpleData>
		<SimpleData name="Y">7203826.000000</SimpleData>
	</SchemaData></ExtendedData>
      <Point><coordinates>-57.6340446462223,-25.2806395821654</coordinates></Point>
  </Placemark>
  <Placemark id="inviduos_completos.963">
	<ExtendedData><SchemaData schemaUrl="#inviduos_completos">
		<SimpleData name="Nº">963.000000</SimpleData>
		<SimpleData name="Individuo">963.000000</SimpleData>
		<SimpleData name="X">436165.000000</SimpleData>
		<SimpleData name="Y">7203828.000000</SimpleData>
	</SchemaData></ExtendedData>
      <Point><coordinates>-57.6340346204286,-25.2806215644524</coordinates></Point>
  </Placemark>
  <Placemark id="inviduos_completos.964">
	<ExtendedData><SchemaData schemaUrl="#inviduos_completos">
		<SimpleData name="Nº">964.000000</SimpleData>
		<SimpleData name="Individuo">964.000000</SimpleData>
		<SimpleData name="X">436168.000000</SimpleData>
		<SimpleData name="Y">7203830.000000</SimpleData>
	</SchemaData></ExtendedData>
      <Point><coordinates>-57.6340047308073,-25.2806036320883</coordinates></Point>
  </Placemark>
  <Placemark id="inviduos_completos.965">
	<ExtendedData><SchemaData schemaUrl="#inviduos_completos">
		<SimpleData name="Nº">965.000000</SimpleData>
		<SimpleData name="Individuo">965.000000</SimpleData>
		<SimpleData name="X">436166.000000</SimpleData>
		<SimpleData name="Y">7203828.000000</SimpleData>
	</SchemaData></ExtendedData>
      <Point><coordinates>-57.6340246885118,-25.2806216071283</coordinates></Point>
  </Placemark>
  <Placemark id="inviduos_completos.966">
	<ExtendedData><SchemaData schemaUrl="#inviduos_completos">
		<SimpleData name="Nº">966.000000</SimpleData>
		<SimpleData name="Individuo">966.000000</SimpleData>
		<SimpleData name="X">436178.000000</SimpleData>
		<SimpleData name="Y">7203830.000000</SimpleData>
	</SchemaData></ExtendedData>
      <Point><coordinates>-57.633905411653,-25.280604058797</coordinates></Point>
  </Placemark>
  <Placemark id="inviduos_completos.967">
	<ExtendedData><SchemaData schemaUrl="#inviduos_completos">
		<SimpleData name="Nº">967.000000</SimpleData>
		<SimpleData name="Individuo">967.000000</SimpleData>
		<SimpleData name="X">436176.000000</SimpleData>
		<SimpleData name="Y">7203823.000000</SimpleData>
	</SchemaData></ExtendedData>
      <Point><coordinates>-57.6339256039919,-25.2806671848257</coordinates></Point>
  </Placemark>
  <Placemark id="inviduos_completos.968">
	<ExtendedData><SchemaData schemaUrl="#inviduos_completos">
		<SimpleData name="Nº">968.000000</SimpleData>
		<SimpleData name="Individuo">968.000000</SimpleData>
		<SimpleData name="X">436176.000000</SimpleData>
		<SimpleData name="Y">7203824.000000</SimpleData>
	</SchemaData></ExtendedData>
      <Point><coordinates>-57.6339255570621,-25.2806581546307</coordinates></Point>
  </Placemark>
  <Placemark id="inviduos_completos.969">
	<ExtendedData><SchemaData schemaUrl="#inviduos_completos">
		<SimpleData name="Nº">969.000000</SimpleData>
		<SimpleData name="Individuo">969.000000</SimpleData>
		<SimpleData name="X">436175.000000</SimpleData>
		<SimpleData name="Y">7203823.000000</SimpleData>
	</SchemaData></ExtendedData>
      <Point><coordinates>-57.6339355359125,-25.2806671421564</coordinates></Point>
  </Placemark>
  <Placemark id="inviduos_completos.970">
	<ExtendedData><SchemaData schemaUrl="#inviduos_completos">
		<SimpleData name="Nº">970.000000</SimpleData>
		<SimpleData name="Individuo">970.000000</SimpleData>
		<SimpleData name="X">436173.000000</SimpleData>
		<SimpleData name="Y">7203821.000000</SimpleData>
	</SchemaData></ExtendedData>
      <Point><coordinates>-57.6339554936177,-25.2806851172056</coordinates></Point>
  </Placemark>
  <Placemark id="inviduos_completos.971">
	<ExtendedData><SchemaData schemaUrl="#inviduos_completos">
		<SimpleData name="Nº">971.000000</SimpleData>
		<SimpleData name="Individuo">971.000000</SimpleData>
		<SimpleData name="X">436171.000000</SimpleData>
		<SimpleData name="Y">7203819.000000</SimpleData>
	</SchemaData></ExtendedData>
      <Point><coordinates>-57.6339754513288,-25.2807030922519</coordinates></Point>
  </Placemark>
  <Placemark id="inviduos_completos.972">
	<ExtendedData><SchemaData schemaUrl="#inviduos_completos">
		<SimpleData name="Nº">972.000000</SimpleData>
		<SimpleData name="Individuo">972.000000</SimpleData>
		<SimpleData name="X">436173.000000</SimpleData>
		<SimpleData name="Y">7203819.000000</SimpleData>
	</SchemaData></ExtendedData>
      <Point><coordinates>-57.6339555874818,-25.2807031775954</coordinates></Point>
  </Placemark>
  <Placemark id="inviduos_completos.973">
	<ExtendedData><SchemaData schemaUrl="#inviduos_completos">
		<SimpleData name="Nº">973.000000</SimpleData>
		<SimpleData name="Individuo">973.000000</SimpleData>
		<SimpleData name="X">436169.000000</SimpleData>
		<SimpleData name="Y">7203824.000000</SimpleData>
	</SchemaData></ExtendedData>
      <Point><coordinates>-57.6339950805009,-25.2806578559316</coordinates></Point>
  </Placemark>
  <Placemark id="inviduos_completos.974">
	<ExtendedData><SchemaData schemaUrl="#inviduos_completos">
		<SimpleData name="Nº">974.000000</SimpleData>
		<SimpleData name="Individuo">974.000000</SimpleData>
		<SimpleData name="X">436176.000000</SimpleData>
		<SimpleData name="Y">7203818.000000</SimpleData>
	</SchemaData></ExtendedData>
      <Point><coordinates>-57.633925838641,-25.2807123358005</coordinates></Point>
  </Placemark>
  <Placemark id="inviduos_completos.975">
	<ExtendedData><SchemaData schemaUrl="#inviduos_completos">
		<SimpleData name="Nº">975.000000</SimpleData>
		<SimpleData name="Individuo">975.000000</SimpleData>
		<SimpleData name="X">436178.000000</SimpleData>
		<SimpleData name="Y">7203820.000000</SimpleData>
	</SchemaData></ExtendedData>
      <Point><coordinates>-57.6339058809356,-25.2806943607473</coordinates></Point>
  </Placemark>
  <Placemark id="inviduos_completos.976">
	<ExtendedData><SchemaData schemaUrl="#inviduos_completos">
		<SimpleData name="Nº">976.000000</SimpleData>
		<SimpleData name="Individuo">976.000000</SimpleData>
		<SimpleData name="X">436182.000000</SimpleData>
		<SimpleData name="Y">7203813.000000</SimpleData>
	</SchemaData></ExtendedData>
      <Point><coordinates>-57.6338664817224,-25.2807577427779</coordinates></Point>
  </Placemark>
  <Placemark id="inviduos_completos.977">
	<ExtendedData><SchemaData schemaUrl="#inviduos_completos">
		<SimpleData name="Nº">977.000000</SimpleData>
		<SimpleData name="Individuo">977.000000</SimpleData>
		<SimpleData name="X">436186.000000</SimpleData>
		<SimpleData name="Y">7203814.000000</SimpleData>
	</SchemaData></ExtendedData>
      <Point><coordinates>-57.6338267070871,-25.2807488832381</coordinates></Point>
  </Placemark>
  <Placemark id="inviduos_completos.978">
	<ExtendedData><SchemaData schemaUrl="#inviduos_completos">
		<SimpleData name="Nº">978.000000</SimpleData>
		<SimpleData name="Individuo">978.000000</SimpleData>
		<SimpleData name="X">436190.000000</SimpleData>
		<SimpleData name="Y">7203820.000000</SimpleData>
	</SchemaData></ExtendedData>
      <Point><coordinates>-57.6337866978593,-25.2806948727116</coordinates></Point>
  </Placemark>
  <Placemark id="inviduos_completos.979">
	<ExtendedData><SchemaData schemaUrl="#inviduos_completos">
		<SimpleData name="Nº">979.000000</SimpleData>
		<SimpleData name="Individuo">979.000000</SimpleData>
		<SimpleData name="X">436192.000000</SimpleData>
		<SimpleData name="Y">7203813.000000</SimpleData>
	</SchemaData></ExtendedData>
      <Point><coordinates>-57.63376716244,-25.2807581693959</coordinates></Point>
  </Placemark>
  <Placemark id="inviduos_completos.980">
	<ExtendedData><SchemaData schemaUrl="#inviduos_completos">
		<SimpleData name="Nº">980.000000</SimpleData>
		<SimpleData name="Individuo">980.000000</SimpleData>
		<SimpleData name="X">436190.000000</SimpleData>
		<SimpleData name="Y">7203813.000000</SimpleData>
	</SchemaData></ExtendedData>
      <Point><coordinates>-57.6337870262967,-25.2807580840776</coordinates></Point>
  </Placemark>
  <Placemark id="inviduos_completos.981">
	<ExtendedData><SchemaData schemaUrl="#inviduos_completos">
		<SimpleData name="Nº">981.000000</SimpleData>
		<SimpleData name="Individuo">981.000000</SimpleData>
		<SimpleData name="X">436194.000000</SimpleData>
		<SimpleData name="Y">7203812.000000</SimpleData>
	</SchemaData></ExtendedData>
      <Point><coordinates>-57.6337473455,-25.2807672849067</coordinates></Point>
  </Placemark>
  <Placemark id="inviduos_completos.982">
	<ExtendedData><SchemaData schemaUrl="#inviduos_completos">
		<SimpleData name="Nº">982.000000</SimpleData>
		<SimpleData name="Individuo">982.000000</SimpleData>
		<SimpleData name="X">436206.000000</SimpleData>
		<SimpleData name="Y">7203802.000000</SimpleData>
	</SchemaData></ExtendedData>
      <Point><coordinates>-57.6336286314296,-25.2808580986975</coordinates></Point>
  </Placemark>
  <Placemark id="inviduos_completos.983">
	<ExtendedData><SchemaData schemaUrl="#inviduos_completos">
		<SimpleData name="Nº">983.000000</SimpleData>
		<SimpleData name="Individuo">983.000000</SimpleData>
		<SimpleData name="X">436201.000000</SimpleData>
		<SimpleData name="Y">7203795.000000</SimpleData>
	</SchemaData></ExtendedData>
      <Point><coordinates>-57.6336786194967,-25.2809210968086</coordinates></Point>
  </Placemark>
  <Placemark id="inviduos_completos.984">
	<ExtendedData><SchemaData schemaUrl="#inviduos_completos">
		<SimpleData name="Nº">984.000000</SimpleData>
		<SimpleData name="Individuo">984.000000</SimpleData>
		<SimpleData name="X">436208.000000</SimpleData>
		<SimpleData name="Y">7203788.000000</SimpleData>
	</SchemaData></ExtendedData>
      <Point><coordinates>-57.6336094242523,-25.2809846067278</coordinates></Point>
  </Placemark>
  <Placemark id="inviduos_completos.985">
	<ExtendedData><SchemaData schemaUrl="#inviduos_completos">
		<SimpleData name="Nº">985.000000</SimpleData>
		<SimpleData name="Individuo">985.000000</SimpleData>
		<SimpleData name="X">436209.000000</SimpleData>
		<SimpleData name="Y">7203794.000000</SimpleData>
	</SchemaData></ExtendedData>
      <Point><coordinates>-57.6335992108678,-25.2809304682045</coordinates></Point>
  </Placemark>
  <Placemark id="inviduos_completos.986">
	<ExtendedData><SchemaData schemaUrl="#inviduos_completos">
		<SimpleData name="Nº">986.000000</SimpleData>
		<SimpleData name="Individuo">986.000000</SimpleData>
		<SimpleData name="X">436219.000000</SimpleData>
		<SimpleData name="Y">7203797.000000</SimpleData>
	</SchemaData></ExtendedData>
      <Point><coordinates>-57.6334997507433,-25.2809038040592</coordinates></Point>
  </Placemark>
  <Placemark id="inviduos_completos.987">
	<ExtendedData><SchemaData schemaUrl="#inviduos_completos">
		<SimpleData name="Nº">987.000000</SimpleData>
		<SimpleData name="Individuo">987.000000</SimpleData>
		<SimpleData name="X">436216.000000</SimpleData>
		<SimpleData name="Y">7203788.000000</SimpleData>
	</SchemaData></ExtendedData>
      <Point><coordinates>-57.6335299686749,-25.2809849478921</coordinates></Point>
  </Placemark>
  <Placemark id="inviduos_completos.988">
	<ExtendedData><SchemaData schemaUrl="#inviduos_completos">
		<SimpleData name="Nº">988.000000</SimpleData>
		<SimpleData name="Individuo">988.000000</SimpleData>
		<SimpleData name="X">436222.000000</SimpleData>
		<SimpleData name="Y">7203796.000000</SimpleData>
	</SchemaData></ExtendedData>
      <Point><coordinates>-57.6334700018176,-25.2809129621737</coordinates></Point>
  </Placemark>
  <Placemark id="inviduos_completos.989">
	<ExtendedData><SchemaData schemaUrl="#inviduos_completos">
		<SimpleData name="Nº">989.000000</SimpleData>
		<SimpleData name="Individuo">989.000000</SimpleData>
		<SimpleData name="X">436218.000000</SimpleData>
		<SimpleData name="Y">7203791.000000</SimpleData>
	</SchemaData></ExtendedData>
      <Point><coordinates>-57.6335099640813,-25.2809579425904</coordinates></Point>
  </Placemark>
  <Placemark id="inviduos_completos.990">
	<ExtendedData><SchemaData schemaUrl="#inviduos_completos">
		<SimpleData name="Nº">990.000000</SimpleData>
		<SimpleData name="Individuo">990.000000</SimpleData>
		<SimpleData name="X">436222.000000</SimpleData>
		<SimpleData name="Y">7203782.000000</SimpleData>
	</SchemaData></ExtendedData>
      <Point><coordinates>-57.6334706583717,-25.2810393849093</coordinates></Point>
  </Placemark>
  <Placemark id="inviduos_completos.991">
	<ExtendedData><SchemaData schemaUrl="#inviduos_completos">
		<SimpleData name="Nº">991.000000</SimpleData>
		<SimpleData name="Individuo">991.000000</SimpleData>
		<SimpleData name="X">436227.000000</SimpleData>
		<SimpleData name="Y">7203788.000000</SimpleData>
	</SchemaData></ExtendedData>
      <Point><coordinates>-57.6334207172535,-25.280985416923</coordinates></Point>
  </Placemark>
  <Placemark id="inviduos_completos.992">
	<ExtendedData><SchemaData schemaUrl="#inviduos_completos">
		<SimpleData name="Nº">992.000000</SimpleData>
		<SimpleData name="Individuo">992.000000</SimpleData>
		<SimpleData name="X">436231.000000</SimpleData>
		<SimpleData name="Y">7203781.000000</SimpleData>
	</SchemaData></ExtendedData>
      <Point><coordinates>-57.6333813176947,-25.2810487988282</coordinates></Point>
  </Placemark>
  <Placemark id="inviduos_completos.993">
	<ExtendedData><SchemaData schemaUrl="#inviduos_completos">
		<SimpleData name="Nº">993.000000</SimpleData>
		<SimpleData name="Individuo">993.000000</SimpleData>
		<SimpleData name="X">436234.000000</SimpleData>
		<SimpleData name="Y">7203782.000000</SimpleData>
	</SchemaData></ExtendedData>
      <Point><coordinates>-57.6333514749483,-25.2810398965285</coordinates></Point>
  </Placemark>
  <Placemark id="inviduos_completos.994">
	<ExtendedData><SchemaData schemaUrl="#inviduos_completos">
		<SimpleData name="Nº">994.000000</SimpleData>
		<SimpleData name="Individuo">994.000000</SimpleData>
		<SimpleData name="X">436236.000000</SimpleData>
		<SimpleData name="Y">7203781.000000</SimpleData>
	</SchemaData></ExtendedData>
      <Point><coordinates>-57.6333316579306,-25.2810490119846</coordinates></Point>
  </Placemark>
  <Placemark id="inviduos_completos.995">
	<ExtendedData><SchemaData schemaUrl="#inviduos_completos">
		<SimpleData name="Nº">995.000000</SimpleData>
		<SimpleData name="Individuo">995.000000</SimpleData>
		<SimpleData name="X">436233.000000</SimpleData>
		<SimpleData name="Y">7203771.000000</SimpleData>
	</SchemaData></ExtendedData>
      <Point><coordinates>-57.6333619226784,-25.2811391860472</coordinates></Point>
  </Placemark>
  <Placemark id="inviduos_completos.996">
	<ExtendedData><SchemaData schemaUrl="#inviduos_completos">
		<SimpleData name="Nº">996.000000</SimpleData>
		<SimpleData name="Individuo">996.000000</SimpleData>
		<SimpleData name="X">436240.000000</SimpleData>
		<SimpleData name="Y">7203775.000000</SimpleData>
	</SchemaData></ExtendedData>
      <Point><coordinates>-57.6332922114214,-25.2811033636712</coordinates></Point>
  </Placemark>
  <Placemark id="inviduos_completos.997">
	<ExtendedData><SchemaData schemaUrl="#inviduos_completos">
		<SimpleData name="Nº">997.000000</SimpleData>
		<SimpleData name="Individuo">997.000000</SimpleData>
		<SimpleData name="X">436239.000000</SimpleData>
		<SimpleData name="Y">7203775.000000</SimpleData>
	</SchemaData></ExtendedData>
      <Point><coordinates>-57.6333021433788,-25.2811033210438</coordinates></Point>
  </Placemark>
  <Placemark id="inviduos_completos.998">
	<ExtendedData><SchemaData schemaUrl="#inviduos_completos">
		<SimpleData name="Nº">998.000000</SimpleData>
		<SimpleData name="Individuo">998.000000</SimpleData>
		<SimpleData name="X">436240.000000</SimpleData>
		<SimpleData name="Y">7203770.000000</SimpleData>
	</SchemaData></ExtendedData>
      <Point><coordinates>-57.6332924458407,-25.2811485146488</coordinates></Point>
  </Placemark>
  <Placemark id="inviduos_completos.999">
	<ExtendedData><SchemaData schemaUrl="#inviduos_completos">
		<SimpleData name="Nº">999.000000</SimpleData>
		<SimpleData name="Individuo">999.000000</SimpleData>
		<SimpleData name="X">436245.000000</SimpleData>
		<SimpleData name="Y">7203769.000000</SimpleData>
	</SchemaData></ExtendedData>
      <Point><coordinates>-57.6332428329154,-25.2811577579717</coordinates></Point>
  </Placemark>
  <Placemark id="inviduos_completos.1000">
	<ExtendedData><SchemaData schemaUrl="#inviduos_completos">
		<SimpleData name="Nº">1000.000000</SimpleData>
		<SimpleData name="Individuo">1000.000000</SimpleData>
		<SimpleData name="X">436261.000000</SimpleData>
		<SimpleData name="Y">7203769.000000</SimpleData>
	</SchemaData></ExtendedData>
      <Point><coordinates>-57.6330839215222,-25.2811584398669</coordinates></Point>
  </Placemark>
  <Placemark id="inviduos_completos.1001">
	<ExtendedData><SchemaData schemaUrl="#inviduos_completos">
		<SimpleData name="Nº">1001.000000</SimpleData>
		<SimpleData name="Individuo">1001.000000</SimpleData>
		<SimpleData name="X">436251.000000</SimpleData>
		<SimpleData name="Y">7203764.000000</SimpleData>
	</SchemaData></ExtendedData>
      <Point><coordinates>-57.6331834755232,-25.2812031646807</coordinates></Point>
  </Placemark>
  <Placemark id="inviduos_completos.1002">
	<ExtendedData><SchemaData schemaUrl="#inviduos_completos">
		<SimpleData name="Nº">1002.000000</SimpleData>
		<SimpleData name="Individuo">1002.000000</SimpleData>
		<SimpleData name="X">436242.000000</SimpleData>
		<SimpleData name="Y">7203760.000000</SimpleData>
	</SchemaData></ExtendedData>
      <Point><coordinates>-57.6332730507442,-25.2812389018565</coordinates></Point>
  </Placemark>
  <Placemark id="inviduos_completos.1003">
	<ExtendedData><SchemaData schemaUrl="#inviduos_completos">
		<SimpleData name="Nº">1003.000000</SimpleData>
		<SimpleData name="Individuo">1003.000000</SimpleData>
		<SimpleData name="X">436234.000000</SimpleData>
		<SimpleData name="Y">7203764.000000</SimpleData>
	</SchemaData></ExtendedData>
      <Point><coordinates>-57.633352318937,-25.2812024400462</coordinates></Point>
  </Placemark>
  <Placemark id="inviduos_completos.1004">
	<ExtendedData><SchemaData schemaUrl="#inviduos_completos">
		<SimpleData name="Nº">1004.000000</SimpleData>
		<SimpleData name="Individuo">1004.000000</SimpleData>
		<SimpleData name="X">436234.000000</SimpleData>
		<SimpleData name="Y">7203760.000000</SimpleData>
	</SchemaData></ExtendedData>
      <Point><coordinates>-57.633352506491,-25.2812385608274</coordinates></Point>
  </Placemark>
  <Placemark id="inviduos_completos.1005">
	<ExtendedData><SchemaData schemaUrl="#inviduos_completos">
		<SimpleData name="Nº">1005.000000</SimpleData>
		<SimpleData name="Individuo">1005.000000</SimpleData>
		<SimpleData name="X">436230.000000</SimpleData>
		<SimpleData name="Y">7203765.000000</SimpleData>
	</SchemaData></ExtendedData>
      <Point><coordinates>-57.6333919999067,-25.2811932393207</coordinates></Point>
  </Placemark>
  <Placemark id="inviduos_completos.1006">
	<ExtendedData><SchemaData schemaUrl="#inviduos_completos">
		<SimpleData name="Nº">1006.000000</SimpleData>
		<SimpleData name="Individuo">1006.000000</SimpleData>
		<SimpleData name="X">436258.000000</SimpleData>
		<SimpleData name="Y">7203756.000000</SimpleData>
	</SchemaData></ExtendedData>
      <Point><coordinates>-57.63311432673,-25.281275704569</coordinates></Point>
  </Placemark>
  <Placemark id="inviduos_completos.1007">
	<ExtendedData><SchemaData schemaUrl="#inviduos_completos">
		<SimpleData name="Nº">1007.000000</SimpleData>
		<SimpleData name="Individuo">1007.000000</SimpleData>
		<SimpleData name="X">436264.000000</SimpleData>
		<SimpleData name="Y">7203756.000000</SimpleData>
	</SchemaData></ExtendedData>
      <Point><coordinates>-57.6330547348991,-25.281275960249</coordinates></Point>
  </Placemark>
  <Placemark id="inviduos_completos.1008">
	<ExtendedData><SchemaData schemaUrl="#inviduos_completos">
		<SimpleData name="Nº">1008.000000</SimpleData>
		<SimpleData name="Individuo">1008.000000</SimpleData>
		<SimpleData name="X">436260.000000</SimpleData>
		<SimpleData name="Y">7203764.000000</SimpleData>
	</SchemaData></ExtendedData>
      <Point><coordinates>-57.6330940878309,-25.2812035482325</coordinates></Point>
  </Placemark>
  <Placemark id="inviduos_completos.1009">
	<ExtendedData><SchemaData schemaUrl="#inviduos_completos">
		<SimpleData name="Nº">1009.000000</SimpleData>
		<SimpleData name="Individuo">1009.000000</SimpleData>
		<SimpleData name="X">436260.000000</SimpleData>
		<SimpleData name="Y">7203761.000000</SimpleData>
	</SchemaData></ExtendedData>
      <Point><coordinates>-57.6330942284391,-25.2812306388198</coordinates></Point>
  </Placemark>
  <Placemark id="inviduos_completos.1010">
	<ExtendedData><SchemaData schemaUrl="#inviduos_completos">
		<SimpleData name="Nº">1010.000000</SimpleData>
		<SimpleData name="Individuo">1010.000000</SimpleData>
		<SimpleData name="X">436259.000000</SimpleData>
		<SimpleData name="Y">7203773.000000</SimpleData>
	</SchemaData></ExtendedData>
      <Point><coordinates>-57.633103597967,-25.281122233856</coordinates></Point>
  </Placemark>
  <Placemark id="inviduos_completos.1011">
	<ExtendedData><SchemaData schemaUrl="#inviduos_completos">
		<SimpleData name="Nº">1011.000000</SimpleData>
		<SimpleData name="Individuo">1011.000000</SimpleData>
		<SimpleData name="X">436250.000000</SimpleData>
		<SimpleData name="Y">7203775.000000</SimpleData>
	</SchemaData></ExtendedData>
      <Point><coordinates>-57.6331928918466,-25.2811037899082</coordinates></Point>
  </Placemark>
  <Placemark id="inviduos_completos.1012">
	<ExtendedData><SchemaData schemaUrl="#inviduos_completos">
		<SimpleData name="Nº">1012.000000</SimpleData>
		<SimpleData name="Individuo">1012.000000</SimpleData>
		<SimpleData name="X">436240.000000</SimpleData>
		<SimpleData name="Y">7203784.000000</SimpleData>
	</SchemaData></ExtendedData>
      <Point><coordinates>-57.6332917894681,-25.2810220919108</coordinates></Point>
  </Placemark>
  <Placemark id="inviduos_completos.1013">
	<ExtendedData><SchemaData schemaUrl="#inviduos_completos">
		<SimpleData name="Nº">1013.000000</SimpleData>
		<SimpleData name="Individuo">1013.000000</SimpleData>
		<SimpleData name="X">436237.000000</SimpleData>
		<SimpleData name="Y">7203789.000000</SimpleData>
	</SchemaData></ExtendedData>
      <Point><coordinates>-57.6333213508915,-25.280976813049</coordinates></Point>
  </Placemark>
  <Placemark id="inviduos_completos.1014">
	<ExtendedData><SchemaData schemaUrl="#inviduos_completos">
		<SimpleData name="Nº">1014.000000</SimpleData>
		<SimpleData name="Individuo">1014.000000</SimpleData>
		<SimpleData name="X">436221.000000</SimpleData>
		<SimpleData name="Y">7203800.000000</SimpleData>
	</SchemaData></ExtendedData>
      <Point><coordinates>-57.6334797461701,-25.2808767987527</coordinates></Point>
  </Placemark>
  <Placemark id="inviduos_completos.1015">
	<ExtendedData><SchemaData schemaUrl="#inviduos_completos">
		<SimpleData name="Nº">1015.000000</SimpleData>
		<SimpleData name="Individuo">1015.000000</SimpleData>
		<SimpleData name="X">436206.000000</SimpleData>
		<SimpleData name="Y">7203810.000000</SimpleData>
	</SchemaData></ExtendedData>
      <Point><coordinates>-57.6336282561648,-25.280785857135</coordinates></Point>
  </Placemark>
  <Placemark id="inviduos_completos.1016">
	<ExtendedData><SchemaData schemaUrl="#inviduos_completos">
		<SimpleData name="Nº">1016.000000</SimpleData>
		<SimpleData name="Individuo">1016.000000</SimpleData>
		<SimpleData name="X">436201.000000</SimpleData>
		<SimpleData name="Y">7203813.000000</SimpleData>
	</SchemaData></ExtendedData>
      <Point><coordinates>-57.6336777750839,-25.280758553295</coordinates></Point>
  </Placemark>
  <Placemark id="inviduos_completos.1017">
	<ExtendedData><SchemaData schemaUrl="#inviduos_completos">
		<SimpleData name="Nº">1017.000000</SimpleData>
		<SimpleData name="Individuo">1017.000000</SimpleData>
		<SimpleData name="X">436194.000000</SimpleData>
		<SimpleData name="Y">7203823.000000</SimpleData>
	</SchemaData></ExtendedData>
      <Point><coordinates>-57.6337468294168,-25.2806679527591</coordinates></Point>
  </Placemark>
  <Placemark id="inviduos_completos.1018">
	<ExtendedData><SchemaData schemaUrl="#inviduos_completos">
		<SimpleData name="Nº">1018.000000</SimpleData>
		<SimpleData name="Individuo">1018.000000</SimpleData>
		<SimpleData name="X">436190.000000</SimpleData>
		<SimpleData name="Y">7203827.000000</SimpleData>
	</SchemaData></ExtendedData>
      <Point><coordinates>-57.633786369423,-25.280631661345</coordinates></Point>
  </Placemark>
  <Placemark id="inviduos_completos.1019">
	<ExtendedData><SchemaData schemaUrl="#inviduos_completos">
		<SimpleData name="Nº">1019.000000</SimpleData>
		<SimpleData name="Individuo">1019.000000</SimpleData>
		<SimpleData name="X">436178.000000</SimpleData>
		<SimpleData name="Y">7203846.000000</SimpleData>
	</SchemaData></ExtendedData>
      <Point><coordinates>-57.6339046608057,-25.2804595756741</coordinates></Point>
  </Placemark>
  <Placemark id="inviduos_completos.1020">
	<ExtendedData><SchemaData schemaUrl="#inviduos_completos">
		<SimpleData name="Nº">1020.000000</SimpleData>
		<SimpleData name="Individuo">1020.000000</SimpleData>
		<SimpleData name="X">436187.000000</SimpleData>
		<SimpleData name="Y">7203840.000000</SimpleData>
	</SchemaData></ExtendedData>
      <Point><coordinates>-57.6338155551982,-25.2805141408246</coordinates></Point>
  </Placemark>
  <Placemark id="inviduos_completos.1021">
	<ExtendedData><SchemaData schemaUrl="#inviduos_completos">
		<SimpleData name="Nº">1021.000000</SimpleData>
		<SimpleData name="Individuo">1021.000000</SimpleData>
		<SimpleData name="X">436192.000000</SimpleData>
		<SimpleData name="Y">7203841.000000</SimpleData>
	</SchemaData></ExtendedData>
      <Point><coordinates>-57.6337658487383,-25.2805053239275</coordinates></Point>
  </Placemark>
  <Placemark id="inviduos_completos.1022">
	<ExtendedData><SchemaData schemaUrl="#inviduos_completos">
		<SimpleData name="Nº">1022.000000</SimpleData>
		<SimpleData name="Individuo">1022.000000</SimpleData>
		<SimpleData name="X">436195.000000</SimpleData>
		<SimpleData name="Y">7203836.000000</SimpleData>
	</SchemaData></ExtendedData>
      <Point><coordinates>-57.6337362875922,-25.2805506028758</coordinates></Point>
  </Placemark>
  <Placemark id="inviduos_completos.1023">
	<ExtendedData><SchemaData schemaUrl="#inviduos_completos">
		<SimpleData name="Nº">1023.000000</SimpleData>
		<SimpleData name="Individuo">1023.000000</SimpleData>
		<SimpleData name="X">436198.000000</SimpleData>
		<SimpleData name="Y">7203835.000000</SimpleData>
	</SchemaData></ExtendedData>
      <Point><coordinates>-57.6337065387709,-25.2805597610365</coordinates></Point>
  </Placemark>
  <Placemark id="inviduos_completos.1024">
	<ExtendedData><SchemaData schemaUrl="#inviduos_completos">
		<SimpleData name="Nº">1024.000000</SimpleData>
		<SimpleData name="Individuo">1024.000000</SimpleData>
		<SimpleData name="X">436199.000000</SimpleData>
		<SimpleData name="Y">7203833.000000</SimpleData>
	</SchemaData></ExtendedData>
      <Point><coordinates>-57.6336967006838,-25.2805778640812</coordinates></Point>
  </Placemark>
  <Placemark id="inviduos_completos.1025">
	<ExtendedData><SchemaData schemaUrl="#inviduos_completos">
		<SimpleData name="Nº">1025.000000</SimpleData>
		<SimpleData name="Individuo">1025.000000</SimpleData>
		<SimpleData name="X">436200.000000</SimpleData>
		<SimpleData name="Y">7203829.000000</SimpleData>
	</SchemaData></ExtendedData>
      <Point><coordinates>-57.6336869564177,-25.2806140275163</coordinates></Point>
  </Placemark>
  <Placemark id="inviduos_completos.1026">
	<ExtendedData><SchemaData schemaUrl="#inviduos_completos">
		<SimpleData name="Nº">1026.000000</SimpleData>
		<SimpleData name="Individuo">1026.000000</SimpleData>
		<SimpleData name="X">436201.000000</SimpleData>
		<SimpleData name="Y">7203829.000000</SimpleData>
	</SchemaData></ExtendedData>
      <Point><coordinates>-57.633677024501,-25.2806140701688</coordinates></Point>
  </Placemark>
  <Placemark id="inviduos_completos.1027">
	<ExtendedData><SchemaData schemaUrl="#inviduos_completos">
		<SimpleData name="Nº">1027.000000</SimpleData>
		<SimpleData name="Individuo">1027.000000</SimpleData>
		<SimpleData name="X">436206.000000</SimpleData>
		<SimpleData name="Y">7203830.000000</SimpleData>
	</SchemaData></ExtendedData>
      <Point><coordinates>-57.6336273180092,-25.2806052532257</coordinates></Point>
  </Placemark>
  <Placemark id="inviduos_completos.1028">
	<ExtendedData><SchemaData schemaUrl="#inviduos_completos">
		<SimpleData name="Nº">1028.000000</SimpleData>
		<SimpleData name="Individuo">1028.000000</SimpleData>
		<SimpleData name="X">436208.000000</SimpleData>
		<SimpleData name="Y">7203830.000000</SimpleData>
	</SchemaData></ExtendedData>
      <Point><coordinates>-57.6336074541768,-25.280605338522</coordinates></Point>
  </Placemark>
  <Placemark id="inviduos_completos.1029">
	<ExtendedData><SchemaData schemaUrl="#inviduos_completos">
		<SimpleData name="Nº">1029.000000</SimpleData>
		<SimpleData name="Individuo">1029.000000</SimpleData>
		<SimpleData name="X">436213.000000</SimpleData>
		<SimpleData name="Y">7203829.000000</SimpleData>
	</SchemaData></ExtendedData>
      <Point><coordinates>-57.6335578414978,-25.2806145819467</coordinates></Point>
  </Placemark>
  <Placemark id="inviduos_completos.1030">
	<ExtendedData><SchemaData schemaUrl="#inviduos_completos">
		<SimpleData name="Nº">1030.000000</SimpleData>
		<SimpleData name="Individuo">1030.000000</SimpleData>
		<SimpleData name="X">436215.000000</SimpleData>
		<SimpleData name="Y">7203825.000000</SimpleData>
	</SchemaData></ExtendedData>
      <Point><coordinates>-57.6335381652677,-25.2806507880164</coordinates></Point>
  </Placemark>
  <Placemark id="inviduos_completos.1031">
	<ExtendedData><SchemaData schemaUrl="#inviduos_completos">
		<SimpleData name="Nº">1031.000000</SimpleData>
		<SimpleData name="Individuo">1031.000000</SimpleData>
		<SimpleData name="X">436217.000000</SimpleData>
		<SimpleData name="Y">7203823.000000</SimpleData>
	</SchemaData></ExtendedData>
      <Point><coordinates>-57.6335183952268,-25.2806689336923</coordinates></Point>
  </Placemark>
  <Placemark id="inviduos_completos.1032">
	<ExtendedData><SchemaData schemaUrl="#inviduos_completos">
		<SimpleData name="Nº">1032.000000</SimpleData>
		<SimpleData name="Individuo">1032.000000</SimpleData>
		<SimpleData name="X">436224.000000</SimpleData>
		<SimpleData name="Y">7203819.000000</SimpleData>
	</SchemaData></ExtendedData>
      <Point><coordinates>-57.6334490593534,-25.2807053529501</coordinates></Point>
  </Placemark>
  <Placemark id="inviduos_completos.1033">
	<ExtendedData><SchemaData schemaUrl="#inviduos_completos">
		<SimpleData name="Nº">1033.000000</SimpleData>
		<SimpleData name="Individuo">1033.000000</SimpleData>
		<SimpleData name="X">436228.000000</SimpleData>
		<SimpleData name="Y">7203818.000000</SimpleData>
	</SchemaData></ExtendedData>
      <Point><coordinates>-57.6334093785462,-25.2807145536885</coordinates></Point>
  </Placemark>
  <Placemark id="inviduos_completos.1034">
	<ExtendedData><SchemaData schemaUrl="#inviduos_completos">
		<SimpleData name="Nº">1034.000000</SimpleData>
		<SimpleData name="Individuo">1034.000000</SimpleData>
		<SimpleData name="X">436239.000000</SimpleData>
		<SimpleData name="Y">7203806.000000</SimpleData>
	</SchemaData></ExtendedData>
      <Point><coordinates>-57.6333006899689,-25.2808233849769</coordinates></Point>
  </Placemark>
  <Placemark id="inviduos_completos.1035">
	<ExtendedData><SchemaData schemaUrl="#inviduos_completos">
		<SimpleData name="Nº">1035.000000</SimpleData>
		<SimpleData name="Individuo">1035.000000</SimpleData>
		<SimpleData name="X">436239.000000</SimpleData>
		<SimpleData name="Y">7203801.000000</SimpleData>
	</SchemaData></ExtendedData>
      <Point><coordinates>-57.6333009243884,-25.2808685359561</coordinates></Point>
  </Placemark>
  <Placemark id="inviduos_completos.1036">
	<ExtendedData><SchemaData schemaUrl="#inviduos_completos">
		<SimpleData name="Nº">1036.000000</SimpleData>
		<SimpleData name="Individuo">1036.000000</SimpleData>
		<SimpleData name="X">436245.000000</SimpleData>
		<SimpleData name="Y">7203801.000000</SimpleData>
	</SchemaData></ExtendedData>
      <Point><coordinates>-57.6332413327586,-25.2808687917076</coordinates></Point>
  </Placemark>
  <Placemark id="inviduos_completos.1037">
	<ExtendedData><SchemaData schemaUrl="#inviduos_completos">
		<SimpleData name="Nº">1037.000000</SimpleData>
		<SimpleData name="Individuo">1037.000000</SimpleData>
		<SimpleData name="X">436247.000000</SimpleData>
		<SimpleData name="Y">7203802.000000</SimpleData>
	</SchemaData></ExtendedData>
      <Point><coordinates>-57.6332214220037,-25.2808598467568</coordinates></Point>
  </Placemark>
  <Placemark id="inviduos_completos.1038">
	<ExtendedData><SchemaData schemaUrl="#inviduos_completos">
		<SimpleData name="Nº">1038.000000</SimpleData>
		<SimpleData name="Individuo">1038.000000</SimpleData>
		<SimpleData name="X">436253.000000</SimpleData>
		<SimpleData name="Y">7203797.000000</SimpleData>
	</SchemaData></ExtendedData>
      <Point><coordinates>-57.6331620647457,-25.2809052534564</coordinates></Point>
  </Placemark>
  <Placemark id="inviduos_completos.1039">
	<ExtendedData><SchemaData schemaUrl="#inviduos_completos">
		<SimpleData name="Nº">1039.000000</SimpleData>
		<SimpleData name="Individuo">1039.000000</SimpleData>
		<SimpleData name="X">436259.000000</SimpleData>
		<SimpleData name="Y">7203790.000000</SimpleData>
	</SchemaData></ExtendedData>
      <Point><coordinates>-57.6331028011823,-25.2809687205248</coordinates></Point>
  </Placemark>
  <Placemark id="inviduos_completos.1040">
	<ExtendedData><SchemaData schemaUrl="#inviduos_completos">
		<SimpleData name="Nº">1040.000000</SimpleData>
		<SimpleData name="Individuo">1040.000000</SimpleData>
		<SimpleData name="X">436268.000000</SimpleData>
		<SimpleData name="Y">7203789.000000</SimpleData>
	</SchemaData></ExtendedData>
      <Point><coordinates>-57.6330134605233,-25.2809781342206</coordinates></Point>
  </Placemark>
  <Placemark id="inviduos_completos.1041">
	<ExtendedData><SchemaData schemaUrl="#inviduos_completos">
		<SimpleData name="Nº">1041.000000</SimpleData>
		<SimpleData name="Individuo">1041.000000</SimpleData>
		<SimpleData name="X">436185.000000</SimpleData>
		<SimpleData name="Y">7203854.000000</SimpleData>
	</SchemaData></ExtendedData>
      <Point><coordinates>-57.6338347620984,-25.280387632765</coordinates></Point>
  </Placemark>
  <Placemark id="inviduos_completos.1042">
	<ExtendedData><SchemaData schemaUrl="#inviduos_completos">
		<SimpleData name="Nº">1042.000000</SimpleData>
		<SimpleData name="Individuo">1042.000000</SimpleData>
		<SimpleData name="X">436195.000000</SimpleData>
		<SimpleData name="Y">7203853.000000</SimpleData>
	</SchemaData></ExtendedData>
      <Point><coordinates>-57.6337354900318,-25.2803970895515</coordinates></Point>
  </Placemark>
  <Placemark id="inviduos_completos.1043">
	<ExtendedData><SchemaData schemaUrl="#inviduos_completos">
		<SimpleData name="Nº">1043.000000</SimpleData>
		<SimpleData name="Individuo">1043.000000</SimpleData>
		<SimpleData name="X">436199.000000</SimpleData>
		<SimpleData name="Y">7203863.000000</SimpleData>
	</SchemaData></ExtendedData>
      <Point><coordinates>-57.6336952933149,-25.2803069582116</coordinates></Point>
  </Placemark>
  <Placemark id="inviduos_completos.1044">
	<ExtendedData><SchemaData schemaUrl="#inviduos_completos">
		<SimpleData name="Nº">1044.000000</SimpleData>
		<SimpleData name="Individuo">1044.000000</SimpleData>
		<SimpleData name="X">436201.000000</SimpleData>
		<SimpleData name="Y">7203865.000000</SimpleData>
	</SchemaData></ExtendedData>
      <Point><coordinates>-57.6336753357104,-25.2802889831243</coordinates></Point>
  </Placemark>
  <Placemark id="inviduos_completos.1045">
	<ExtendedData><SchemaData schemaUrl="#inviduos_completos">
		<SimpleData name="Nº">1045.000000</SimpleData>
		<SimpleData name="Individuo">1045.000000</SimpleData>
		<SimpleData name="X">436206.000000</SimpleData>
		<SimpleData name="Y">7203865.000000</SimpleData>
	</SchemaData></ExtendedData>
      <Point><coordinates>-57.6336256762585,-25.2802891963737</coordinates></Point>
  </Placemark>
  <Placemark id="inviduos_completos.1046">
	<ExtendedData><SchemaData schemaUrl="#inviduos_completos">
		<SimpleData name="Nº">1046.000000</SimpleData>
		<SimpleData name="Individuo">1046.000000</SimpleData>
		<SimpleData name="X">436215.000000</SimpleData>
		<SimpleData name="Y">7203856.000000</SimpleData>
	</SchemaData></ExtendedData>
      <Point><coordinates>-57.6335367113459,-25.2803708519451</coordinates></Point>
  </Placemark>
  <Placemark id="inviduos_completos.1047">
	<ExtendedData><SchemaData schemaUrl="#inviduos_completos">
		<SimpleData name="Nº">1047.000000</SimpleData>
		<SimpleData name="Individuo">1047.000000</SimpleData>
		<SimpleData name="X">436207.000000</SimpleData>
		<SimpleData name="Y">7203841.000000</SimpleData>
	</SchemaData></ExtendedData>
      <Point><coordinates>-57.6336168701193,-25.280505963722</coordinates></Point>
  </Placemark>
  <Placemark id="inviduos_completos.1048">
	<ExtendedData><SchemaData schemaUrl="#inviduos_completos">
		<SimpleData name="Nº">1048.000000</SimpleData>
		<SimpleData name="Individuo">1048.000000</SimpleData>
		<SimpleData name="X">436216.000000</SimpleData>
		<SimpleData name="Y">7203838.000000</SimpleData>
	</SchemaData></ExtendedData>
      <Point><coordinates>-57.6335276236454,-25.280533438114</coordinates></Point>
  </Placemark>
  <Placemark id="inviduos_completos.1049">
	<ExtendedData><SchemaData schemaUrl="#inviduos_completos">
		<SimpleData name="Nº">1049.000000</SimpleData>
		<SimpleData name="Individuo">1049.000000</SimpleData>
		<SimpleData name="X">436223.000000</SimpleData>
		<SimpleData name="Y">7203837.000000</SimpleData>
	</SchemaData></ExtendedData>
      <Point><coordinates>-57.6334581471661,-25.2805427667875</coordinates></Point>
  </Placemark>
  <Placemark id="inviduos_completos.1050">
	<ExtendedData><SchemaData schemaUrl="#inviduos_completos">
		<SimpleData name="Nº">1050.000000</SimpleData>
		<SimpleData name="Individuo">1050.000000</SimpleData>
		<SimpleData name="X">436230.000000</SimpleData>
		<SimpleData name="Y">7203824.000000</SimpleData>
	</SchemaData></ExtendedData>
      <Point><coordinates>-57.6333892333545,-25.2806604577804</coordinates></Point>
  </Placemark>
  <Placemark id="inviduos_completos.1051">
	<ExtendedData><SchemaData schemaUrl="#inviduos_completos">
		<SimpleData name="Nº">1051.000000</SimpleData>
		<SimpleData name="Individuo">1051.000000</SimpleData>
		<SimpleData name="X">436237.000000</SimpleData>
		<SimpleData name="Y">7203822.000000</SimpleData>
	</SchemaData></ExtendedData>
      <Point><coordinates>-57.6333198036759,-25.2806788165862</coordinates></Point>
  </Placemark>
  <Placemark id="inviduos_completos.1052">
	<ExtendedData><SchemaData schemaUrl="#inviduos_completos">
		<SimpleData name="Nº">1052.000000</SimpleData>
		<SimpleData name="Individuo">1052.000000</SimpleData>
		<SimpleData name="X">436237.000000</SimpleData>
		<SimpleData name="Y">7203820.000000</SimpleData>
	</SchemaData></ExtendedData>
      <Point><coordinates>-57.6333198974459,-25.2806968769782</coordinates></Point>
  </Placemark>
  <Placemark id="inviduos_completos.1053">
	<ExtendedData><SchemaData schemaUrl="#inviduos_completos">
		<SimpleData name="Nº">1053.000000</SimpleData>
		<SimpleData name="Individuo">1053.000000</SimpleData>
		<SimpleData name="X">436243.000000</SimpleData>
		<SimpleData name="Y">7203814.000000</SimpleData>
	</SchemaData></ExtendedData>
      <Point><coordinates>-57.633260587184,-25.2807513139122</coordinates></Point>
  </Placemark>
  <Placemark id="inviduos_completos.1054">
	<ExtendedData><SchemaData schemaUrl="#inviduos_completos">
		<SimpleData name="Nº">1054.000000</SimpleData>
		<SimpleData name="Individuo">1054.000000</SimpleData>
		<SimpleData name="X">436255.000000</SimpleData>
		<SimpleData name="Y">7203802.000000</SimpleData>
	</SchemaData></ExtendedData>
      <Point><coordinates>-57.6331419665016,-25.2808601877105</coordinates></Point>
  </Placemark>
  <Placemark id="inviduos_completos.1055">
	<ExtendedData><SchemaData schemaUrl="#inviduos_completos">
		<SimpleData name="Nº">1055.000000</SimpleData>
		<SimpleData name="Individuo">1055.000000</SimpleData>
		<SimpleData name="X">436271.000000</SimpleData>
		<SimpleData name="Y">7203793.000000</SimpleData>
	</SchemaData></ExtendedData>
      <Point><coordinates>-57.6329834772375,-25.2809421412567</coordinates></Point>
  </Placemark>
  <Placemark id="inviduos_completos.1056">
	<ExtendedData><SchemaData schemaUrl="#inviduos_completos">
		<SimpleData name="Nº">1056.000000</SimpleData>
		<SimpleData name="Individuo">1056.000000</SimpleData>
		<SimpleData name="X">436265.000000</SimpleData>
		<SimpleData name="Y">7203801.000000</SimpleData>
	</SchemaData></ExtendedData>
      <Point><coordinates>-57.6330426939866,-25.2808696440388</coordinates></Point>
  </Placemark>
  <Placemark id="inviduos_completos.1057">
	<ExtendedData><SchemaData schemaUrl="#inviduos_completos">
		<SimpleData name="Nº">1057.000000</SimpleData>
		<SimpleData name="Individuo">1057.000000</SimpleData>
		<SimpleData name="X">436261.000000</SimpleData>
		<SimpleData name="Y">7203803.000000</SimpleData>
	</SchemaData></ExtendedData>
      <Point><coordinates>-57.6330823280062,-25.2808514132015</coordinates></Point>
  </Placemark>
  <Placemark id="inviduos_completos.1058">
	<ExtendedData><SchemaData schemaUrl="#inviduos_completos">
		<SimpleData name="Nº">1058.000000</SimpleData>
		<SimpleData name="Individuo">1058.000000</SimpleData>
		<SimpleData name="X">436260.000000</SimpleData>
		<SimpleData name="Y">7203812.000000</SimpleData>
	</SchemaData></ExtendedData>
      <Point><coordinates>-57.6330918381282,-25.2807700988223</coordinates></Point>
  </Placemark>
  <Placemark id="inviduos_completos.1059">
	<ExtendedData><SchemaData schemaUrl="#inviduos_completos">
		<SimpleData name="Nº">1059.000000</SimpleData>
		<SimpleData name="Individuo">1059.000000</SimpleData>
		<SimpleData name="X">436147.000000</SimpleData>
		<SimpleData name="Y">7203826.000000</SimpleData>
	</SchemaData></ExtendedData>
      <Point><coordinates>-57.6342134888277,-25.2806388565606</coordinates></Point>
  </Placemark>
  <Placemark id="inviduos_completos.1060">
	<ExtendedData><SchemaData schemaUrl="#inviduos_completos">
		<SimpleData name="Nº">1060.000000</SimpleData>
		<SimpleData name="Individuo">1060.000000</SimpleData>
		<SimpleData name="X">436147.000000</SimpleData>
		<SimpleData name="Y">7203829.000000</SimpleData>
	</SchemaData></ExtendedData>
      <Point><coordinates>-57.6342133479748,-25.280611765977</coordinates></Point>
  </Placemark>
  <Placemark id="inviduos_completos.1061">
	<ExtendedData><SchemaData schemaUrl="#inviduos_completos">
		<SimpleData name="Nº">1061.000000</SimpleData>
		<SimpleData name="Individuo">1061.000000</SimpleData>
		<SimpleData name="X">436151.000000</SimpleData>
		<SimpleData name="Y">7203831.000000</SimpleData>
	</SchemaData></ExtendedData>
      <Point><coordinates>-57.6341735264163,-25.2805938763355</coordinates></Point>
  </Placemark>
  <Placemark id="inviduos_completos.1062">
	<ExtendedData><SchemaData schemaUrl="#inviduos_completos">
		<SimpleData name="Nº">1062.000000</SimpleData>
		<SimpleData name="Individuo">1062.000000</SimpleData>
		<SimpleData name="X">436158.000000</SimpleData>
		<SimpleData name="Y">7203838.000000</SimpleData>
	</SchemaData></ExtendedData>
      <Point><coordinates>-57.6341036744172,-25.2805309637545</coordinates></Point>
  </Placemark>
  <Placemark id="inviduos_completos.1063">
	<ExtendedData><SchemaData schemaUrl="#inviduos_completos">
		<SimpleData name="Nº">1063.000000</SimpleData>
		<SimpleData name="Individuo">1063.000000</SimpleData>
		<SimpleData name="X">436166.000000</SimpleData>
		<SimpleData name="Y">7203847.000000</SimpleData>
	</SchemaData></ExtendedData>
      <Point><coordinates>-57.6340237967128,-25.2804500334239</coordinates></Point>
  </Placemark>
  <Placemark id="inviduos_completos.1064">
	<ExtendedData><SchemaData schemaUrl="#inviduos_completos">
		<SimpleData name="Nº">1064.000000</SimpleData>
		<SimpleData name="Individuo">1064.000000</SimpleData>
		<SimpleData name="X">436173.000000</SimpleData>
		<SimpleData name="Y">7203854.000000</SimpleData>
	</SchemaData></ExtendedData>
      <Point><coordinates>-57.6339539448734,-25.2803871207677</coordinates></Point>
  </Placemark>
  <Placemark id="inviduos_completos.1065">
	<ExtendedData><SchemaData schemaUrl="#inviduos_completos">
		<SimpleData name="Nº">1065.000000</SimpleData>
		<SimpleData name="Individuo">1065.000000</SimpleData>
		<SimpleData name="X">436185.000000</SimpleData>
		<SimpleData name="Y">7203869.000000</SimpleData>
	</SchemaData></ExtendedData>
      <Point><coordinates>-57.6338340582641,-25.2802521798315</coordinates></Point>
  </Placemark>
  <Placemark id="inviduos_completos.1066">
	<ExtendedData><SchemaData schemaUrl="#inviduos_completos">
		<SimpleData name="Nº">1066.000000</SimpleData>
		<SimpleData name="Individuo">1066.000000</SimpleData>
		<SimpleData name="X">436191.000000</SimpleData>
		<SimpleData name="Y">7203876.000000</SimpleData>
	</SchemaData></ExtendedData>
      <Point><coordinates>-57.6337741385182,-25.280189224422</coordinates></Point>
  </Placemark>
  <Placemark id="inviduos_completos.1067">
	<ExtendedData><SchemaData schemaUrl="#inviduos_completos">
		<SimpleData name="Nº">1067.000000</SimpleData>
		<SimpleData name="Individuo">1067.000000</SimpleData>
		<SimpleData name="X">436200.000000</SimpleData>
		<SimpleData name="Y">7203885.000000</SimpleData>
	</SchemaData></ExtendedData>
      <Point><coordinates>-57.6336843293817,-25.280108336553</coordinates></Point>
  </Placemark>
  <Placemark id="inviduos_completos.1068">
	<ExtendedData><SchemaData schemaUrl="#inviduos_completos">
		<SimpleData name="Nº">1068.000000</SimpleData>
		<SimpleData name="Individuo">1068.000000</SimpleData>
		<SimpleData name="X">436182.000000</SimpleData>
		<SimpleData name="Y">7203880.000000</SimpleData>
	</SchemaData></ExtendedData>
      <Point><coordinates>-57.633863337759,-25.2801527196898</coordinates></Point>
  </Placemark>
  <Placemark id="inviduos_completos.1069">
	<ExtendedData><SchemaData schemaUrl="#inviduos_completos">
		<SimpleData name="Nº">1069.000000</SimpleData>
		<SimpleData name="Individuo">1069.000000</SimpleData>
		<SimpleData name="X">436171.000000</SimpleData>
		<SimpleData name="Y">7203866.000000</SimpleData>
	</SchemaData></ExtendedData>
      <Point><coordinates>-57.6339732454776,-25.2802786730818</coordinates></Point>
  </Placemark>
  <Placemark id="inviduos_completos.1070">
	<ExtendedData><SchemaData schemaUrl="#inviduos_completos">
		<SimpleData name="Nº">1070.000000</SimpleData>
		<SimpleData name="Individuo">1070.000000</SimpleData>
		<SimpleData name="X">436169.000000</SimpleData>
		<SimpleData name="Y">7203862.000000</SimpleData>
	</SchemaData></ExtendedData>
      <Point><coordinates>-57.6339932969913,-25.2803147085185</coordinates></Point>
  </Placemark>
  <Placemark id="inviduos_completos.1071">
	<ExtendedData><SchemaData schemaUrl="#inviduos_completos">
		<SimpleData name="Nº">1071.000000</SimpleData>
		<SimpleData name="Individuo">1071.000000</SimpleData>
		<SimpleData name="X">436182.000000</SimpleData>
		<SimpleData name="Y">7203892.000000</SimpleData>
	</SchemaData></ExtendedData>
      <Point><coordinates>-57.6338627746718,-25.2800443573404</coordinates></Point>
  </Placemark>
  <Placemark id="inviduos_completos.1072">
	<ExtendedData><SchemaData schemaUrl="#inviduos_completos">
		<SimpleData name="Nº">1072.000000</SimpleData>
		<SimpleData name="Individuo">1072.000000</SimpleData>
		<SimpleData name="X">436182.000000</SimpleData>
		<SimpleData name="Y">7203896.000000</SimpleData>
	</SchemaData></ExtendedData>
      <Point><coordinates>-57.6338625869767,-25.2800082365569</coordinates></Point>
  </Placemark>
  <Placemark id="inviduos_completos.1073">
	<ExtendedData><SchemaData schemaUrl="#inviduos_completos">
		<SimpleData name="Nº">1073.000000</SimpleData>
		<SimpleData name="Individuo">1073.000000</SimpleData>
		<SimpleData name="X">436180.000000</SimpleData>
		<SimpleData name="Y">7203896.000000</SimpleData>
	</SchemaData></ExtendedData>
      <Point><coordinates>-57.6338824507109,-25.2800081512281</coordinates></Point>
  </Placemark>
  <Placemark id="inviduos_completos.1074">
	<ExtendedData><SchemaData schemaUrl="#inviduos_completos">
		<SimpleData name="Nº">1074.000000</SimpleData>
		<SimpleData name="Individuo">1074.000000</SimpleData>
		<SimpleData name="X">436176.000000</SimpleData>
		<SimpleData name="Y">7203896.000000</SimpleData>
	</SchemaData></ExtendedData>
      <Point><coordinates>-57.633922178179,-25.2800079805626</coordinates></Point>
  </Placemark>
  <Placemark id="inviduos_completos.1075">
	<ExtendedData><SchemaData schemaUrl="#inviduos_completos">
		<SimpleData name="Nº">1075.000000</SimpleData>
		<SimpleData name="Individuo">1075.000000</SimpleData>
		<SimpleData name="X">436174.000000</SimpleData>
		<SimpleData name="Y">7203891.000000</SimpleData>
	</SchemaData></ExtendedData>
      <Point><coordinates>-57.6339422765611,-25.2800530462045</coordinates></Point>
  </Placemark>
  <Placemark id="inviduos_completos.1076">
	<ExtendedData><SchemaData schemaUrl="#inviduos_completos">
		<SimpleData name="Nº">1076.000000</SimpleData>
		<SimpleData name="Individuo">1076.000000</SimpleData>
		<SimpleData name="X">436170.000000</SimpleData>
		<SimpleData name="Y">7203886.000000</SimpleData>
	</SchemaData></ExtendedData>
      <Point><coordinates>-57.6339822387068,-25.2800980265006</coordinates></Point>
  </Placemark>
  <Placemark id="inviduos_completos.1077">
	<ExtendedData><SchemaData schemaUrl="#inviduos_completos">
		<SimpleData name="Nº">1077.000000</SimpleData>
		<SimpleData name="Individuo">1077.000000</SimpleData>
		<SimpleData name="X">436162.000000</SimpleData>
		<SimpleData name="Y">7203879.000000</SimpleData>
	</SchemaData></ExtendedData>
      <Point><coordinates>-57.6340620222706,-25.2801608964718</coordinates></Point>
  </Placemark>
  <Placemark id="inviduos_completos.1078">
	<ExtendedData><SchemaData schemaUrl="#inviduos_completos">
		<SimpleData name="Nº">1078.000000</SimpleData>
		<SimpleData name="Individuo">1078.000000</SimpleData>
		<SimpleData name="X">436159.000000</SimpleData>
		<SimpleData name="Y">7203875.000000</SimpleData>
	</SchemaData></ExtendedData>
      <Point><coordinates>-57.6340920056722,-25.2801968892178</coordinates></Point>
  </Placemark>
  <Placemark id="inviduos_completos.1079">
	<ExtendedData><SchemaData schemaUrl="#inviduos_completos">
		<SimpleData name="Nº">1079.000000</SimpleData>
		<SimpleData name="Individuo">1079.000000</SimpleData>
		<SimpleData name="X">436152.000000</SimpleData>
		<SimpleData name="Y">7203867.000000</SimpleData>
	</SchemaData></ExtendedData>
      <Point><coordinates>-57.6341619044164,-25.2802688320061</coordinates></Point>
  </Placemark>
  <Placemark id="inviduos_completos.1080">
	<ExtendedData><SchemaData schemaUrl="#inviduos_completos">
		<SimpleData name="Nº">1080.000000</SimpleData>
		<SimpleData name="Individuo">1080.000000</SimpleData>
		<SimpleData name="X">436147.000000</SimpleData>
		<SimpleData name="Y">7203862.000000</SimpleData>
	</SchemaData></ExtendedData>
      <Point><coordinates>-57.6342117986056,-25.2803137695511</coordinates></Point>
  </Placemark>
  <Placemark id="inviduos_completos.1081">
	<ExtendedData><SchemaData schemaUrl="#inviduos_completos">
		<SimpleData name="Nº">1081.000000</SimpleData>
		<SimpleData name="Individuo">1081.000000</SimpleData>
		<SimpleData name="X">436148.000000</SimpleData>
		<SimpleData name="Y">7203859.000000</SimpleData>
	</SchemaData></ExtendedData>
      <Point><coordinates>-57.6342020075628,-25.2803409028232</coordinates></Point>
  </Placemark>
  <Placemark id="inviduos_completos.1082">
	<ExtendedData><SchemaData schemaUrl="#inviduos_completos">
		<SimpleData name="Nº">1082.000000</SimpleData>
		<SimpleData name="Individuo">1082.000000</SimpleData>
		<SimpleData name="X">436144.000000</SimpleData>
		<SimpleData name="Y">7203858.000000</SimpleData>
	</SchemaData></ExtendedData>
      <Point><coordinates>-57.6342417820893,-25.2803497622643</coordinates></Point>
  </Placemark>
  <Placemark id="inviduos_completos.1083">
	<ExtendedData><SchemaData schemaUrl="#inviduos_completos">
		<SimpleData name="Nº">1083.000000</SimpleData>
		<SimpleData name="Individuo">1083.000000</SimpleData>
		<SimpleData name="X">436140.000000</SimpleData>
		<SimpleData name="Y">7203854.000000</SimpleData>
	</SchemaData></ExtendedData>
      <Point><coordinates>-57.6342816974878,-25.2803857122788</coordinates></Point>
  </Placemark>
  <Placemark id="inviduos_completos.1084">
	<ExtendedData><SchemaData schemaUrl="#inviduos_completos">
		<SimpleData name="Nº">1084.000000</SimpleData>
		<SimpleData name="Individuo">1084.000000</SimpleData>
		<SimpleData name="X">436137.000000</SimpleData>
		<SimpleData name="Y">7203850.000000</SimpleData>
	</SchemaData></ExtendedData>
      <Point><coordinates>-57.6343116810099,-25.2804217049768</coordinates></Point>
  </Placemark>
  <Placemark id="inviduos_completos.1085">
	<ExtendedData><SchemaData schemaUrl="#inviduos_completos">
		<SimpleData name="Nº">1085.000000</SimpleData>
		<SimpleData name="Individuo">1085.000000</SimpleData>
		<SimpleData name="X">436135.000000</SimpleData>
		<SimpleData name="Y">7203851.000000</SimpleData>
	</SchemaData></ExtendedData>
      <Point><coordinates>-57.6343314978504,-25.2804125893917</coordinates></Point>
  </Placemark>
  <Placemark id="inviduos_completos.1086">
	<ExtendedData><SchemaData schemaUrl="#inviduos_completos">
		<SimpleData name="Nº">1086.000000</SimpleData>
		<SimpleData name="Individuo">1086.000000</SimpleData>
		<SimpleData name="X">436131.000000</SimpleData>
		<SimpleData name="Y">7203847.000000</SimpleData>
	</SchemaData></ExtendedData>
      <Point><coordinates>-57.6343714132958,-25.2804485393807</coordinates></Point>
  </Placemark>
  <Placemark id="inviduos_completos.1087">
	<ExtendedData><SchemaData schemaUrl="#inviduos_completos">
		<SimpleData name="Nº">1087.000000</SimpleData>
		<SimpleData name="Individuo">1087.000000</SimpleData>
		<SimpleData name="X">436127.000000</SimpleData>
		<SimpleData name="Y">7203839.000000</SimpleData>
	</SchemaData></ExtendedData>
      <Point><coordinates>-57.6344115166262,-25.2805206101356</coordinates></Point>
  </Placemark>
  <Placemark id="inviduos_completos.1088">
	<ExtendedData><SchemaData schemaUrl="#inviduos_completos">
		<SimpleData name="Nº">1088.000000</SimpleData>
		<SimpleData name="Individuo">1088.000000</SimpleData>
		<SimpleData name="X">436135.000000</SimpleData>
		<SimpleData name="Y">7203834.000000</SimpleData>
	</SchemaData></ExtendedData>
      <Point><coordinates>-57.6343322961614,-25.2805661026979</coordinates></Point>
  </Placemark>
  <Placemark id="inviduos_completos.1089">
	<ExtendedData><SchemaData schemaUrl="#inviduos_completos">
		<SimpleData name="Nº">1089.000000</SimpleData>
		<SimpleData name="Individuo">1089.000000</SimpleData>
		<SimpleData name="X">436134.000000</SimpleData>
		<SimpleData name="Y">7203831.000000</SimpleData>
	</SchemaData></ExtendedData>
      <Point><coordinates>-57.6343423689543,-25.2805931505845</coordinates></Point>
  </Placemark>
  <Placemark id="inviduos_completos.1090">
	<ExtendedData><SchemaData schemaUrl="#inviduos_completos">
		<SimpleData name="Nº">1090.000000</SimpleData>
		<SimpleData name="Individuo">1090.000000</SimpleData>
		<SimpleData name="X">436137.000000</SimpleData>
		<SimpleData name="Y">7203830.000000</SimpleData>
	</SchemaData></ExtendedData>
      <Point><coordinates>-57.634312620171,-25.2806023088666</coordinates></Point>
  </Placemark>
  <Placemark id="inviduos_completos.1091">
	<ExtendedData><SchemaData schemaUrl="#inviduos_completos">
		<SimpleData name="Nº">1091.000000</SimpleData>
		<SimpleData name="Individuo">1091.000000</SimpleData>
		<SimpleData name="X">436136.000000</SimpleData>
		<SimpleData name="Y">7203829.000000</SimpleData>
	</SchemaData></ExtendedData>
      <Point><coordinates>-57.6343225990447,-25.2806112963657</coordinates></Point>
  </Placemark>
  <Placemark id="inviduos_completos.1092">
	<ExtendedData><SchemaData schemaUrl="#inviduos_completos">
		<SimpleData name="Nº">1092.000000</SimpleData>
		<SimpleData name="Individuo">1092.000000</SimpleData>
		<SimpleData name="X">436136.000000</SimpleData>
		<SimpleData name="Y">7203824.000000</SimpleData>
	</SchemaData></ExtendedData>
      <Point><coordinates>-57.6343228338401,-25.2806564473373</coordinates></Point>
  </Placemark>
  <Placemark id="inviduos_completos.1093">
	<ExtendedData><SchemaData schemaUrl="#inviduos_completos">
		<SimpleData name="Nº">1093.000000</SimpleData>
		<SimpleData name="Individuo">1093.000000</SimpleData>
		<SimpleData name="X">436138.000000</SimpleData>
		<SimpleData name="Y">7203825.000000</SimpleData>
	</SchemaData></ExtendedData>
      <Point><coordinates>-57.6343029230444,-25.280647502533</coordinates></Point>
  </Placemark>
  <Placemark id="inviduos_completos.1094">
	<ExtendedData><SchemaData schemaUrl="#inviduos_completos">
		<SimpleData name="Nº">1094.000000</SimpleData>
		<SimpleData name="Individuo">1094.000000</SimpleData>
		<SimpleData name="X">436170.000000</SimpleData>
		<SimpleData name="Y">7203866.000000</SimpleData>
	</SchemaData></ExtendedData>
      <Point><coordinates>-57.6339831773665,-25.2802786304099</coordinates></Point>
  </Placemark>
  <Placemark id="inviduos_completos.1095">
	<ExtendedData><SchemaData schemaUrl="#inviduos_completos">
		<SimpleData name="Nº">1095.000000</SimpleData>
		<SimpleData name="Individuo">1095.000000</SimpleData>
		<SimpleData name="X">436135.000000</SimpleData>
		<SimpleData name="Y">7203875.000000</SimpleData>
	</SchemaData></ExtendedData>
      <Point><coordinates>-57.6343303708343,-25.2801958647186</coordinates></Point>
  </Placemark>
  <Placemark id="inviduos_completos.1096">
	<ExtendedData><SchemaData schemaUrl="#inviduos_completos">
		<SimpleData name="Nº">1096.000000</SimpleData>
		<SimpleData name="Individuo">1096.000000</SimpleData>
		<SimpleData name="X">436142.000000</SimpleData>
		<SimpleData name="Y">7203885.000000</SimpleData>
	</SchemaData></ExtendedData>
      <Point><coordinates>-57.6342603781286,-25.2801058616204</coordinates></Point>
  </Placemark>
  <Placemark id="inviduos_completos.1097">
	<ExtendedData><SchemaData schemaUrl="#inviduos_completos">
		<SimpleData name="Nº">1097.000000</SimpleData>
		<SimpleData name="Individuo">1097.000000</SimpleData>
		<SimpleData name="X">436143.000000</SimpleData>
		<SimpleData name="Y">7203887.000000</SimpleData>
	</SchemaData></ExtendedData>
      <Point><coordinates>-57.6342503523491,-25.2800878439205</coordinates></Point>
  </Placemark>
  <Placemark id="inviduos_completos.1098">
	<ExtendedData><SchemaData schemaUrl="#inviduos_completos">
		<SimpleData name="Nº">1098.000000</SimpleData>
		<SimpleData name="Individuo">1098.000000</SimpleData>
		<SimpleData name="X">436151.000000</SimpleData>
		<SimpleData name="Y">7203891.000000</SimpleData>
	</SchemaData></ExtendedData>
      <Point><coordinates>-57.634170709579,-25.2800520646374</coordinates></Point>
  </Placemark>
  <Placemark id="inviduos_completos.1099">
	<ExtendedData><SchemaData schemaUrl="#inviduos_completos">
		<SimpleData name="Nº">1099.000000</SimpleData>
		<SimpleData name="Individuo">1099.000000</SimpleData>
		<SimpleData name="X">436154.000000</SimpleData>
		<SimpleData name="Y">7203896.000000</SimpleData>
	</SchemaData></ExtendedData>
      <Point><coordinates>-57.6341406792469,-25.2800070417111</coordinates></Point>
  </Placemark>
  <Placemark id="inviduos_completos.1100">
	<ExtendedData><SchemaData schemaUrl="#inviduos_completos">
		<SimpleData name="Nº">1100.000000</SimpleData>
		<SimpleData name="Individuo">1100.000000</SimpleData>
		<SimpleData name="X">436153.000000</SimpleData>
		<SimpleData name="Y">7203894.000000</SimpleData>
	</SchemaData></ExtendedData>
      <Point><coordinates>-57.6341507050035,-25.2800250594191</coordinates></Point>
  </Placemark>
  <Placemark id="inviduos_completos.1101">
	<ExtendedData><SchemaData schemaUrl="#inviduos_completos">
		<SimpleData name="Nº">1101.000000</SimpleData>
		<SimpleData name="Individuo">1101.000000</SimpleData>
		<SimpleData name="X">436158.000000</SimpleData>
		<SimpleData name="Y">7203901.000000</SimpleData>
	</SchemaData></ExtendedData>
      <Point><coordinates>-57.6341007170744,-25.2799620614579</coordinates></Point>
  </Placemark>
  <Placemark id="inviduos_completos.1102">
	<ExtendedData><SchemaData schemaUrl="#inviduos_completos">
		<SimpleData name="Nº">1102.000000</SimpleData>
		<SimpleData name="Individuo">1102.000000</SimpleData>
		<SimpleData name="X">436160.000000</SimpleData>
		<SimpleData name="Y">7203906.000000</SimpleData>
	</SchemaData></ExtendedData>
      <Point><coordinates>-57.63408061865,-25.2799169958379</coordinates></Point>
  </Placemark>
  <Placemark id="inviduos_completos.1103">
	<ExtendedData><SchemaData schemaUrl="#inviduos_completos">
		<SimpleData name="Nº">1103.000000</SimpleData>
		<SimpleData name="Individuo">1103.000000</SimpleData>
		<SimpleData name="X">436166.000000</SimpleData>
		<SimpleData name="Y">7203922.000000</SimpleData>
	</SchemaData></ExtendedData>
      <Point><coordinates>-57.634020276533,-25.2797727687622</coordinates></Point>
  </Placemark>
  <Placemark id="inviduos_completos.1104">
	<ExtendedData><SchemaData schemaUrl="#inviduos_completos">
		<SimpleData name="Nº">1104.000000</SimpleData>
		<SimpleData name="Individuo">1104.000000</SimpleData>
		<SimpleData name="X">436162.000000</SimpleData>
		<SimpleData name="Y">7203915.000000</SimpleData>
	</SchemaData></ExtendedData>
      <Point><coordinates>-57.6340603324887,-25.2798358094316</coordinates></Point>
  </Placemark>
  <Placemark id="inviduos_completos.1105">
	<ExtendedData><SchemaData schemaUrl="#inviduos_completos">
		<SimpleData name="Nº">1105.000000</SimpleData>
		<SimpleData name="Individuo">1105.000000</SimpleData>
		<SimpleData name="X">436160.000000</SimpleData>
		<SimpleData name="Y">7203911.000000</SimpleData>
	</SchemaData></ExtendedData>
      <Point><coordinates>-57.634080383952,-25.2798718448596</coordinates></Point>
  </Placemark>
  <Placemark id="inviduos_completos.1106">
	<ExtendedData><SchemaData schemaUrl="#inviduos_completos">
		<SimpleData name="Nº">1106.000000</SimpleData>
		<SimpleData name="Individuo">1106.000000</SimpleData>
		<SimpleData name="X">436159.000000</SimpleData>
		<SimpleData name="Y">7203910.000000</SimpleData>
	</SchemaData></ExtendedData>
      <Point><coordinates>-57.6340903627478,-25.2798808323768</coordinates></Point>
  </Placemark>
  <Placemark id="inviduos_completos.1107">
	<ExtendedData><SchemaData schemaUrl="#inviduos_completos">
		<SimpleData name="Nº">1107.000000</SimpleData>
		<SimpleData name="Individuo">1107.000000</SimpleData>
		<SimpleData name="X">436155.000000</SimpleData>
		<SimpleData name="Y">7203905.000000</SimpleData>
	</SchemaData></ExtendedData>
      <Point><coordinates>-57.6341303248893,-25.2799258126339</coordinates></Point>
  </Placemark>
  <Placemark id="inviduos_completos.1108">
	<ExtendedData><SchemaData schemaUrl="#inviduos_completos">
		<SimpleData name="Nº">1108.000000</SimpleData>
		<SimpleData name="Individuo">1108.000000</SimpleData>
		<SimpleData name="X">436151.000000</SimpleData>
		<SimpleData name="Y">7203904.000000</SimpleData>
	</SchemaData></ExtendedData>
      <Point><coordinates>-57.634170099275,-25.2799346720976</coordinates></Point>
  </Placemark>
  <Placemark id="inviduos_completos.1109">
	<ExtendedData><SchemaData schemaUrl="#inviduos_completos">
		<SimpleData name="Nº">1109.000000</SimpleData>
		<SimpleData name="Individuo">1109.000000</SimpleData>
		<SimpleData name="X">436151.000000</SimpleData>
		<SimpleData name="Y">7203900.000000</SimpleData>
	</SchemaData></ExtendedData>
      <Point><coordinates>-57.6341702870604,-25.2799707928793</coordinates></Point>
  </Placemark>
  <Placemark id="inviduos_completos.1110">
	<ExtendedData><SchemaData schemaUrl="#inviduos_completos">
		<SimpleData name="Nº">1110.000000</SimpleData>
		<SimpleData name="Individuo">1110.000000</SimpleData>
		<SimpleData name="X">436151.000000</SimpleData>
		<SimpleData name="Y">7203902.000000</SimpleData>
	</SchemaData></ExtendedData>
      <Point><coordinates>-57.6341701931677,-25.2799527324884</coordinates></Point>
  </Placemark>
  <Placemark id="inviduos_completos.1111">
	<ExtendedData><SchemaData schemaUrl="#inviduos_completos">
		<SimpleData name="Nº">1111.000000</SimpleData>
		<SimpleData name="Individuo">1111.000000</SimpleData>
		<SimpleData name="X">436147.000000</SimpleData>
		<SimpleData name="Y">7203900.000000</SimpleData>
	</SchemaData></ExtendedData>
      <Point><coordinates>-57.6342100145141,-25.2799706221365</coordinates></Point>
  </Placemark>
  <Placemark id="inviduos_completos.1112">
	<ExtendedData><SchemaData schemaUrl="#inviduos_completos">
		<SimpleData name="Nº">1112.000000</SimpleData>
		<SimpleData name="Individuo">1112.000000</SimpleData>
		<SimpleData name="X">436148.000000</SimpleData>
		<SimpleData name="Y">7203899.000000</SimpleData>
	</SchemaData></ExtendedData>
      <Point><coordinates>-57.6342001295994,-25.2799796950185</coordinates></Point>
  </Placemark>
  <Placemark id="inviduos_completos.1113">
	<ExtendedData><SchemaData schemaUrl="#inviduos_completos">
		<SimpleData name="Nº">1113.000000</SimpleData>
		<SimpleData name="Individuo">1113.000000</SimpleData>
		<SimpleData name="X">436145.000000</SimpleData>
		<SimpleData name="Y">7203898.000000</SimpleData>
	</SchemaData></ExtendedData>
      <Point><coordinates>-57.6342299721425,-25.2799885971516</coordinates></Point>
  </Placemark>
  <Placemark id="inviduos_completos.1114">
	<ExtendedData><SchemaData schemaUrl="#inviduos_completos">
		<SimpleData name="Nº">1114.000000</SimpleData>
		<SimpleData name="Individuo">1114.000000</SimpleData>
		<SimpleData name="X">436142.000000</SimpleData>
		<SimpleData name="Y">7203888.000000</SimpleData>
	</SchemaData></ExtendedData>
      <Point><coordinates>-57.6342602372686,-25.2800787710351</coordinates></Point>
  </Placemark>
  <Placemark id="inviduos_completos.1115">
	<ExtendedData><SchemaData schemaUrl="#inviduos_completos">
		<SimpleData name="Nº">1115.000000</SimpleData>
		<SimpleData name="Individuo">1115.000000</SimpleData>
		<SimpleData name="X">436133.000000</SimpleData>
		<SimpleData name="Y">7203883.000000</SimpleData>
	</SchemaData></ExtendedData>
      <Point><coordinates>-57.6343498589163,-25.2801235377674</coordinates></Point>
  </Placemark>
  <Placemark id="inviduos_completos.1116">
	<ExtendedData><SchemaData schemaUrl="#inviduos_completos">
		<SimpleData name="Nº">1116.000000</SimpleData>
		<SimpleData name="Individuo">1116.000000</SimpleData>
		<SimpleData name="X">436130.000000</SimpleData>
		<SimpleData name="Y">7203881.000000</SimpleData>
	</SchemaData></ExtendedData>
      <Point><coordinates>-57.6343797484674,-25.280141470064</coordinates></Point>
  </Placemark>
  <Placemark id="inviduos_completos.1117">
	<ExtendedData><SchemaData schemaUrl="#inviduos_completos">
		<SimpleData name="Nº">1117.000000</SimpleData>
		<SimpleData name="Individuo">1117.000000</SimpleData>
		<SimpleData name="X">436129.000000</SimpleData>
		<SimpleData name="Y">7203879.000000</SimpleData>
	</SchemaData></ExtendedData>
      <Point><coordinates>-57.6343897742704,-25.2801594877546</coordinates></Point>
  </Placemark>
  <Placemark id="inviduos_completos.1118">
	<ExtendedData><SchemaData schemaUrl="#inviduos_completos">
		<SimpleData name="Nº">1118.000000</SimpleData>
		<SimpleData name="Individuo">1118.000000</SimpleData>
		<SimpleData name="X">436128.000000</SimpleData>
		<SimpleData name="Y">7203877.000000</SimpleData>
	</SchemaData></ExtendedData>
      <Point><coordinates>-57.6343998000764,-25.2801775054443</coordinates></Point>
  </Placemark>
  <Placemark id="inviduos_completos.1119">
	<ExtendedData><SchemaData schemaUrl="#inviduos_completos">
		<SimpleData name="Nº">1119.000000</SimpleData>
		<SimpleData name="Individuo">1119.000000</SimpleData>
		<SimpleData name="X">436121.000000</SimpleData>
		<SimpleData name="Y">7203869.000000</SimpleData>
	</SchemaData></ExtendedData>
      <Point><coordinates>-57.6344696989874,-25.2802494480837</coordinates></Point>
  </Placemark>
  <Placemark id="inviduos_completos.1120">
	<ExtendedData><SchemaData schemaUrl="#inviduos_completos">
		<SimpleData name="Nº">1120.000000</SimpleData>
		<SimpleData name="Individuo">1120.000000</SimpleData>
		<SimpleData name="X">436115.000000</SimpleData>
		<SimpleData name="Y">7203862.000000</SimpleData>
	</SchemaData></ExtendedData>
      <Point><coordinates>-57.634529619116,-25.2803124032027</coordinates></Point>
  </Placemark>
  <Placemark id="inviduos_completos.1121">
	<ExtendedData><SchemaData schemaUrl="#inviduos_completos">
		<SimpleData name="Nº">1121.000000</SimpleData>
		<SimpleData name="Individuo">1121.000000</SimpleData>
		<SimpleData name="X">436107.000000</SimpleData>
		<SimpleData name="Y">7203868.000000</SimpleData>
	</SchemaData></ExtendedData>
      <Point><coordinates>-57.6346087923627,-25.2802578803432</coordinates></Point>
  </Placemark>
  <Placemark id="inviduos_completos.1122">
	<ExtendedData><SchemaData schemaUrl="#inviduos_completos">
		<SimpleData name="Nº">1122.000000</SimpleData>
		<SimpleData name="Individuo">1122.000000</SimpleData>
		<SimpleData name="X">436107.000000</SimpleData>
		<SimpleData name="Y">7203881.000000</SimpleData>
	</SchemaData></ExtendedData>
      <Point><coordinates>-57.6346081816314,-25.2801404878166</coordinates></Point>
  </Placemark>
  <Placemark id="inviduos_completos.1123">
	<ExtendedData><SchemaData schemaUrl="#inviduos_completos">
		<SimpleData name="Nº">1123.000000</SimpleData>
		<SimpleData name="Individuo">1123.000000</SimpleData>
		<SimpleData name="X">436107.000000</SimpleData>
		<SimpleData name="Y">7203892.000000</SimpleData>
	</SchemaData></ExtendedData>
      <Point><coordinates>-57.6346076648618,-25.2800411556772</coordinates></Point>
  </Placemark>
  <Placemark id="inviduos_completos.1124">
	<ExtendedData><SchemaData schemaUrl="#inviduos_completos">
		<SimpleData name="Nº">1124.000000</SimpleData>
		<SimpleData name="Individuo">1124.000000</SimpleData>
		<SimpleData name="X">436109.000000</SimpleData>
		<SimpleData name="Y">7203892.000000</SimpleData>
	</SchemaData></ExtendedData>
      <Point><coordinates>-57.6345878011251,-25.2800412411037</coordinates></Point>
  </Placemark>
  <Placemark id="inviduos_completos.1125">
	<ExtendedData><SchemaData schemaUrl="#inviduos_completos">
		<SimpleData name="Nº">1125.000000</SimpleData>
		<SimpleData name="Individuo">1125.000000</SimpleData>
		<SimpleData name="X">436118.000000</SimpleData>
		<SimpleData name="Y">7203894.000000</SimpleData>
	</SchemaData></ExtendedData>
      <Point><coordinates>-57.6344983203669,-25.2800235651003</coordinates></Point>
  </Placemark>
  <Placemark id="inviduos_completos.1126">
	<ExtendedData><SchemaData schemaUrl="#inviduos_completos">
		<SimpleData name="Nº">1126.000000</SimpleData>
		<SimpleData name="Individuo">1126.000000</SimpleData>
		<SimpleData name="X">436124.000000</SimpleData>
		<SimpleData name="Y">7203892.000000</SimpleData>
	</SchemaData></ExtendedData>
      <Point><coordinates>-57.6344388230966,-25.2800418817171</coordinates></Point>
  </Placemark>
  <Placemark id="inviduos_completos.1127">
	<ExtendedData><SchemaData schemaUrl="#inviduos_completos">
		<SimpleData name="Nº">1127.000000</SimpleData>
		<SimpleData name="Individuo">1127.000000</SimpleData>
		<SimpleData name="X">436128.000000</SimpleData>
		<SimpleData name="Y">7203890.000000</SimpleData>
	</SchemaData></ExtendedData>
      <Point><coordinates>-57.6343991895485,-25.2800601129117</coordinates></Point>
  </Placemark>
  <Placemark id="inviduos_completos.1128">
	<ExtendedData><SchemaData schemaUrl="#inviduos_completos">
		<SimpleData name="Nº">1128.000000</SimpleData>
		<SimpleData name="Individuo">1128.000000</SimpleData>
		<SimpleData name="X">436129.000000</SimpleData>
		<SimpleData name="Y">7203898.000000</SimpleData>
	</SchemaData></ExtendedData>
      <Point><coordinates>-57.6343888819764,-25.2799879140516</coordinates></Point>
  </Placemark>
  <Placemark id="inviduos_completos.1129">
	<ExtendedData><SchemaData schemaUrl="#inviduos_completos">
		<SimpleData name="Nº">1129.000000</SimpleData>
		<SimpleData name="Individuo">1129.000000</SimpleData>
		<SimpleData name="X">436126.000000</SimpleData>
		<SimpleData name="Y">7203899.000000</SimpleData>
	</SchemaData></ExtendedData>
      <Point><coordinates>-57.6344186306048,-25.2799787557564</coordinates></Point>
  </Placemark>
  <Placemark id="inviduos_completos.1130">
	<ExtendedData><SchemaData schemaUrl="#inviduos_completos">
		<SimpleData name="Nº">1130.000000</SimpleData>
		<SimpleData name="Individuo">1130.000000</SimpleData>
		<SimpleData name="X">436127.000000</SimpleData>
		<SimpleData name="Y">7203907.000000</SimpleData>
	</SchemaData></ExtendedData>
      <Point><coordinates>-57.6344083230293,-25.279906556897</coordinates></Point>
  </Placemark>
  <Placemark id="inviduos_completos.1131">
	<ExtendedData><SchemaData schemaUrl="#inviduos_completos">
		<SimpleData name="Nº">1131.000000</SimpleData>
		<SimpleData name="Individuo">1131.000000</SimpleData>
		<SimpleData name="X">436131.000000</SimpleData>
		<SimpleData name="Y">7203915.000000</SimpleData>
	</SchemaData></ExtendedData>
      <Point><coordinates>-57.6343682199112,-25.2798344861313</coordinates></Point>
  </Placemark>
  <Placemark id="inviduos_completos.1132">
	<ExtendedData><SchemaData schemaUrl="#inviduos_completos">
		<SimpleData name="Nº">1132.000000</SimpleData>
		<SimpleData name="Individuo">1132.000000</SimpleData>
		<SimpleData name="X">436133.000000</SimpleData>
		<SimpleData name="Y">7203915.000000</SimpleData>
	</SchemaData></ExtendedData>
      <Point><coordinates>-57.6343483562071,-25.2798345715249</coordinates></Point>
  </Placemark>
  <Placemark id="inviduos_completos.1133">
	<ExtendedData><SchemaData schemaUrl="#inviduos_completos">
		<SimpleData name="Nº">1133.000000</SimpleData>
		<SimpleData name="Individuo">1133.000000</SimpleData>
		<SimpleData name="X">436141.000000</SimpleData>
		<SimpleData name="Y">7203918.000000</SimpleData>
	</SchemaData></ExtendedData>
      <Point><coordinates>-57.63426876053,-25.2798078224863</coordinates></Point>
  </Placemark>
  <Placemark id="inviduos_completos.1134">
	<ExtendedData><SchemaData schemaUrl="#inviduos_completos">
		<SimpleData name="Nº">1134.000000</SimpleData>
		<SimpleData name="Individuo">1134.000000</SimpleData>
		<SimpleData name="X">436149.000000</SimpleData>
		<SimpleData name="Y">7203919.000000</SimpleData>
	</SchemaData></ExtendedData>
      <Point><coordinates>-57.6341892587818,-25.2797991337952</coordinates></Point>
  </Placemark>
  <Placemark id="inviduos_completos.1135">
	<ExtendedData><SchemaData schemaUrl="#inviduos_completos">
		<SimpleData name="Nº">1135.000000</SimpleData>
		<SimpleData name="Individuo">1135.000000</SimpleData>
		<SimpleData name="X">436154.000000</SimpleData>
		<SimpleData name="Y">7203921.000000</SimpleData>
	</SchemaData></ExtendedData>
      <Point><coordinates>-57.6341395056467,-25.2797812868223</coordinates></Point>
  </Placemark>
  <Placemark id="inviduos_completos.1136">
	<ExtendedData><SchemaData schemaUrl="#inviduos_completos">
		<SimpleData name="Nº">1136.000000</SimpleData>
		<SimpleData name="Individuo">1136.000000</SimpleData>
		<SimpleData name="X">436154.000000</SimpleData>
		<SimpleData name="Y">7203919.000000</SimpleData>
	</SchemaData></ExtendedData>
      <Point><coordinates>-57.6341395995342,-25.2797993472137</coordinates></Point>
  </Placemark>
  <Placemark id="inviduos_completos.1137">
	<ExtendedData><SchemaData schemaUrl="#inviduos_completos">
		<SimpleData name="Nº">1137.000000</SimpleData>
		<SimpleData name="Individuo">1137.000000</SimpleData>
		<SimpleData name="X">436155.000000</SimpleData>
		<SimpleData name="Y">7203914.000000</SimpleData>
	</SchemaData></ExtendedData>
      <Point><coordinates>-57.6341299024001,-25.2798445408737</coordinates></Point>
  </Placemark>
  <Placemark id="inviduos_completos.1138">
	<ExtendedData><SchemaData schemaUrl="#inviduos_completos">
		<SimpleData name="Nº">1138.000000</SimpleData>
		<SimpleData name="Individuo">1138.000000</SimpleData>
		<SimpleData name="X">436153.000000</SimpleData>
		<SimpleData name="Y">7203913.000000</SimpleData>
	</SchemaData></ExtendedData>
      <Point><coordinates>-57.6341498130512,-25.279853485705</coordinates></Point>
  </Placemark>
  <Placemark id="inviduos_completos.1139">
	<ExtendedData><SchemaData schemaUrl="#inviduos_completos">
		<SimpleData name="Nº">1139.000000</SimpleData>
		<SimpleData name="Individuo">1139.000000</SimpleData>
		<SimpleData name="X">436154.000000</SimpleData>
		<SimpleData name="Y">7203911.000000</SimpleData>
	</SchemaData></ExtendedData>
      <Point><coordinates>-57.6341399750851,-25.2798715887787</coordinates></Point>
  </Placemark>
  <Placemark id="inviduos_completos.1140">
	<ExtendedData><SchemaData schemaUrl="#inviduos_completos">
		<SimpleData name="Nº">1140.000000</SimpleData>
		<SimpleData name="Individuo">1140.000000</SimpleData>
		<SimpleData name="X">436152.000000</SimpleData>
		<SimpleData name="Y">7203910.000000</SimpleData>
	</SchemaData></ExtendedData>
      <Point><coordinates>-57.6341598857414,-25.2798805336085</coordinates></Point>
  </Placemark>
  <Placemark id="inviduos_completos.1141">
	<ExtendedData><SchemaData schemaUrl="#inviduos_completos">
		<SimpleData name="Nº">1141.000000</SimpleData>
		<SimpleData name="Individuo">1141.000000</SimpleData>
		<SimpleData name="X">436151.000000</SimpleData>
		<SimpleData name="Y">7203908.000000</SimpleData>
	</SchemaData></ExtendedData>
      <Point><coordinates>-57.6341699114899,-25.2798985513157</coordinates></Point>
  </Placemark>
  <Placemark id="inviduos_completos.1142">
	<ExtendedData><SchemaData schemaUrl="#inviduos_completos">
		<SimpleData name="Nº">1142.000000</SimpleData>
		<SimpleData name="Individuo">1142.000000</SimpleData>
		<SimpleData name="X">436149.000000</SimpleData>
		<SimpleData name="Y">7203908.000000</SimpleData>
	</SchemaData></ExtendedData>
      <Point><coordinates>-57.634189775205,-25.2798984659459</coordinates></Point>
  </Placemark>
  <Placemark id="inviduos_completos.1143">
	<ExtendedData><SchemaData schemaUrl="#inviduos_completos">
		<SimpleData name="Nº">1143.000000</SimpleData>
		<SimpleData name="Individuo">1143.000000</SimpleData>
		<SimpleData name="X">436151.000000</SimpleData>
		<SimpleData name="Y">7203911.000000</SimpleData>
	</SchemaData></ExtendedData>
      <Point><coordinates>-57.6341697706513,-25.2798714607292</coordinates></Point>
  </Placemark>
  <Placemark id="inviduos_completos.1144">
	<ExtendedData><SchemaData schemaUrl="#inviduos_completos">
		<SimpleData name="Nº">1144.000000</SimpleData>
		<SimpleData name="Individuo">1144.000000</SimpleData>
		<SimpleData name="X">436141.000000</SimpleData>
		<SimpleData name="Y">7203900.000000</SimpleData>
	</SchemaData></ExtendedData>
      <Point><coordinates>-57.634269605694,-25.2799703660023</coordinates></Point>
  </Placemark>
  <Placemark id="inviduos_completos.1145">
	<ExtendedData><SchemaData schemaUrl="#inviduos_completos">
		<SimpleData name="Nº">1145.000000</SimpleData>
		<SimpleData name="Individuo">1145.000000</SimpleData>
		<SimpleData name="X">436136.000000</SimpleData>
		<SimpleData name="Y">7203899.000000</SimpleData>
	</SchemaData></ExtendedData>
      <Point><coordinates>-57.6343193119673,-25.2799791827338</coordinates></Point>
  </Placemark>
  <Placemark id="inviduos_completos.1146">
	<ExtendedData><SchemaData schemaUrl="#inviduos_completos">
		<SimpleData name="Nº">1146.000000</SimpleData>
		<SimpleData name="Individuo">1146.000000</SimpleData>
		<SimpleData name="X">436137.000000</SimpleData>
		<SimpleData name="Y">7203900.000000</SimpleData>
	</SchemaData></ExtendedData>
      <Point><coordinates>-57.6343093331467,-25.2799701952327</coordinates></Point>
  </Placemark>
  <Placemark id="inviduos_completos.1147">
	<ExtendedData><SchemaData schemaUrl="#inviduos_completos">
		<SimpleData name="Nº">1147.000000</SimpleData>
		<SimpleData name="Individuo">1147.000000</SimpleData>
		<SimpleData name="X">436136.000000</SimpleData>
		<SimpleData name="Y">7203901.000000</SimpleData>
	</SchemaData></ExtendedData>
      <Point><coordinates>-57.6343192180525,-25.2799611223435</coordinates></Point>
  </Placemark>
  <Placemark id="inviduos_completos.1148">
	<ExtendedData><SchemaData schemaUrl="#inviduos_completos">
		<SimpleData name="Nº">1148.000000</SimpleData>
		<SimpleData name="Individuo">1148.000000</SimpleData>
		<SimpleData name="X">436104.000000</SimpleData>
		<SimpleData name="Y">7203891.000000</SimpleData>
	</SchemaData></ExtendedData>
      <Point><coordinates>-57.6346375074479,-25.280050057727</coordinates></Point>
  </Placemark>
  <Placemark id="inviduos_completos.1149">
	<ExtendedData><SchemaData schemaUrl="#inviduos_completos">
		<SimpleData name="Nº">1149.000000</SimpleData>
		<SimpleData name="Individuo">1149.000000</SimpleData>
		<SimpleData name="X">436104.000000</SimpleData>
		<SimpleData name="Y">7203879.000000</SimpleData>
	</SchemaData></ExtendedData>
      <Point><coordinates>-57.6346380712235,-25.28015842006</coordinates></Point>
  </Placemark>
  <Placemark id="inviduos_completos.1150">
	<ExtendedData><SchemaData schemaUrl="#inviduos_completos">
		<SimpleData name="Nº">1150.000000</SimpleData>
		<SimpleData name="Individuo">1150.000000</SimpleData>
		<SimpleData name="X">436092.000000</SimpleData>
		<SimpleData name="Y">7203862.000000</SimpleData>
	</SchemaData></ExtendedData>
      <Point><coordinates>-57.6347580525935,-25.2803114207171</coordinates></Point>
  </Placemark>
  <Placemark id="inviduos_completos.1151">
	<ExtendedData><SchemaData schemaUrl="#inviduos_completos">
		<SimpleData name="Nº">1151.000000</SimpleData>
		<SimpleData name="Individuo">1151.000000</SimpleData>
		<SimpleData name="X">436092.000000</SimpleData>
		<SimpleData name="Y">7203863.000000</SimpleData>
	</SchemaData></ExtendedData>
      <Point><coordinates>-57.6347580056029,-25.2803023905231</coordinates></Point>
  </Placemark>
  <Placemark id="inviduos_completos.1152">
	<ExtendedData><SchemaData schemaUrl="#inviduos_completos">
		<SimpleData name="Nº">1152.000000</SimpleData>
		<SimpleData name="Individuo">1152.000000</SimpleData>
		<SimpleData name="X">436091.000000</SimpleData>
		<SimpleData name="Y">7203863.000000</SimpleData>
	</SchemaData></ExtendedData>
      <Point><coordinates>-57.6347679374922,-25.2803023477983</coordinates></Point>
  </Placemark>
  <Placemark id="inviduos_completos.1153">
	<ExtendedData><SchemaData schemaUrl="#inviduos_completos">
		<SimpleData name="Nº">1153.000000</SimpleData>
		<SimpleData name="Individuo">1153.000000</SimpleData>
		<SimpleData name="X">436085.000000</SimpleData>
		<SimpleData name="Y">7203869.000000</SimpleData>
	</SchemaData></ExtendedData>
      <Point><coordinates>-57.6348272468535,-25.2802479102724</coordinates></Point>
  </Placemark>
  <Placemark id="inviduos_completos.1154">
	<ExtendedData><SchemaData schemaUrl="#inviduos_completos">
		<SimpleData name="Nº">1154.000000</SimpleData>
		<SimpleData name="Individuo">1154.000000</SimpleData>
		<SimpleData name="X">436084.000000</SimpleData>
		<SimpleData name="Y">7203867.000000</SimpleData>
	</SchemaData></ExtendedData>
      <Point><coordinates>-57.634837272731,-25.2802659279308</coordinates></Point>
  </Placemark>
  <Placemark id="inviduos_completos.1155">
	<ExtendedData><SchemaData schemaUrl="#inviduos_completos">
		<SimpleData name="Nº">1155.000000</SimpleData>
		<SimpleData name="Individuo">1155.000000</SimpleData>
		<SimpleData name="X">436080.000000</SimpleData>
		<SimpleData name="Y">7203872.000000</SimpleData>
	</SchemaData></ExtendedData>
      <Point><coordinates>-57.6348767652792,-25.2802206060375</coordinates></Point>
  </Placemark>
  <Placemark id="inviduos_completos.1156">
	<ExtendedData><SchemaData schemaUrl="#inviduos_completos">
		<SimpleData name="Nº">1156.000000</SimpleData>
		<SimpleData name="Individuo">1156.000000</SimpleData>
		<SimpleData name="X">436079.000000</SimpleData>
		<SimpleData name="Y">7203874.000000</SimpleData>
	</SchemaData></ExtendedData>
      <Point><coordinates>-57.6348866031618,-25.2802025029171</coordinates></Point>
  </Placemark>
  <Placemark id="inviduos_completos.1157">
	<ExtendedData><SchemaData schemaUrl="#inviduos_completos">
		<SimpleData name="Nº">1157.000000</SimpleData>
		<SimpleData name="Individuo">1157.000000</SimpleData>
		<SimpleData name="X">436085.000000</SimpleData>
		<SimpleData name="Y">7203881.000000</SimpleData>
	</SchemaData></ExtendedData>
      <Point><coordinates>-57.6348266829076,-25.2801395479447</coordinates></Point>
  </Placemark>
  <Placemark id="inviduos_completos.1158">
	<ExtendedData><SchemaData schemaUrl="#inviduos_completos">
		<SimpleData name="Nº">1158.000000</SimpleData>
		<SimpleData name="Individuo">1158.000000</SimpleData>
		<SimpleData name="X">436088.000000</SimpleData>
		<SimpleData name="Y">7203883.000000</SimpleData>
	</SchemaData></ExtendedData>
      <Point><coordinates>-57.6347967932934,-25.2801216157399</coordinates></Point>
  </Placemark>
  <Placemark id="inviduos_completos.1159">
	<ExtendedData><SchemaData schemaUrl="#inviduos_completos">
		<SimpleData name="Nº">1159.000000</SimpleData>
		<SimpleData name="Individuo">1159.000000</SimpleData>
		<SimpleData name="X">436088.000000</SimpleData>
		<SimpleData name="Y">7203882.000000</SimpleData>
	</SchemaData></ExtendedData>
      <Point><coordinates>-57.6347968402866,-25.280130645934</coordinates></Point>
  </Placemark>
  <Placemark id="inviduos_completos.1160">
	<ExtendedData><SchemaData schemaUrl="#inviduos_completos">
		<SimpleData name="Nº">1160.000000</SimpleData>
		<SimpleData name="Individuo">1160.000000</SimpleData>
		<SimpleData name="X">436091.000000</SimpleData>
		<SimpleData name="Y">7203879.000000</SimpleData>
	</SchemaData></ExtendedData>
      <Point><coordinates>-57.6347671856335,-25.2801578646937</coordinates></Point>
  </Placemark>
  <Placemark id="inviduos_completos.1161">
	<ExtendedData><SchemaData schemaUrl="#inviduos_completos">
		<SimpleData name="Nº">1161.000000</SimpleData>
		<SimpleData name="Individuo">1161.000000</SimpleData>
		<SimpleData name="X">436087.000000</SimpleData>
		<SimpleData name="Y">7203879.000000</SimpleData>
	</SchemaData></ExtendedData>
      <Point><coordinates>-57.6348069131435,-25.2801576937891</coordinates></Point>
  </Placemark>
  <Placemark id="inviduos_completos.1162">
	<ExtendedData><SchemaData schemaUrl="#inviduos_completos">
		<SimpleData name="Nº">1162.000000</SimpleData>
		<SimpleData name="Individuo">1162.000000</SimpleData>
		<SimpleData name="X">436093.000000</SimpleData>
		<SimpleData name="Y">7203894.000000</SimpleData>
	</SchemaData></ExtendedData>
      <Point><coordinates>-57.6347466170381,-25.2800224972284</coordinates></Point>
  </Placemark>
  <Placemark id="inviduos_completos.1163">
	<ExtendedData><SchemaData schemaUrl="#inviduos_completos">
		<SimpleData name="Nº">1163.000000</SimpleData>
		<SimpleData name="Individuo">1163.000000</SimpleData>
		<SimpleData name="X">436095.000000</SimpleData>
		<SimpleData name="Y">7203896.000000</SimpleData>
	</SchemaData></ExtendedData>
      <Point><coordinates>-57.6347266593296,-25.2800045222848</coordinates></Point>
  </Placemark>
  <Placemark id="inviduos_completos.1164">
	<ExtendedData><SchemaData schemaUrl="#inviduos_completos">
		<SimpleData name="Nº">1164.000000</SimpleData>
		<SimpleData name="Individuo">1164.000000</SimpleData>
		<SimpleData name="X">436094.000000</SimpleData>
		<SimpleData name="Y">7203901.000000</SimpleData>
	</SchemaData></ExtendedData>
      <Point><coordinates>-57.634736356253,-25.2799593285906</coordinates></Point>
  </Placemark>
  <Placemark id="inviduos_completos.1165">
	<ExtendedData><SchemaData schemaUrl="#inviduos_completos">
		<SimpleData name="Nº">1165.000000</SimpleData>
		<SimpleData name="Individuo">1165.000000</SimpleData>
		<SimpleData name="X">436088.000000</SimpleData>
		<SimpleData name="Y">7203900.000000</SimpleData>
	</SchemaData></ExtendedData>
      <Point><coordinates>-57.6347959944139,-25.2799681024382</coordinates></Point>
  </Placemark>
  <Placemark id="inviduos_completos.1166">
	<ExtendedData><SchemaData schemaUrl="#inviduos_completos">
		<SimpleData name="Nº">1166.000000</SimpleData>
		<SimpleData name="Individuo">1166.000000</SimpleData>
		<SimpleData name="X">436081.000000</SimpleData>
		<SimpleData name="Y">7203892.000000</SimpleData>
	</SchemaData></ExtendedData>
      <Point><coordinates>-57.6348658934313,-25.2800400448897</coordinates></Point>
  </Placemark>
  <Placemark id="inviduos_completos.1167">
	<ExtendedData><SchemaData schemaUrl="#inviduos_completos">
		<SimpleData name="Nº">1167.000000</SimpleData>
		<SimpleData name="Individuo">1167.000000</SimpleData>
		<SimpleData name="X">436076.000000</SimpleData>
		<SimpleData name="Y">7203885.000000</SimpleData>
	</SchemaData></ExtendedData>
      <Point><coordinates>-57.6349158817825,-25.2801030425827</coordinates></Point>
  </Placemark>
  <Placemark id="inviduos_completos.1168">
	<ExtendedData><SchemaData schemaUrl="#inviduos_completos">
		<SimpleData name="Nº">1168.000000</SimpleData>
		<SimpleData name="Individuo">1168.000000</SimpleData>
		<SimpleData name="X">436075.000000</SimpleData>
		<SimpleData name="Y">7203881.000000</SimpleData>
	</SchemaData></ExtendedData>
      <Point><coordinates>-57.6349260016659,-25.2801391206232</coordinates></Point>
  </Placemark>
  <Placemark id="inviduos_completos.1169">
	<ExtendedData><SchemaData schemaUrl="#inviduos_completos">
		<SimpleData name="Nº">1169.000000</SimpleData>
		<SimpleData name="Individuo">1169.000000</SimpleData>
		<SimpleData name="X">436069.000000</SimpleData>
		<SimpleData name="Y">7203884.000000</SimpleData>
	</SchemaData></ExtendedData>
      <Point><coordinates>-57.6349854518985,-25.2801117736169</coordinates></Point>
  </Placemark>
  <Placemark id="inviduos_completos.1170">
	<ExtendedData><SchemaData schemaUrl="#inviduos_completos">
		<SimpleData name="Nº">1170.000000</SimpleData>
		<SimpleData name="Individuo">1170.000000</SimpleData>
		<SimpleData name="X">436063.000000</SimpleData>
		<SimpleData name="Y">7203887.000000</SimpleData>
	</SchemaData></ExtendedData>
      <Point><coordinates>-57.6350449021041,-25.2800844265871</coordinates></Point>
  </Placemark>
  <Placemark id="inviduos_completos.1171">
	<ExtendedData><SchemaData schemaUrl="#inviduos_completos">
		<SimpleData name="Nº">1171.000000</SimpleData>
		<SimpleData name="Individuo">1171.000000</SimpleData>
		<SimpleData name="X">436056.000000</SimpleData>
		<SimpleData name="Y">7203895.000000</SimpleData>
	</SchemaData></ExtendedData>
      <Point><coordinates>-57.6351140490692,-25.2800118858177</coordinates></Point>
  </Placemark>
  <Placemark id="inviduos_completos.1172">
	<ExtendedData><SchemaData schemaUrl="#inviduos_completos">
		<SimpleData name="Nº">1172.000000</SimpleData>
		<SimpleData name="Individuo">1172.000000</SimpleData>
		<SimpleData name="X">436068.000000</SimpleData>
		<SimpleData name="Y">7203902.000000</SimpleData>
	</SchemaData></ExtendedData>
      <Point><coordinates>-57.6349945376355,-25.2799491873873</coordinates></Point>
  </Placemark>
  <Placemark id="inviduos_completos.1173">
	<ExtendedData><SchemaData schemaUrl="#inviduos_completos">
		<SimpleData name="Nº">1173.000000</SimpleData>
		<SimpleData name="Individuo">1173.000000</SimpleData>
		<SimpleData name="X">436082.000000</SimpleData>
		<SimpleData name="Y">7203903.000000</SimpleData>
	</SchemaData></ExtendedData>
      <Point><coordinates>-57.6348554445945,-25.2799407554847</coordinates></Point>
  </Placemark>
  <Placemark id="inviduos_completos.1174">
	<ExtendedData><SchemaData schemaUrl="#inviduos_completos">
		<SimpleData name="Nº">1174.000000</SimpleData>
		<SimpleData name="Individuo">1174.000000</SimpleData>
		<SimpleData name="X">436091.000000</SimpleData>
		<SimpleData name="Y">7203908.000000</SimpleData>
	</SchemaData></ExtendedData>
      <Point><coordinates>-57.6347658229043,-25.2798959890594</coordinates></Point>
  </Placemark>
  <Placemark id="inviduos_completos.1175">
	<ExtendedData><SchemaData schemaUrl="#inviduos_completos">
		<SimpleData name="Nº">1175.000000</SimpleData>
		<SimpleData name="Individuo">1175.000000</SimpleData>
		<SimpleData name="X">436085.000000</SimpleData>
		<SimpleData name="Y">7203910.000000</SimpleData>
	</SchemaData></ExtendedData>
      <Point><coordinates>-57.6348253200519,-25.2798776723127</coordinates></Point>
  </Placemark>
  <Placemark id="inviduos_completos.1176">
	<ExtendedData><SchemaData schemaUrl="#inviduos_completos">
		<SimpleData name="Nº">1176.000000</SimpleData>
		<SimpleData name="Individuo">1176.000000</SimpleData>
		<SimpleData name="X">436083.000000</SimpleData>
		<SimpleData name="Y">7203908.000000</SimpleData>
	</SchemaData></ExtendedData>
      <Point><coordinates>-57.6348452777534,-25.2798956472434</coordinates></Point>
  </Placemark>
  <Placemark id="inviduos_completos.1177">
	<ExtendedData><SchemaData schemaUrl="#inviduos_completos">
		<SimpleData name="Nº">1177.000000</SimpleData>
		<SimpleData name="Individuo">1177.000000</SimpleData>
		<SimpleData name="X">436071.000000</SimpleData>
		<SimpleData name="Y">7203907.000000</SimpleData>
	</SchemaData></ExtendedData>
      <Point><coordinates>-57.6349645070294,-25.2799041646333</coordinates></Point>
  </Placemark>
  <Placemark id="inviduos_completos.1178">
	<ExtendedData><SchemaData schemaUrl="#inviduos_completos">
		<SimpleData name="Nº">1178.000000</SimpleData>
		<SimpleData name="Individuo">1178.000000</SimpleData>
		<SimpleData name="X">436063.000000</SimpleData>
		<SimpleData name="Y">7203905.000000</SimpleData>
	</SchemaData></ExtendedData>
      <Point><coordinates>-57.6350440559027,-25.2799218830982</coordinates></Point>
  </Placemark>
  <Placemark id="inviduos_completos.1179">
	<ExtendedData><SchemaData schemaUrl="#inviduos_completos">
		<SimpleData name="Nº">1179.000000</SimpleData>
		<SimpleData name="Individuo">1179.000000</SimpleData>
		<SimpleData name="X">436059.000000</SimpleData>
		<SimpleData name="Y">7203901.000000</SimpleData>
	</SchemaData></ExtendedData>
      <Point><coordinates>-57.6350839713896,-25.2799578328958</coordinates></Point>
  </Placemark>
  <Placemark id="inviduos_completos.1180">
	<ExtendedData><SchemaData schemaUrl="#inviduos_completos">
		<SimpleData name="Nº">1180.000000</SimpleData>
		<SimpleData name="Individuo">1180.000000</SimpleData>
		<SimpleData name="X">436053.000000</SimpleData>
		<SimpleData name="Y">7203902.000000</SimpleData>
	</SchemaData></ExtendedData>
      <Point><coordinates>-57.6351435155347,-25.2799485462151</coordinates></Point>
  </Placemark>
  <Placemark id="inviduos_completos.1181">
	<ExtendedData><SchemaData schemaUrl="#inviduos_completos">
		<SimpleData name="Nº">1181.000000</SimpleData>
		<SimpleData name="Individuo">1181.000000</SimpleData>
		<SimpleData name="X">436053.000000</SimpleData>
		<SimpleData name="Y">7203904.000000</SimpleData>
	</SchemaData></ExtendedData>
      <Point><coordinates>-57.6351434214979,-25.2799304858276</coordinates></Point>
  </Placemark>
  <Placemark id="inviduos_completos.1182">
	<ExtendedData><SchemaData schemaUrl="#inviduos_completos">
		<SimpleData name="Nº">1182.000000</SimpleData>
		<SimpleData name="Individuo">1182.000000</SimpleData>
		<SimpleData name="X">436055.000000</SimpleData>
		<SimpleData name="Y">7203906.000000</SimpleData>
	</SchemaData></ExtendedData>
      <Point><coordinates>-57.6351234637475,-25.2799125109383</coordinates></Point>
  </Placemark>
  <Placemark id="inviduos_completos.1183">
	<ExtendedData><SchemaData schemaUrl="#inviduos_completos">
		<SimpleData name="Nº">1183.000000</SimpleData>
		<SimpleData name="Individuo">1183.000000</SimpleData>
		<SimpleData name="X">436060.000000</SimpleData>
		<SimpleData name="Y">7203910.000000</SimpleData>
	</SchemaData></ExtendedData>
      <Point><coordinates>-57.6350736164104,-25.2798766038964</coordinates></Point>
  </Placemark>
  <Placemark id="inviduos_completos.1184">
	<ExtendedData><SchemaData schemaUrl="#inviduos_completos">
		<SimpleData name="Nº">1184.000000</SimpleData>
		<SimpleData name="Individuo">1184.000000</SimpleData>
		<SimpleData name="X">436061.000000</SimpleData>
		<SimpleData name="Y">7203910.000000</SimpleData>
	</SchemaData></ExtendedData>
      <Point><coordinates>-57.6350636845563,-25.279876646641</coordinates></Point>
  </Placemark>
  <Placemark id="inviduos_completos.1185">
	<ExtendedData><SchemaData schemaUrl="#inviduos_completos">
		<SimpleData name="Nº">1185.000000</SimpleData>
		<SimpleData name="Individuo">1185.000000</SimpleData>
		<SimpleData name="X">436064.000000</SimpleData>
		<SimpleData name="Y">7203914.000000</SimpleData>
	</SchemaData></ExtendedData>
      <Point><coordinates>-57.6350337009536,-25.2798406540949</coordinates></Point>
  </Placemark>
  <Placemark id="inviduos_completos.1186">
	<ExtendedData><SchemaData schemaUrl="#inviduos_completos">
		<SimpleData name="Nº">1186.000000</SimpleData>
		<SimpleData name="Individuo">1186.000000</SimpleData>
		<SimpleData name="X">436068.000000</SimpleData>
		<SimpleData name="Y">7203915.000000</SimpleData>
	</SchemaData></ExtendedData>
      <Point><coordinates>-57.6349939265415,-25.2798317948645</coordinates></Point>
  </Placemark>
  <Placemark id="inviduos_completos.1187">
	<ExtendedData><SchemaData schemaUrl="#inviduos_completos">
		<SimpleData name="Nº">1187.000000</SimpleData>
		<SimpleData name="Individuo">1187.000000</SimpleData>
		<SimpleData name="X">436068.000000</SimpleData>
		<SimpleData name="Y">7203922.000000</SimpleData>
	</SchemaData></ExtendedData>
      <Point><coordinates>-57.6349935974925,-25.2797685835054</coordinates></Point>
  </Placemark>
  <Placemark id="inviduos_completos.1188">
	<ExtendedData><SchemaData schemaUrl="#inviduos_completos">
		<SimpleData name="Nº">1188.000000</SimpleData>
		<SimpleData name="Individuo">1188.000000</SimpleData>
		<SimpleData name="X">436069.000000</SimpleData>
		<SimpleData name="Y">7203920.000000</SimpleData>
	</SchemaData></ExtendedData>
      <Point><coordinates>-57.6349837596595,-25.2797866866329</coordinates></Point>
  </Placemark>
  <Placemark id="inviduos_completos.1189">
	<ExtendedData><SchemaData schemaUrl="#inviduos_completos">
		<SimpleData name="Nº">1189.000000</SimpleData>
		<SimpleData name="Individuo">1189.000000</SimpleData>
		<SimpleData name="X">436071.000000</SimpleData>
		<SimpleData name="Y">7203920.000000</SimpleData>
	</SchemaData></ExtendedData>
      <Point><coordinates>-57.6349638959656,-25.2797867721092</coordinates></Point>
  </Placemark>
  <Placemark id="inviduos_completos.1190">
	<ExtendedData><SchemaData schemaUrl="#inviduos_completos">
		<SimpleData name="Nº">1190.000000</SimpleData>
		<SimpleData name="Individuo">1190.000000</SimpleData>
		<SimpleData name="X">436070.000000</SimpleData>
		<SimpleData name="Y">7203920.000000</SimpleData>
	</SchemaData></ExtendedData>
      <Point><coordinates>-57.6349738278125,-25.2797867293714</coordinates></Point>
  </Placemark>
  <Placemark id="inviduos_completos.1191">
	<ExtendedData><SchemaData schemaUrl="#inviduos_completos">
		<SimpleData name="Nº">1191.000000</SimpleData>
		<SimpleData name="Individuo">1191.000000</SimpleData>
		<SimpleData name="X">436075.000000</SimpleData>
		<SimpleData name="Y">7203922.000000</SimpleData>
	</SchemaData></ExtendedData>
      <Point><coordinates>-57.634924074574,-25.2797688826652</coordinates></Point>
  </Placemark>
  <Placemark id="inviduos_completos.1192">
	<ExtendedData><SchemaData schemaUrl="#inviduos_completos">
		<SimpleData name="Nº">1192.000000</SimpleData>
		<SimpleData name="Individuo">1192.000000</SimpleData>
		<SimpleData name="X">436075.000000</SimpleData>
		<SimpleData name="Y">7203924.000000</SimpleData>
	</SchemaData></ExtendedData>
      <Point><coordinates>-57.6349239805705,-25.2797508222765</coordinates></Point>
  </Placemark>
  <Placemark id="inviduos_completos.1193">
	<ExtendedData><SchemaData schemaUrl="#inviduos_completos">
		<SimpleData name="Nº">1193.000000</SimpleData>
		<SimpleData name="Individuo">1193.000000</SimpleData>
		<SimpleData name="X">436077.000000</SimpleData>
		<SimpleData name="Y">7203923.000000</SimpleData>
	</SchemaData></ExtendedData>
      <Point><coordinates>-57.6349041638825,-25.279759937939</coordinates></Point>
  </Placemark>
  <Placemark id="inviduos_completos.1194">
	<ExtendedData><SchemaData schemaUrl="#inviduos_completos">
		<SimpleData name="Nº">1194.000000</SimpleData>
		<SimpleData name="Individuo">1194.000000</SimpleData>
		<SimpleData name="X">436077.000000</SimpleData>
		<SimpleData name="Y">7203921.000000</SimpleData>
	</SchemaData></ExtendedData>
      <Point><coordinates>-57.6349042578831,-25.2797779983277</coordinates></Point>
  </Placemark>
  <Placemark id="inviduos_completos.1195">
	<ExtendedData><SchemaData schemaUrl="#inviduos_completos">
		<SimpleData name="Nº">1195.000000</SimpleData>
		<SimpleData name="Individuo">1195.000000</SimpleData>
		<SimpleData name="X">436075.000000</SimpleData>
		<SimpleData name="Y">7203926.000000</SimpleData>
	</SchemaData></ExtendedData>
      <Point><coordinates>-57.6349238865671,-25.2797327618878</coordinates></Point>
  </Placemark>
  <Placemark id="inviduos_completos.1196">
	<ExtendedData><SchemaData schemaUrl="#inviduos_completos">
		<SimpleData name="Nº">1196.000000</SimpleData>
		<SimpleData name="Individuo">1196.000000</SimpleData>
		<SimpleData name="X">436076.000000</SimpleData>
		<SimpleData name="Y">7203927.000000</SimpleData>
	</SchemaData></ExtendedData>
      <Point><coordinates>-57.6349139077235,-25.2797237744277</coordinates></Point>
  </Placemark>
  <Placemark id="inviduos_completos.1197">
	<ExtendedData><SchemaData schemaUrl="#inviduos_completos">
		<SimpleData name="Nº">1197.000000</SimpleData>
		<SimpleData name="Individuo">1197.000000</SimpleData>
		<SimpleData name="X">436078.000000</SimpleData>
		<SimpleData name="Y">7203927.000000</SimpleData>
	</SchemaData></ExtendedData>
      <Point><coordinates>-57.6348940440396,-25.2797238598944</coordinates></Point>
  </Placemark>
  <Placemark id="inviduos_completos.1198">
	<ExtendedData><SchemaData schemaUrl="#inviduos_completos">
		<SimpleData name="Nº">1198.000000</SimpleData>
		<SimpleData name="Individuo">1198.000000</SimpleData>
		<SimpleData name="X">436077.000000</SimpleData>
		<SimpleData name="Y">7203925.000000</SimpleData>
	</SchemaData></ExtendedData>
      <Point><coordinates>-57.634904069882,-25.2797418775502</coordinates></Point>
  </Placemark>
  <Placemark id="inviduos_completos.1199">
	<ExtendedData><SchemaData schemaUrl="#inviduos_completos">
		<SimpleData name="Nº">1199.000000</SimpleData>
		<SimpleData name="Individuo">1199.000000</SimpleData>
		<SimpleData name="X">436074.000000</SimpleData>
		<SimpleData name="Y">7203930.000000</SimpleData>
	</SchemaData></ExtendedData>
      <Point><coordinates>-57.6349336304002,-25.2796965983752</coordinates></Point>
  </Placemark>
  <Placemark id="inviduos_completos.1200">
	<ExtendedData><SchemaData schemaUrl="#inviduos_completos">
		<SimpleData name="Nº">1200.000000</SimpleData>
		<SimpleData name="Individuo">1200.000000</SimpleData>
		<SimpleData name="X">436082.000000</SimpleData>
		<SimpleData name="Y">7203931.000000</SimpleData>
	</SchemaData></ExtendedData>
      <Point><coordinates>-57.6348541286857,-25.2796879100417</coordinates></Point>
  </Placemark>
  <Placemark id="inviduos_completos.1201">
	<ExtendedData><SchemaData schemaUrl="#inviduos_completos">
		<SimpleData name="Nº">1201.000000</SimpleData>
		<SimpleData name="Individuo">1201.000000</SimpleData>
		<SimpleData name="X">436085.000000</SimpleData>
		<SimpleData name="Y">7203927.000000</SimpleData>
	</SchemaData></ExtendedData>
      <Point><coordinates>-57.6348245211453,-25.2797241590069</coordinates></Point>
  </Placemark>
  <Placemark id="inviduos_completos.1202">
	<ExtendedData><SchemaData schemaUrl="#inviduos_completos">
		<SimpleData name="Nº">1202.000000</SimpleData>
		<SimpleData name="Individuo">1202.000000</SimpleData>
		<SimpleData name="X">436109.000000</SimpleData>
		<SimpleData name="Y">7203935.000000</SimpleData>
	</SchemaData></ExtendedData>
      <Point><coordinates>-57.6345857811151,-25.2796529427263</coordinates></Point>
  </Placemark>
  <Placemark id="inviduos_completos.1203">
	<ExtendedData><SchemaData schemaUrl="#inviduos_completos">
		<SimpleData name="Nº">1203.000000</SimpleData>
		<SimpleData name="Individuo">1203.000000</SimpleData>
		<SimpleData name="X">436107.000000</SimpleData>
		<SimpleData name="Y">7203934.000000</SimpleData>
	</SchemaData></ExtendedData>
      <Point><coordinates>-57.6346056917666,-25.2796618874963</coordinates></Point>
  </Placemark>
  <Placemark id="inviduos_completos.1204">
	<ExtendedData><SchemaData schemaUrl="#inviduos_completos">
		<SimpleData name="Nº">1204.000000</SimpleData>
		<SimpleData name="Individuo">1204.000000</SimpleData>
		<SimpleData name="X">436105.000000</SimpleData>
		<SimpleData name="Y">7203933.000000</SimpleData>
	</SchemaData></ExtendedData>
      <Point><coordinates>-57.634625602421,-25.2796708322636</coordinates></Point>
  </Placemark>
  <Placemark id="inviduos_completos.1205">
	<ExtendedData><SchemaData schemaUrl="#inviduos_completos">
		<SimpleData name="Nº">1205.000000</SimpleData>
		<SimpleData name="Individuo">1205.000000</SimpleData>
		<SimpleData name="X">436103.000000</SimpleData>
		<SimpleData name="Y">7203933.000000</SimpleData>
	</SchemaData></ExtendedData>
      <Point><coordinates>-57.6346454660973,-25.2796707468332</coordinates></Point>
  </Placemark>
  <Placemark id="inviduos_completos.1206">
	<ExtendedData><SchemaData schemaUrl="#inviduos_completos">
		<SimpleData name="Nº">1206.000000</SimpleData>
		<SimpleData name="Individuo">1206.000000</SimpleData>
		<SimpleData name="X">436100.000000</SimpleData>
		<SimpleData name="Y">7203930.000000</SimpleData>
	</SchemaData></ExtendedData>
      <Point><coordinates>-57.6346754025611,-25.2796977092672</coordinates></Point>
  </Placemark>
  <Placemark id="inviduos_completos.1207">
	<ExtendedData><SchemaData schemaUrl="#inviduos_completos">
		<SimpleData name="Nº">1207.000000</SimpleData>
		<SimpleData name="Individuo">1207.000000</SimpleData>
		<SimpleData name="X">436099.000000</SimpleData>
		<SimpleData name="Y">7203927.000000</SimpleData>
	</SchemaData></ExtendedData>
      <Point><coordinates>-57.6346854753533,-25.2797247571334</coordinates></Point>
  </Placemark>
  <Placemark id="inviduos_completos.1208">
	<ExtendedData><SchemaData schemaUrl="#inviduos_completos">
		<SimpleData name="Nº">1208.000000</SimpleData>
		<SimpleData name="Individuo">1208.000000</SimpleData>
		<SimpleData name="X">436096.000000</SimpleData>
		<SimpleData name="Y">7203930.000000</SimpleData>
	</SchemaData></ExtendedData>
      <Point><coordinates>-57.634715129922,-25.2796975383902</coordinates></Point>
  </Placemark>
  <Placemark id="inviduos_completos.1209">
	<ExtendedData><SchemaData schemaUrl="#inviduos_completos">
		<SimpleData name="Nº">1209.000000</SimpleData>
		<SimpleData name="Individuo">1209.000000</SimpleData>
		<SimpleData name="X">436088.000000</SimpleData>
		<SimpleData name="Y">7203937.000000</SimpleData>
	</SchemaData></ExtendedData>
      <Point><coordinates>-57.6347942556989,-25.2796339852412</coordinates></Point>
  </Placemark>
  <Placemark id="inviduos_completos.1210">
	<ExtendedData><SchemaData schemaUrl="#inviduos_completos">
		<SimpleData name="Nº">1210.000000</SimpleData>
		<SimpleData name="Individuo">1210.000000</SimpleData>
		<SimpleData name="X">436086.000000</SimpleData>
		<SimpleData name="Y">7203937.000000</SimpleData>
	</SchemaData></ExtendedData>
      <Point><coordinates>-57.6348141193685,-25.2796338997882</coordinates></Point>
  </Placemark>
  <Placemark id="inviduos_completos.1211">
	<ExtendedData><SchemaData schemaUrl="#inviduos_completos">
		<SimpleData name="Nº">1211.000000</SimpleData>
		<SimpleData name="Individuo">1211.000000</SimpleData>
		<SimpleData name="X">436088.000000</SimpleData>
		<SimpleData name="Y">7203939.000000</SimpleData>
	</SchemaData></ExtendedData>
      <Point><coordinates>-57.6347941617151,-25.2796159248517</coordinates></Point>
  </Placemark>
  <Placemark id="inviduos_completos.1212">
	<ExtendedData><SchemaData schemaUrl="#inviduos_completos">
		<SimpleData name="Nº">1212.000000</SimpleData>
		<SimpleData name="Individuo">1212.000000</SimpleData>
		<SimpleData name="X">436092.000000</SimpleData>
		<SimpleData name="Y">7203943.000000</SimpleData>
	</SchemaData></ExtendedData>
      <Point><coordinates>-57.6347542464261,-25.2795799749702</coordinates></Point>
  </Placemark>
  <Placemark id="inviduos_completos.1213">
	<ExtendedData><SchemaData schemaUrl="#inviduos_completos">
		<SimpleData name="Nº">1213.000000</SimpleData>
		<SimpleData name="Individuo">1213.000000</SimpleData>
		<SimpleData name="X">436094.000000</SimpleData>
		<SimpleData name="Y">7203944.000000</SimpleData>
	</SchemaData></ExtendedData>
      <Point><coordinates>-57.6347343357777,-25.2795710302201</coordinates></Point>
  </Placemark>
  <Placemark id="inviduos_completos.1214">
	<ExtendedData><SchemaData schemaUrl="#inviduos_completos">
		<SimpleData name="Nº">1214.000000</SimpleData>
		<SimpleData name="Individuo">1214.000000</SimpleData>
		<SimpleData name="X">436093.000000</SimpleData>
		<SimpleData name="Y">7203945.000000</SimpleData>
	</SchemaData></ExtendedData>
      <Point><coordinates>-57.6347442206194,-25.2795619573032</coordinates></Point>
  </Placemark>
  <Placemark id="inviduos_completos.1215">
	<ExtendedData><SchemaData schemaUrl="#inviduos_completos">
		<SimpleData name="Nº">1215.000000</SimpleData>
		<SimpleData name="Individuo">1215.000000</SimpleData>
		<SimpleData name="X">436095.000000</SimpleData>
		<SimpleData name="Y">7203946.000000</SimpleData>
	</SchemaData></ExtendedData>
      <Point><coordinates>-57.6347243099747,-25.2795530125516</coordinates></Point>
  </Placemark>
  <Placemark id="inviduos_completos.1216">
	<ExtendedData><SchemaData schemaUrl="#inviduos_completos">
		<SimpleData name="Nº">1216.000000</SimpleData>
		<SimpleData name="Individuo">1216.000000</SimpleData>
		<SimpleData name="X">436094.000000</SimpleData>
		<SimpleData name="Y">7203946.000000</SimpleData>
	</SchemaData></ExtendedData>
      <Point><coordinates>-57.6347342418031,-25.2795529698303</coordinates></Point>
  </Placemark>
  <Placemark id="inviduos_completos.1217">
	<ExtendedData><SchemaData schemaUrl="#inviduos_completos">
		<SimpleData name="Nº">1217.000000</SimpleData>
		<SimpleData name="Individuo">1217.000000</SimpleData>
		<SimpleData name="X">436095.000000</SimpleData>
		<SimpleData name="Y">7203947.000000</SimpleData>
	</SchemaData></ExtendedData>
      <Point><coordinates>-57.6347242629882,-25.2795439823566</coordinates></Point>
  </Placemark>
  <Placemark id="inviduos_completos.1218">
	<ExtendedData><SchemaData schemaUrl="#inviduos_completos">
		<SimpleData name="Nº">1218.000000</SimpleData>
		<SimpleData name="Individuo">1218.000000</SimpleData>
		<SimpleData name="X">436097.000000</SimpleData>
		<SimpleData name="Y">7203946.000000</SimpleData>
	</SchemaData></ExtendedData>
      <Point><coordinates>-57.6347044463179,-25.2795530979922</coordinates></Point>
  </Placemark>
  <Placemark id="inviduos_completos.1219">
	<ExtendedData><SchemaData schemaUrl="#inviduos_completos">
		<SimpleData name="Nº">1219.000000</SimpleData>
		<SimpleData name="Individuo">1219.000000</SimpleData>
		<SimpleData name="X">436098.000000</SimpleData>
		<SimpleData name="Y">7203949.000000</SimpleData>
	</SchemaData></ExtendedData>
      <Point><coordinates>-57.6346943735366,-25.2795260501265</coordinates></Point>
  </Placemark>
  <Placemark id="inviduos_completos.1220">
	<ExtendedData><SchemaData schemaUrl="#inviduos_completos">
		<SimpleData name="Nº">1220.000000</SimpleData>
		<SimpleData name="Individuo">1220.000000</SimpleData>
		<SimpleData name="X">436099.000000</SimpleData>
		<SimpleData name="Y">7203948.000000</SimpleData>
	</SchemaData></ExtendedData>
      <Point><coordinates>-57.6346844886938,-25.2795351230401</coordinates></Point>
  </Placemark>
  <Placemark id="inviduos_completos.1221">
	<ExtendedData><SchemaData schemaUrl="#inviduos_completos">
		<SimpleData name="Nº">1221.000000</SimpleData>
		<SimpleData name="Individuo">1221.000000</SimpleData>
		<SimpleData name="X">436100.000000</SimpleData>
		<SimpleData name="Y">7203951.000000</SimpleData>
	</SchemaData></ExtendedData>
      <Point><coordinates>-57.6346744159185,-25.2795080751729</coordinates></Point>
  </Placemark>
  <Placemark id="inviduos_completos.1222">
	<ExtendedData><SchemaData schemaUrl="#inviduos_completos">
		<SimpleData name="Nº">1222.000000</SimpleData>
		<SimpleData name="Individuo">1222.000000</SimpleData>
		<SimpleData name="X">436102.000000</SimpleData>
		<SimpleData name="Y">7203952.000000</SimpleData>
	</SchemaData></ExtendedData>
      <Point><coordinates>-57.6346545052876,-25.2794991304115</coordinates></Point>
  </Placemark>
  <Placemark id="inviduos_completos.1223">
	<ExtendedData><SchemaData schemaUrl="#inviduos_completos">
		<SimpleData name="Nº">1223.000000</SimpleData>
		<SimpleData name="Individuo">1223.000000</SimpleData>
		<SimpleData name="X">436102.000000</SimpleData>
		<SimpleData name="Y">7203954.000000</SimpleData>
	</SchemaData></ExtendedData>
      <Point><coordinates>-57.6346544113251,-25.2794810700213</coordinates></Point>
  </Placemark>
  <Placemark id="inviduos_completos.1224">
	<ExtendedData><SchemaData schemaUrl="#inviduos_completos">
		<SimpleData name="Nº">1224.000000</SimpleData>
		<SimpleData name="Individuo">1224.000000</SimpleData>
		<SimpleData name="X">436104.000000</SimpleData>
		<SimpleData name="Y">7203955.000000</SimpleData>
	</SchemaData></ExtendedData>
      <Point><coordinates>-57.6346345007,-25.2794721252571</coordinates></Point>
  </Placemark>
  <Placemark id="inviduos_completos.1225">
	<ExtendedData><SchemaData schemaUrl="#inviduos_completos">
		<SimpleData name="Nº">1225.000000</SimpleData>
		<SimpleData name="Individuo">1225.000000</SimpleData>
		<SimpleData name="X">436104.000000</SimpleData>
		<SimpleData name="Y">7203958.000000</SimpleData>
	</SchemaData></ExtendedData>
      <Point><coordinates>-57.634634359761,-25.2794450346714</coordinates></Point>
  </Placemark>
  <Placemark id="inviduos_completos.1226">
	<ExtendedData><SchemaData schemaUrl="#inviduos_completos">
		<SimpleData name="Nº">1226.000000</SimpleData>
		<SimpleData name="Individuo">1226.000000</SimpleData>
		<SimpleData name="X">436105.000000</SimpleData>
		<SimpleData name="Y">7203958.000000</SimpleData>
	</SchemaData></ExtendedData>
      <Point><coordinates>-57.6346244279412,-25.2794450773859</coordinates></Point>
  </Placemark>
  <Placemark id="inviduos_completos.1227">
	<ExtendedData><SchemaData schemaUrl="#inviduos_completos">
		<SimpleData name="Nº">1227.000000</SimpleData>
		<SimpleData name="Individuo">1227.000000</SimpleData>
		<SimpleData name="X">436107.000000</SimpleData>
		<SimpleData name="Y">7203960.000000</SimpleData>
	</SchemaData></ExtendedData>
      <Point><coordinates>-57.6346044703467,-25.2794271024221</coordinates></Point>
  </Placemark>
  <Placemark id="inviduos_completos.1228">
	<ExtendedData><SchemaData schemaUrl="#inviduos_completos">
		<SimpleData name="Nº">1228.000000</SimpleData>
		<SimpleData name="Individuo">1228.000000</SimpleData>
		<SimpleData name="X">436108.000000</SimpleData>
		<SimpleData name="Y">7203962.000000</SimpleData>
	</SchemaData></ExtendedData>
      <Point><coordinates>-57.6345944445751,-25.2794090847439</coordinates></Point>
  </Placemark>
  <Placemark id="inviduos_completos.1229">
	<ExtendedData><SchemaData schemaUrl="#inviduos_completos">
		<SimpleData name="Nº">1229.000000</SimpleData>
		<SimpleData name="Individuo">1229.000000</SimpleData>
		<SimpleData name="X">436112.000000</SimpleData>
		<SimpleData name="Y">7203965.000000</SimpleData>
	</SchemaData></ExtendedData>
      <Point><coordinates>-57.6345545763863,-25.2793821650003</coordinates></Point>
  </Placemark>
  <Placemark id="inviduos_completos.1230">
	<ExtendedData><SchemaData schemaUrl="#inviduos_completos">
		<SimpleData name="Nº">1230.000000</SimpleData>
		<SimpleData name="Individuo">1230.000000</SimpleData>
		<SimpleData name="X">436116.000000</SimpleData>
		<SimpleData name="Y">7203962.000000</SimpleData>
	</SchemaData></ExtendedData>
      <Point><coordinates>-57.634514990039,-25.2794094264186</coordinates></Point>
  </Placemark>
  <Placemark id="inviduos_completos.1231">
	<ExtendedData><SchemaData schemaUrl="#inviduos_completos">
		<SimpleData name="Nº">1231.000000</SimpleData>
		<SimpleData name="Individuo">1231.000000</SimpleData>
		<SimpleData name="X">436116.000000</SimpleData>
		<SimpleData name="Y">7203958.000000</SimpleData>
	</SchemaData></ExtendedData>
      <Point><coordinates>-57.6345151779221,-25.2794455472005</coordinates></Point>
  </Placemark>
  <Placemark id="inviduos_completos.1232">
	<ExtendedData><SchemaData schemaUrl="#inviduos_completos">
		<SimpleData name="Nº">1232.000000</SimpleData>
		<SimpleData name="Individuo">1232.000000</SimpleData>
		<SimpleData name="X">436113.000000</SimpleData>
		<SimpleData name="Y">7203954.000000</SimpleData>
	</SchemaData></ExtendedData>
      <Point><coordinates>-57.6345451612744,-25.2794815398587</coordinates></Point>
  </Placemark>
  <Placemark id="inviduos_completos.1233">
	<ExtendedData><SchemaData schemaUrl="#inviduos_completos">
		<SimpleData name="Nº">1233.000000</SimpleData>
		<SimpleData name="Individuo">1233.000000</SimpleData>
		<SimpleData name="X">436110.000000</SimpleData>
		<SimpleData name="Y">7203951.000000</SimpleData>
	</SchemaData></ExtendedData>
      <Point><coordinates>-57.6345750976691,-25.2795085023151</coordinates></Point>
  </Placemark>
  <Placemark id="inviduos_completos.1234">
	<ExtendedData><SchemaData schemaUrl="#inviduos_completos">
		<SimpleData name="Nº">1234.000000</SimpleData>
		<SimpleData name="Individuo">1234.000000</SimpleData>
		<SimpleData name="X">436110.000000</SimpleData>
		<SimpleData name="Y">7203943.000000</SimpleData>
	</SchemaData></ExtendedData>
      <Point><coordinates>-57.634575473473,-25.2795807438768</coordinates></Point>
  </Placemark>
  <Placemark id="inviduos_completos.1235">
	<ExtendedData><SchemaData schemaUrl="#inviduos_completos">
		<SimpleData name="Nº">1235.000000</SimpleData>
		<SimpleData name="Individuo">1235.000000</SimpleData>
		<SimpleData name="X">436110.000000</SimpleData>
		<SimpleData name="Y">7203939.000000</SimpleData>
	</SchemaData></ExtendedData>
      <Point><coordinates>-57.6345756613755,-25.2796168646574</coordinates></Point>
  </Placemark>
  <Placemark id="inviduos_completos.1236">
	<ExtendedData><SchemaData schemaUrl="#inviduos_completos">
		<SimpleData name="Nº">1236.000000</SimpleData>
		<SimpleData name="Individuo">1236.000000</SimpleData>
		<SimpleData name="X">436102.000000</SimpleData>
		<SimpleData name="Y">7203938.000000</SimpleData>
	</SchemaData></ExtendedData>
      <Point><coordinates>-57.6346551630273,-25.2796255531423</coordinates></Point>
  </Placemark>
  <Placemark id="inviduos_completos.1237">
	<ExtendedData><SchemaData schemaUrl="#inviduos_completos">
		<SimpleData name="Nº">1237.000000</SimpleData>
		<SimpleData name="Individuo">1237.000000</SimpleData>
		<SimpleData name="X">436116.000000</SimpleData>
		<SimpleData name="Y">7203933.000000</SimpleData>
	</SchemaData></ExtendedData>
      <Point><coordinates>-57.6345163521998,-25.279671302083</coordinates></Point>
  </Placemark>
  <Placemark id="inviduos_completos.1238">
	<ExtendedData><SchemaData schemaUrl="#inviduos_completos">
		<SimpleData name="Nº">1238.000000</SimpleData>
		<SimpleData name="Individuo">1238.000000</SimpleData>
		<SimpleData name="X">436114.000000</SimpleData>
		<SimpleData name="Y">7203945.000000</SimpleData>
	</SchemaData></ExtendedData>
      <Point><coordinates>-57.6345356522039,-25.279562854325</coordinates></Point>
  </Placemark>
  <Placemark id="inviduos_completos.1239">
	<ExtendedData><SchemaData schemaUrl="#inviduos_completos">
		<SimpleData name="Nº">1239.000000</SimpleData>
		<SimpleData name="Individuo">1239.000000</SimpleData>
		<SimpleData name="X">436117.000000</SimpleData>
		<SimpleData name="Y">7203946.000000</SimpleData>
	</SchemaData></ExtendedData>
      <Point><coordinates>-57.6345058097448,-25.2795539522516</coordinates></Point>
  </Placemark>
  <Placemark id="inviduos_completos.1240">
	<ExtendedData><SchemaData schemaUrl="#inviduos_completos">
		<SimpleData name="Nº">1240.000000</SimpleData>
		<SimpleData name="Individuo">1240.000000</SimpleData>
		<SimpleData name="X">436115.000000</SimpleData>
		<SimpleData name="Y">7203952.000000</SimpleData>
	</SchemaData></ExtendedData>
      <Point><coordinates>-57.6345253915719,-25.2794996856658</coordinates></Point>
  </Placemark>
  <Placemark id="inviduos_completos.1241">
	<ExtendedData><SchemaData schemaUrl="#inviduos_completos">
		<SimpleData name="Nº">1241.000000</SimpleData>
		<SimpleData name="Individuo">1241.000000</SimpleData>
		<SimpleData name="X">436123.000000</SimpleData>
		<SimpleData name="Y">7203952.000000</SimpleData>
	</SchemaData></ExtendedData>
      <Point><coordinates>-57.6344459369758,-25.2795000273045</coordinates></Point>
  </Placemark>
  <Placemark id="inviduos_completos.1242">
	<ExtendedData><SchemaData schemaUrl="#inviduos_completos">
		<SimpleData name="Nº">1242.000000</SimpleData>
		<SimpleData name="Individuo">1242.000000</SimpleData>
		<SimpleData name="X">436130.000000</SimpleData>
		<SimpleData name="Y">7203945.000000</SimpleData>
	</SchemaData></ExtendedData>
      <Point><coordinates>-57.6343767429282,-25.2795635375724</coordinates></Point>
  </Placemark>
  <Placemark id="inviduos_completos.1243">
	<ExtendedData><SchemaData schemaUrl="#inviduos_completos">
		<SimpleData name="Nº">1243.000000</SimpleData>
		<SimpleData name="Individuo">1243.000000</SimpleData>
		<SimpleData name="X">436126.000000</SimpleData>
		<SimpleData name="Y">7203942.000000</SimpleData>
	</SchemaData></ExtendedData>
      <Point><coordinates>-57.6344166111391,-25.2795904573629</coordinates></Point>
  </Placemark>
  <Placemark id="inviduos_completos.1244">
	<ExtendedData><SchemaData schemaUrl="#inviduos_completos">
		<SimpleData name="Nº">1244.000000</SimpleData>
		<SimpleData name="Individuo">1244.000000</SimpleData>
		<SimpleData name="X">436124.000000</SimpleData>
		<SimpleData name="Y">7203932.000000</SimpleData>
	</SchemaData></ExtendedData>
      <Point><coordinates>-57.6344369444572,-25.2796806739144</coordinates></Point>
  </Placemark>
  <Placemark id="inviduos_completos.1245">
	<ExtendedData><SchemaData schemaUrl="#inviduos_completos">
		<SimpleData name="Nº">1245.000000</SimpleData>
		<SimpleData name="Individuo">1245.000000</SimpleData>
		<SimpleData name="X">436126.000000</SimpleData>
		<SimpleData name="Y">7203934.000000</SimpleData>
	</SchemaData></ExtendedData>
      <Point><coordinates>-57.6344169868505,-25.2796626989261</coordinates></Point>
  </Placemark>
  <Placemark id="inviduos_completos.1246">
	<ExtendedData><SchemaData schemaUrl="#inviduos_completos">
		<SimpleData name="Nº">1246.000000</SimpleData>
		<SimpleData name="Individuo">1246.000000</SimpleData>
		<SimpleData name="X">436125.000000</SimpleData>
		<SimpleData name="Y">7203958.000000</SimpleData>
	</SchemaData></ExtendedData>
      <Point><coordinates>-57.6344257915409,-25.2794459315341</coordinates></Point>
  </Placemark>
  <Placemark id="inviduos_completos.1247">
	<ExtendedData><SchemaData schemaUrl="#inviduos_completos">
		<SimpleData name="Nº">1247.000000</SimpleData>
		<SimpleData name="Individuo">1247.000000</SimpleData>
		<SimpleData name="X">436128.000000</SimpleData>
		<SimpleData name="Y">7203954.000000</SimpleData>
	</SchemaData></ExtendedData>
      <Point><coordinates>-57.6343961839282,-25.2794821804158</coordinates></Point>
  </Placemark>
  <Placemark id="inviduos_completos.1248">
	<ExtendedData><SchemaData schemaUrl="#inviduos_completos">
		<SimpleData name="Nº">1248.000000</SimpleData>
		<SimpleData name="Individuo">1248.000000</SimpleData>
		<SimpleData name="X">436129.000000</SimpleData>
		<SimpleData name="Y">7203953.000000</SimpleData>
	</SchemaData></ExtendedData>
      <Point><coordinates>-57.6343862990663,-25.2794912533099</coordinates></Point>
  </Placemark>
  <Placemark id="inviduos_completos.1249">
	<ExtendedData><SchemaData schemaUrl="#inviduos_completos">
		<SimpleData name="Nº">1249.000000</SimpleData>
		<SimpleData name="Individuo">1249.000000</SimpleData>
		<SimpleData name="X">436129.000000</SimpleData>
		<SimpleData name="Y">7203952.000000</SimpleData>
	</SchemaData></ExtendedData>
      <Point><coordinates>-57.6343863460277,-25.2795002835055</coordinates></Point>
  </Placemark>
  <Placemark id="inviduos_completos.1250">
	<ExtendedData><SchemaData schemaUrl="#inviduos_completos">
		<SimpleData name="Nº">1250.000000</SimpleData>
		<SimpleData name="Individuo">1250.000000</SimpleData>
		<SimpleData name="X">436130.000000</SimpleData>
		<SimpleData name="Y">7203951.000000</SimpleData>
	</SchemaData></ExtendedData>
      <Point><coordinates>-57.6343764611636,-25.279509356399</coordinates></Point>
  </Placemark>
  <Placemark id="inviduos_completos.1251">
	<ExtendedData><SchemaData schemaUrl="#inviduos_completos">
		<SimpleData name="Nº">1251.000000</SimpleData>
		<SimpleData name="Individuo">1251.000000</SimpleData>
		<SimpleData name="X">436132.000000</SimpleData>
		<SimpleData name="Y">7203952.000000</SimpleData>
	</SchemaData></ExtendedData>
      <Point><coordinates>-57.6343565505534,-25.279500411597</coordinates></Point>
  </Placemark>
  <Placemark id="inviduos_completos.1252">
	<ExtendedData><SchemaData schemaUrl="#inviduos_completos">
		<SimpleData name="Nº">1252.000000</SimpleData>
		<SimpleData name="Individuo">1252.000000</SimpleData>
		<SimpleData name="X">436133.000000</SimpleData>
		<SimpleData name="Y">7203951.000000</SimpleData>
	</SchemaData></ExtendedData>
      <Point><coordinates>-57.634346665687,-25.2795094844885</coordinates></Point>
  </Placemark>
  <Placemark id="inviduos_completos.1253">
	<ExtendedData><SchemaData schemaUrl="#inviduos_completos">
		<SimpleData name="Nº">1253.000000</SimpleData>
		<SimpleData name="Individuo">1253.000000</SimpleData>
		<SimpleData name="X">436132.000000</SimpleData>
		<SimpleData name="Y">7203951.000000</SimpleData>
	</SchemaData></ExtendedData>
      <Point><coordinates>-57.6343565975126,-25.2795094417926</coordinates></Point>
  </Placemark>
  <Placemark id="inviduos_completos.1254">
	<ExtendedData><SchemaData schemaUrl="#inviduos_completos">
		<SimpleData name="Nº">1254.000000</SimpleData>
		<SimpleData name="Individuo">1254.000000</SimpleData>
		<SimpleData name="X">436134.000000</SimpleData>
		<SimpleData name="Y">7203950.000000</SimpleData>
	</SchemaData></ExtendedData>
      <Point><coordinates>-57.6343367808192,-25.2795185573793</coordinates></Point>
  </Placemark>
  <Placemark id="inviduos_completos.1255">
	<ExtendedData><SchemaData schemaUrl="#inviduos_completos">
		<SimpleData name="Nº">1255.000000</SimpleData>
		<SimpleData name="Individuo">1255.000000</SimpleData>
		<SimpleData name="X">436135.000000</SimpleData>
		<SimpleData name="Y">7203947.000000</SimpleData>
	</SchemaData></ExtendedData>
      <Point><coordinates>-57.6343269898641,-25.2795456906608</coordinates></Point>
  </Placemark>
  <Placemark id="inviduos_completos.1256">
	<ExtendedData><SchemaData schemaUrl="#inviduos_completos">
		<SimpleData name="Nº">1256.000000</SimpleData>
		<SimpleData name="Individuo">1256.000000</SimpleData>
		<SimpleData name="X">436137.000000</SimpleData>
		<SimpleData name="Y">7203937.000000</SimpleData>
	</SchemaData></ExtendedData>
      <Point><coordinates>-57.6343075957644,-25.2796360780042</coordinates></Point>
  </Placemark>
  <Placemark id="inviduos_completos.1257">
	<ExtendedData><SchemaData schemaUrl="#inviduos_completos">
		<SimpleData name="Nº">1257.000000</SimpleData>
		<SimpleData name="Individuo">1257.000000</SimpleData>
		<SimpleData name="X">436141.000000</SimpleData>
		<SimpleData name="Y">7203934.000000</SimpleData>
	</SchemaData></ExtendedData>
      <Point><coordinates>-57.6342680092793,-25.279663339358</coordinates></Point>
  </Placemark>
  <Placemark id="inviduos_completos.1258">
	<ExtendedData><SchemaData schemaUrl="#inviduos_completos">
		<SimpleData name="Nº">1258.000000</SimpleData>
		<SimpleData name="Individuo">1258.000000</SimpleData>
		<SimpleData name="X">436145.000000</SimpleData>
		<SimpleData name="Y">7203933.000000</SimpleData>
	</SchemaData></ExtendedData>
      <Point><coordinates>-57.6342283288762,-25.2796725403102</coordinates></Point>
  </Placemark>
  <Placemark id="inviduos_completos.1259">
	<ExtendedData><SchemaData schemaUrl="#inviduos_completos">
		<SimpleData name="Nº">1259.000000</SimpleData>
		<SimpleData name="Individuo">1259.000000</SimpleData>
		<SimpleData name="X">436149.000000</SimpleData>
		<SimpleData name="Y">7203931.000000</SimpleData>
	</SchemaData></ExtendedData>
      <Point><coordinates>-57.634188695414,-25.2796907714475</coordinates></Point>
  </Placemark>
  <Placemark id="inviduos_completos.1260">
	<ExtendedData><SchemaData schemaUrl="#inviduos_completos">
		<SimpleData name="Nº">1260.000000</SimpleData>
		<SimpleData name="Individuo">1260.000000</SimpleData>
		<SimpleData name="X">436154.000000</SimpleData>
		<SimpleData name="Y">7203922.000000</SimpleData>
	</SchemaData></ExtendedData>
      <Point><coordinates>-57.634139458703,-25.2797722566266</coordinates></Point>
  </Placemark>
  <Placemark id="inviduos_completos.1261">
	<ExtendedData><SchemaData schemaUrl="#inviduos_completos">
		<SimpleData name="Nº">1261.000000</SimpleData>
		<SimpleData name="Individuo">1261.000000</SimpleData>
		<SimpleData name="X">436145.000000</SimpleData>
		<SimpleData name="Y">7203920.000000</SimpleData>
	</SchemaData></ExtendedData>
      <Point><coordinates>-57.634228939229,-25.2797899328529</coordinates></Point>
  </Placemark>
  <Placemark id="inviduos_completos.1262">
	<ExtendedData><SchemaData schemaUrl="#inviduos_completos">
		<SimpleData name="Nº">1262.000000</SimpleData>
		<SimpleData name="Individuo">1262.000000</SimpleData>
		<SimpleData name="X">436141.000000</SimpleData>
		<SimpleData name="Y">7203921.000000</SimpleData>
	</SchemaData></ExtendedData>
      <Point><coordinates>-57.63426861967,-25.2797807319</coordinates></Point>
  </Placemark>
  <Placemark id="inviduos_completos.1263">
	<ExtendedData><SchemaData schemaUrl="#inviduos_completos">
		<SimpleData name="Nº">1263.000000</SimpleData>
		<SimpleData name="Individuo">1263.000000</SimpleData>
		<SimpleData name="X">436138.000000</SimpleData>
		<SimpleData name="Y">7203924.000000</SimpleData>
	</SchemaData></ExtendedData>
      <Point><coordinates>-57.634298274347,-25.2797535132387</coordinates></Point>
  </Placemark>
  <Placemark id="inviduos_completos.1264">
	<ExtendedData><SchemaData schemaUrl="#inviduos_completos">
		<SimpleData name="Nº">1264.000000</SimpleData>
		<SimpleData name="Individuo">1264.000000</SimpleData>
		<SimpleData name="X">436131.000000</SimpleData>
		<SimpleData name="Y">7203923.000000</SimpleData>
	</SchemaData></ExtendedData>
      <Point><coordinates>-57.6343678442257,-25.2797622445692</coordinates></Point>
  </Placemark>
  <Placemark id="inviduos_completos.1265">
	<ExtendedData><SchemaData schemaUrl="#inviduos_completos">
		<SimpleData name="Nº">1265.000000</SimpleData>
		<SimpleData name="Individuo">1265.000000</SimpleData>
		<SimpleData name="X">436135.000000</SimpleData>
		<SimpleData name="Y">7203927.000000</SimpleData>
	</SchemaData></ExtendedData>
      <Point><coordinates>-57.6343279290107,-25.2797262945715</coordinates></Point>
  </Placemark>
  <Placemark id="inviduos_completos.1266">
	<ExtendedData><SchemaData schemaUrl="#inviduos_completos">
		<SimpleData name="Nº">1266.000000</SimpleData>
		<SimpleData name="Individuo">1266.000000</SimpleData>
		<SimpleData name="X">436132.000000</SimpleData>
		<SimpleData name="Y">7203920.000000</SimpleData>
	</SchemaData></ExtendedData>
      <Point><coordinates>-57.6343580532593,-25.2797893778521</coordinates></Point>
  </Placemark>
  <Placemark id="inviduos_completos.1267">
	<ExtendedData><SchemaData schemaUrl="#inviduos_completos">
		<SimpleData name="Nº">1267.000000</SimpleData>
		<SimpleData name="Individuo">1267.000000</SimpleData>
		<SimpleData name="X">436118.000000</SimpleData>
		<SimpleData name="Y">7203910.000000</SimpleData>
	</SchemaData></ExtendedData>
      <Point><coordinates>-57.634497568837,-25.2798790819826</coordinates></Point>
  </Placemark>
  <Placemark id="inviduos_completos.1268">
	<ExtendedData><SchemaData schemaUrl="#inviduos_completos">
		<SimpleData name="Nº">1268.000000</SimpleData>
		<SimpleData name="Individuo">1268.000000</SimpleData>
		<SimpleData name="X">436111.000000</SimpleData>
		<SimpleData name="Y">7203908.000000</SimpleData>
	</SchemaData></ExtendedData>
      <Point><coordinates>-57.6345671857753,-25.2798968434122</coordinates></Point>
  </Placemark>
  <Placemark id="inviduos_completos.1269">
	<ExtendedData><SchemaData schemaUrl="#inviduos_completos">
		<SimpleData name="Nº">1269.000000</SimpleData>
		<SimpleData name="Individuo">1269.000000</SimpleData>
		<SimpleData name="X">436134.000000</SimpleData>
		<SimpleData name="Y">7203938.000000</SimpleData>
	</SchemaData></ExtendedData>
      <Point><coordinates>-57.6343373443141,-25.2796269197265</coordinates></Point>
  </Placemark>
  <Placemark id="inviduos_completos.1270">
	<ExtendedData><SchemaData schemaUrl="#inviduos_completos">
		<SimpleData name="Nº">1270.000000</SimpleData>
		<SimpleData name="Individuo">1270.000000</SimpleData>
		<SimpleData name="X">436081.000000</SimpleData>
		<SimpleData name="Y">7203849.000000</SimpleData>
	</SchemaData></ExtendedData>
      <Point><coordinates>-57.6348679143682,-25.2804283432256</coordinates></Point>
  </Placemark>
  <Placemark id="inviduos_completos.1271">
	<ExtendedData><SchemaData schemaUrl="#inviduos_completos">
		<SimpleData name="Nº">1271.000000</SimpleData>
		<SimpleData name="Individuo">1271.000000</SimpleData>
		<SimpleData name="X">436081.000000</SimpleData>
		<SimpleData name="Y">7203847.000000</SimpleData>
	</SchemaData></ExtendedData>
      <Point><coordinates>-57.6348680083663,-25.2804464036128</coordinates></Point>
  </Placemark>
  <Placemark id="inviduos_completos.1272">
	<ExtendedData><SchemaData schemaUrl="#inviduos_completos">
		<SimpleData name="Nº">1272.000000</SimpleData>
		<SimpleData name="Individuo">1272.000000</SimpleData>
		<SimpleData name="X">436080.000000</SimpleData>
		<SimpleData name="Y">7203850.000000</SimpleData>
	</SchemaData></ExtendedData>
      <Point><coordinates>-57.6348777992678,-25.2804192702997</coordinates></Point>
  </Placemark>
  <Placemark id="inviduos_completos.1273">
	<ExtendedData><SchemaData schemaUrl="#inviduos_completos">
		<SimpleData name="Nº">1273.000000</SimpleData>
		<SimpleData name="Individuo">1273.000000</SimpleData>
		<SimpleData name="X">436068.000000</SimpleData>
		<SimpleData name="Y">7203870.000000</SimpleData>
	</SchemaData></ExtendedData>
      <Point><coordinates>-57.6349960418831,-25.280238153589</coordinates></Point>
  </Placemark>
  <Placemark id="inviduos_completos.1274">
	<ExtendedData><SchemaData schemaUrl="#inviduos_completos">
		<SimpleData name="Nº">1274.000000</SimpleData>
		<SimpleData name="Individuo">1274.000000</SimpleData>
		<SimpleData name="X">436064.000000</SimpleData>
		<SimpleData name="Y">7203862.000000</SimpleData>
	</SchemaData></ExtendedData>
      <Point><coordinates>-57.6350361455065,-25.2803102241704</coordinates></Point>
  </Placemark>
  <Placemark id="inviduos_completos.1275">
	<ExtendedData><SchemaData schemaUrl="#inviduos_completos">
		<SimpleData name="Nº">1275.000000</SimpleData>
		<SimpleData name="Individuo">1275.000000</SimpleData>
		<SimpleData name="X">435952.000000</SimpleData>
		<SimpleData name="Y">7203992.000000</SimpleData>
	</SchemaData></ExtendedData>
      <Point><coordinates>-57.6361423950102,-25.2791315077514</coordinates></Point>
  </Placemark>
  <Placemark id="inviduos_completos.1276">
	<ExtendedData><SchemaData schemaUrl="#inviduos_completos">
		<SimpleData name="Nº">1276.000000</SimpleData>
		<SimpleData name="Individuo">1276.000000</SimpleData>
		<SimpleData name="X">435946.000000</SimpleData>
		<SimpleData name="Y">7203992.000000</SimpleData>
	</SchemaData></ExtendedData>
      <Point><coordinates>-57.6362019857578,-25.2791312508448</coordinates></Point>
  </Placemark>
  <Placemark id="inviduos_completos.1277">
	<ExtendedData><SchemaData schemaUrl="#inviduos_completos">
		<SimpleData name="Nº">1277.000000</SimpleData>
		<SimpleData name="Individuo">1277.000000</SimpleData>
		<SimpleData name="X">435943.000000</SimpleData>
		<SimpleData name="Y">7203993.000000</SimpleData>
	</SchemaData></ExtendedData>
      <Point><coordinates>-57.636231734034,-25.2791220921896</coordinates></Point>
  </Placemark>
  <Placemark id="inviduos_completos.1278">
	<ExtendedData><SchemaData schemaUrl="#inviduos_completos">
		<SimpleData name="Nº">1278.000000</SimpleData>
		<SimpleData name="Individuo">1278.000000</SimpleData>
		<SimpleData name="X">435946.000000</SimpleData>
		<SimpleData name="Y">7203999.000000</SimpleData>
	</SchemaData></ExtendedData>
      <Point><coordinates>-57.6362016560932,-25.2790680394945</coordinates></Point>
  </Placemark>
  <Placemark id="inviduos_completos.1279">
	<ExtendedData><SchemaData schemaUrl="#inviduos_completos">
		<SimpleData name="Nº">1279.000000</SimpleData>
		<SimpleData name="Individuo">1279.000000</SimpleData>
		<SimpleData name="X">435936.000000</SimpleData>
		<SimpleData name="Y">7203998.000000</SimpleData>
	</SchemaData></ExtendedData>
      <Point><coordinates>-57.6363010210548,-25.2790766414573</coordinates></Point>
  </Placemark>
  <Placemark id="inviduos_completos.1280">
	<ExtendedData><SchemaData schemaUrl="#inviduos_completos">
		<SimpleData name="Nº">1280.000000</SimpleData>
		<SimpleData name="Individuo">1280.000000</SimpleData>
		<SimpleData name="X">435933.000000</SimpleData>
		<SimpleData name="Y">7203999.000000</SimpleData>
	</SchemaData></ExtendedData>
      <Point><coordinates>-57.6363307693099,-25.2790674827825</coordinates></Point>
  </Placemark>
  <Placemark id="inviduos_completos.1281">
	<ExtendedData><SchemaData schemaUrl="#inviduos_completos">
		<SimpleData name="Nº">1281.000000</SimpleData>
		<SimpleData name="Individuo">1281.000000</SimpleData>
		<SimpleData name="X">435907.000000</SimpleData>
		<SimpleData name="Y">7204016.000000</SimpleData>
	</SchemaData></ExtendedData>
      <Point><coordinates>-57.6365881946351,-25.2789128557495</coordinates></Point>
  </Placemark>
  <Placemark id="inviduos_completos.1282">
	<ExtendedData><SchemaData schemaUrl="#inviduos_completos">
		<SimpleData name="Nº">1282.000000</SimpleData>
		<SimpleData name="Individuo">1282.000000</SimpleData>
		<SimpleData name="X">435908.000000</SimpleData>
		<SimpleData name="Y">7204023.000000</SimpleData>
	</SchemaData></ExtendedData>
      <Point><coordinates>-57.6365779330062,-25.2788496872471</coordinates></Point>
  </Placemark>
  <Placemark id="inviduos_completos.1283">
	<ExtendedData><SchemaData schemaUrl="#inviduos_completos">
		<SimpleData name="Nº">1283.000000</SimpleData>
		<SimpleData name="Individuo">1283.000000</SimpleData>
		<SimpleData name="X">435900.000000</SimpleData>
		<SimpleData name="Y">7204027.000000</SimpleData>
	</SchemaData></ExtendedData>
      <Point><coordinates>-57.6366571986335,-25.2788132236989</coordinates></Point>
  </Placemark>
  <Placemark id="inviduos_completos.1284">
	<ExtendedData><SchemaData schemaUrl="#inviduos_completos">
		<SimpleData name="Nº">1284.000000</SimpleData>
		<SimpleData name="Individuo">1284.000000</SimpleData>
		<SimpleData name="X">435890.000000</SimpleData>
		<SimpleData name="Y">7204035.000000</SimpleData>
	</SchemaData></ExtendedData>
      <Point><coordinates>-57.6367561391942,-25.2787405536278</coordinates></Point>
  </Placemark>
  <Placemark id="inviduos_completos.1285">
	<ExtendedData><SchemaData schemaUrl="#inviduos_completos">
		<SimpleData name="Nº">1285.000000</SimpleData>
		<SimpleData name="Individuo">1285.000000</SimpleData>
		<SimpleData name="X">435890.000000</SimpleData>
		<SimpleData name="Y">7204036.000000</SimpleData>
	</SchemaData></ExtendedData>
      <Point><coordinates>-57.636756092059,-25.2787315234354</coordinates></Point>
  </Placemark>
  <Placemark id="inviduos_completos.1286">
	<ExtendedData><SchemaData schemaUrl="#inviduos_completos">
		<SimpleData name="Nº">1286.000000</SimpleData>
		<SimpleData name="Individuo">1286.000000</SimpleData>
		<SimpleData name="X">435888.000000</SimpleData>
		<SimpleData name="Y">7204037.000000</SimpleData>
	</SchemaData></ExtendedData>
      <Point><coordinates>-57.6367759084375,-25.2787224075288</coordinates></Point>
  </Placemark>
  <Placemark id="inviduos_completos.1287">
	<ExtendedData><SchemaData schemaUrl="#inviduos_completos">
		<SimpleData name="Nº">1287.000000</SimpleData>
		<SimpleData name="Individuo">1287.000000</SimpleData>
		<SimpleData name="X">435883.000000</SimpleData>
		<SimpleData name="Y">7204039.000000</SimpleData>
	</SchemaData></ExtendedData>
      <Point><coordinates>-57.6368254729406,-25.2787041328471</coordinates></Point>
  </Placemark>
  <Placemark id="inviduos_completos.1288">
	<ExtendedData><SchemaData schemaUrl="#inviduos_completos">
		<SimpleData name="Nº">1288.000000</SimpleData>
		<SimpleData name="Individuo">1288.000000</SimpleData>
		<SimpleData name="X">435879.000000</SimpleData>
		<SimpleData name="Y">7204047.000000</SimpleData>
	</SchemaData></ExtendedData>
      <Point><coordinates>-57.6368648228164,-25.2786317198594</coordinates></Point>
  </Placemark>
  <Placemark id="inviduos_completos.1289">
	<ExtendedData><SchemaData schemaUrl="#inviduos_completos">
		<SimpleData name="Nº">1289.000000</SimpleData>
		<SimpleData name="Individuo">1289.000000</SimpleData>
		<SimpleData name="X">435880.000000</SimpleData>
		<SimpleData name="Y">7204052.000000</SimpleData>
	</SchemaData></ExtendedData>
      <Point><coordinates>-57.636854655356,-25.2785866117609</coordinates></Point>
  </Placemark>
  <Placemark id="inviduos_completos.1290">
	<ExtendedData><SchemaData schemaUrl="#inviduos_completos">
		<SimpleData name="Nº">1290.000000</SimpleData>
		<SimpleData name="Individuo">1290.000000</SimpleData>
		<SimpleData name="X">435875.000000</SimpleData>
		<SimpleData name="Y">7204053.000000</SimpleData>
	</SchemaData></ExtendedData>
      <Point><coordinates>-57.6369042669379,-25.278577367246</coordinates></Point>
  </Placemark>
  <Placemark id="inviduos_completos.1291">
	<ExtendedData><SchemaData schemaUrl="#inviduos_completos">
		<SimpleData name="Nº">1291.000000</SimpleData>
		<SimpleData name="Individuo">1291.000000</SimpleData>
		<SimpleData name="X">435865.000000</SimpleData>
		<SimpleData name="Y">7204048.000000</SimpleData>
	</SchemaData></ExtendedData>
      <Point><coordinates>-57.6370038201503,-25.2786220895114</coordinates></Point>
  </Placemark>
  <Placemark id="inviduos_completos.1292">
	<ExtendedData><SchemaData schemaUrl="#inviduos_completos">
		<SimpleData name="Nº">1292.000000</SimpleData>
		<SimpleData name="Individuo">1292.000000</SimpleData>
		<SimpleData name="X">435866.000000</SimpleData>
		<SimpleData name="Y">7204060.000000</SimpleData>
	</SchemaData></ExtendedData>
      <Point><coordinates>-57.6369933225731,-25.2785137700781</coordinates></Point>
  </Placemark>
  <Placemark id="inviduos_completos.1293">
	<ExtendedData><SchemaData schemaUrl="#inviduos_completos">
		<SimpleData name="Nº">1293.000000</SimpleData>
		<SimpleData name="Individuo">1293.000000</SimpleData>
		<SimpleData name="X">435857.000000</SimpleData>
		<SimpleData name="Y">7204070.000000</SimpleData>
	</SchemaData></ExtendedData>
      <Point><coordinates>-57.6370822366389,-25.2784230822812</coordinates></Point>
  </Placemark>
  <Placemark id="inviduos_completos.1294">
	<ExtendedData><SchemaData schemaUrl="#inviduos_completos">
		<SimpleData name="Nº">1294.000000</SimpleData>
		<SimpleData name="Individuo">1294.000000</SimpleData>
		<SimpleData name="X">435766.000000</SimpleData>
		<SimpleData name="Y">7204147.000000</SimpleData>
	</SchemaData></ExtendedData>
      <Point><coordinates>-57.6379823878415,-25.277723852916</coordinates></Point>
  </Placemark>
  <Placemark id="inviduos_completos.1295">
	<ExtendedData><SchemaData schemaUrl="#inviduos_completos">
		<SimpleData name="Nº">1295.000000</SimpleData>
		<SimpleData name="Individuo">1295.000000</SimpleData>
		<SimpleData name="X">435768.000000</SimpleData>
		<SimpleData name="Y">7204148.000000</SimpleData>
	</SchemaData></ExtendedData>
      <Point><coordinates>-57.6379624772728,-25.277714908598</coordinates></Point>
  </Placemark>
  <Placemark id="inviduos_completos.1296">
	<ExtendedData><SchemaData schemaUrl="#inviduos_completos">
		<SimpleData name="Nº">1296.000000</SimpleData>
		<SimpleData name="Individuo">1296.000000</SimpleData>
		<SimpleData name="X">435751.000000</SimpleData>
		<SimpleData name="Y">7204150.000000</SimpleData>
	</SchemaData></ExtendedData>
      <Point><coordinates>-57.6381312212322,-25.2776961182066</coordinates></Point>
  </Placemark>
  <Placemark id="inviduos_completos.1297">
	<ExtendedData><SchemaData schemaUrl="#inviduos_completos">
		<SimpleData name="Nº">1297.000000</SimpleData>
		<SimpleData name="Individuo">1297.000000</SimpleData>
		<SimpleData name="X">435757.000000</SimpleData>
		<SimpleData name="Y">7204151.000000</SimpleData>
	</SchemaData></ExtendedData>
      <Point><coordinates>-57.6380715839777,-25.2776873456873</coordinates></Point>
  </Placemark>
  <Placemark id="inviduos_completos.1298">
	<ExtendedData><SchemaData schemaUrl="#inviduos_completos">
		<SimpleData name="Nº">1298.000000</SimpleData>
		<SimpleData name="Individuo">1298.000000</SimpleData>
		<SimpleData name="X">435758.000000</SimpleData>
		<SimpleData name="Y">7204152.000000</SimpleData>
	</SchemaData></ExtendedData>
      <Point><coordinates>-57.638061605078,-25.2776783584389</coordinates></Point>
  </Placemark>
  <Placemark id="inviduos_completos.1299">
	<ExtendedData><SchemaData schemaUrl="#inviduos_completos">
		<SimpleData name="Nº">1299.000000</SimpleData>
		<SimpleData name="Individuo">1299.000000</SimpleData>
		<SimpleData name="X">435758.000000</SimpleData>
		<SimpleData name="Y">7204151.000000</SimpleData>
	</SchemaData></ExtendedData>
      <Point><coordinates>-57.6380616523076,-25.2776873886303</coordinates></Point>
  </Placemark>
  <Placemark id="inviduos_completos.1300">
	<ExtendedData><SchemaData schemaUrl="#inviduos_completos">
		<SimpleData name="Nº">1300.000000</SimpleData>
		<SimpleData name="Individuo">1300.000000</SimpleData>
		<SimpleData name="X">435761.000000</SimpleData>
		<SimpleData name="Y">7204152.000000</SimpleData>
	</SchemaData></ExtendedData>
      <Point><coordinates>-57.63803181007,-25.2776784872638</coordinates></Point>
  </Placemark>
  <Placemark id="inviduos_completos.1301">
	<ExtendedData><SchemaData schemaUrl="#inviduos_completos">
		<SimpleData name="Nº">1301.000000</SimpleData>
		<SimpleData name="Individuo">1301.000000</SimpleData>
		<SimpleData name="X">435763.000000</SimpleData>
		<SimpleData name="Y">7204154.000000</SimpleData>
	</SchemaData></ExtendedData>
      <Point><coordinates>-57.6380118522794,-25.2776605127608</coordinates></Point>
  </Placemark>
  <Placemark id="inviduos_completos.1302">
	<ExtendedData><SchemaData schemaUrl="#inviduos_completos">
		<SimpleData name="Nº">1302.000000</SimpleData>
		<SimpleData name="Individuo">1302.000000</SimpleData>
		<SimpleData name="X">435766.000000</SimpleData>
		<SimpleData name="Y">7204148.000000</SimpleData>
	</SchemaData></ExtendedData>
      <Point><coordinates>-57.6379823406178,-25.2777148227246</coordinates></Point>
  </Placemark>
  <Placemark id="inviduos_completos.1303">
	<ExtendedData><SchemaData schemaUrl="#inviduos_completos">
		<SimpleData name="Nº">1303.000000</SimpleData>
		<SimpleData name="Individuo">1303.000000</SimpleData>
		<SimpleData name="X">436152.000000</SimpleData>
		<SimpleData name="Y">7203556.000000</SimpleData>
	</SchemaData></ExtendedData>
      <Point><coordinates>-57.6341765058461,-25.2830772221289</coordinates></Point>
  </Placemark>
  <Placemark id="inviduos_completos.1304">
	<ExtendedData><SchemaData schemaUrl="#inviduos_completos">
		<SimpleData name="Nº">1304.000000</SimpleData>
		<SimpleData name="Individuo">1304.000000</SimpleData>
		<SimpleData name="X">436155.000000</SimpleData>
		<SimpleData name="Y">7203563.000000</SimpleData>
	</SchemaData></ExtendedData>
      <Point><coordinates>-57.6341463808387,-25.2830141388531</coordinates></Point>
  </Placemark>
  <Placemark id="inviduos_completos.1305">
	<ExtendedData><SchemaData schemaUrl="#inviduos_completos">
		<SimpleData name="Nº">1305.000000</SimpleData>
		<SimpleData name="Individuo">1305.000000</SimpleData>
		<SimpleData name="X">436156.000000</SimpleData>
		<SimpleData name="Y">7203566.000000</SimpleData>
	</SchemaData></ExtendedData>
      <Point><coordinates>-57.6341363078764,-25.282987090965</coordinates></Point>
  </Placemark>
  <Placemark id="inviduos_completos.1306">
	<ExtendedData><SchemaData schemaUrl="#inviduos_completos">
		<SimpleData name="Nº">1306.000000</SimpleData>
		<SimpleData name="Individuo">1306.000000</SimpleData>
		<SimpleData name="X">436154.000000</SimpleData>
		<SimpleData name="Y">7203565.000000</SimpleData>
	</SchemaData></ExtendedData>
      <Point><coordinates>-57.6341562190464,-25.2829960357818</coordinates></Point>
  </Placemark>
  <Placemark id="inviduos_completos.1307">
	<ExtendedData><SchemaData schemaUrl="#inviduos_completos">
		<SimpleData name="Nº">1307.000000</SimpleData>
		<SimpleData name="Individuo">1307.000000</SimpleData>
		<SimpleData name="X">436153.000000</SimpleData>
		<SimpleData name="Y">7203570.000000</SimpleData>
	</SchemaData></ExtendedData>
      <Point><coordinates>-57.6341659163939,-25.2829508421346</coordinates></Point>
  </Placemark>
  <Placemark id="inviduos_completos.1308">
	<ExtendedData><SchemaData schemaUrl="#inviduos_completos">
		<SimpleData name="Nº">1308.000000</SimpleData>
		<SimpleData name="Individuo">1308.000000</SimpleData>
		<SimpleData name="X">436147.000000</SimpleData>
		<SimpleData name="Y">7203574.000000</SimpleData>
	</SchemaData></ExtendedData>
      <Point><coordinates>-57.6342253212031,-25.2829144652234</coordinates></Point>
  </Placemark>
  <Placemark id="inviduos_completos.1309">
	<ExtendedData><SchemaData schemaUrl="#inviduos_completos">
		<SimpleData name="Nº">1309.000000</SimpleData>
		<SimpleData name="Individuo">1309.000000</SimpleData>
		<SimpleData name="X">436143.000000</SimpleData>
		<SimpleData name="Y">7203570.000000</SimpleData>
	</SchemaData></ExtendedData>
      <Point><coordinates>-57.634265237454,-25.2829504152137</coordinates></Point>
  </Placemark>
  <Placemark id="inviduos_completos.1310">
	<ExtendedData><SchemaData schemaUrl="#inviduos_completos">
		<SimpleData name="Nº">1310.000000</SimpleData>
		<SimpleData name="Individuo">1310.000000</SimpleData>
		<SimpleData name="X">436145.000000</SimpleData>
		<SimpleData name="Y">7203570.000000</SimpleData>
	</SchemaData></ExtendedData>
      <Point><coordinates>-57.6342453732421,-25.2829505006032</coordinates></Point>
  </Placemark>
  <Placemark id="inviduos_completos.1311">
	<ExtendedData><SchemaData schemaUrl="#inviduos_completos">
		<SimpleData name="Nº">1311.000000</SimpleData>
		<SimpleData name="Individuo">1311.000000</SimpleData>
		<SimpleData name="X">436142.000000</SimpleData>
		<SimpleData name="Y">7203572.000000</SimpleData>
	</SchemaData></ExtendedData>
      <Point><coordinates>-57.6342750756389,-25.2829323121348</coordinates></Point>
  </Placemark>
  <Placemark id="inviduos_completos.1312">
	<ExtendedData><SchemaData schemaUrl="#inviduos_completos">
		<SimpleData name="Nº">1312.000000</SimpleData>
		<SimpleData name="Individuo">1312.000000</SimpleData>
		<SimpleData name="X">436141.000000</SimpleData>
		<SimpleData name="Y">7203571.000000</SimpleData>
	</SchemaData></ExtendedData>
      <Point><coordinates>-57.6342850547045,-25.2829412996299</coordinates></Point>
  </Placemark>
  <Placemark id="inviduos_completos.1313">
	<ExtendedData><SchemaData schemaUrl="#inviduos_completos">
		<SimpleData name="Nº">1313.000000</SimpleData>
		<SimpleData name="Individuo">1313.000000</SimpleData>
		<SimpleData name="X">436140.000000</SimpleData>
		<SimpleData name="Y">7203568.000000</SimpleData>
	</SchemaData></ExtendedData>
      <Point><coordinates>-57.6342951276955,-25.2829683475075</coordinates></Point>
  </Placemark>
  <Placemark id="inviduos_completos.1314">
	<ExtendedData><SchemaData schemaUrl="#inviduos_completos">
		<SimpleData name="Nº">1314.000000</SimpleData>
		<SimpleData name="Individuo">1314.000000</SimpleData>
		<SimpleData name="X">436142.000000</SimpleData>
		<SimpleData name="Y">7203566.000000</SimpleData>
	</SchemaData></ExtendedData>
      <Point><coordinates>-57.634275357402,-25.2829864932841</coordinates></Point>
  </Placemark>
  <Placemark id="inviduos_completos.1315">
	<ExtendedData><SchemaData schemaUrl="#inviduos_completos">
		<SimpleData name="Nº">1315.000000</SimpleData>
		<SimpleData name="Individuo">1315.000000</SimpleData>
		<SimpleData name="X">436143.000000</SimpleData>
		<SimpleData name="Y">7203568.000000</SimpleData>
	</SchemaData></ExtendedData>
      <Point><coordinates>-57.6342653313735,-25.2829684755969</coordinates></Point>
  </Placemark>
  <Placemark id="inviduos_completos.1316">
	<ExtendedData><SchemaData schemaUrl="#inviduos_completos">
		<SimpleData name="Nº">1316.000000</SimpleData>
		<SimpleData name="Individuo">1316.000000</SimpleData>
		<SimpleData name="X">436144.000000</SimpleData>
		<SimpleData name="Y">7203564.000000</SimpleData>
	</SchemaData></ExtendedData>
      <Point><coordinates>-57.6342555871026,-25.2830046390583</coordinates></Point>
  </Placemark>
  <Placemark id="inviduos_completos.1317">
	<ExtendedData><SchemaData schemaUrl="#inviduos_completos">
		<SimpleData name="Nº">1317.000000</SimpleData>
		<SimpleData name="Individuo">1317.000000</SimpleData>
		<SimpleData name="X">436145.000000</SimpleData>
		<SimpleData name="Y">7203556.000000</SimpleData>
	</SchemaData></ExtendedData>
      <Point><coordinates>-57.6342460306603,-25.2830769232849</coordinates></Point>
  </Placemark>
  <Placemark id="inviduos_completos.1318">
	<ExtendedData><SchemaData schemaUrl="#inviduos_completos">
		<SimpleData name="Nº">1318.000000</SimpleData>
		<SimpleData name="Individuo">1318.000000</SimpleData>
		<SimpleData name="X">436144.000000</SimpleData>
		<SimpleData name="Y">7203555.000000</SimpleData>
	</SchemaData></ExtendedData>
      <Point><coordinates>-57.6342560097359,-25.2830859107817</coordinates></Point>
  </Placemark>
  <Placemark id="inviduos_completos.1319">
	<ExtendedData><SchemaData schemaUrl="#inviduos_completos">
		<SimpleData name="Nº">1319.000000</SimpleData>
		<SimpleData name="Individuo">1319.000000</SimpleData>
		<SimpleData name="X">436145.000000</SimpleData>
		<SimpleData name="Y">7203553.000000</SimpleData>
	</SchemaData></ExtendedData>
      <Point><coordinates>-57.6342461715362,-25.2831040138592</coordinates></Point>
  </Placemark>
  <Placemark id="inviduos_completos.1320">
	<ExtendedData><SchemaData schemaUrl="#inviduos_completos">
		<SimpleData name="Nº">1320.000000</SimpleData>
		<SimpleData name="Individuo">1320.000000</SimpleData>
		<SimpleData name="X">436144.000000</SimpleData>
		<SimpleData name="Y">7203551.000000</SimpleData>
	</SchemaData></ExtendedData>
      <Point><coordinates>-57.6342561975735,-25.2831220315473</coordinates></Point>
  </Placemark>
  <Placemark id="inviduos_completos.1321">
	<ExtendedData><SchemaData schemaUrl="#inviduos_completos">
		<SimpleData name="Nº">1321.000000</SimpleData>
		<SimpleData name="Individuo">1321.000000</SimpleData>
		<SimpleData name="X">436145.000000</SimpleData>
		<SimpleData name="Y">7203554.000000</SimpleData>
	</SchemaData></ExtendedData>
      <Point><coordinates>-57.6342461245775,-25.2830949836678</coordinates></Point>
  </Placemark>
  <Placemark id="inviduos_completos.1322">
	<ExtendedData><SchemaData schemaUrl="#inviduos_completos">
		<SimpleData name="Nº">1322.000000</SimpleData>
		<SimpleData name="Individuo">1322.000000</SimpleData>
		<SimpleData name="X">436146.000000</SimpleData>
		<SimpleData name="Y">7203556.000000</SimpleData>
	</SchemaData></ExtendedData>
      <Point><coordinates>-57.634236098544,-25.2830769659789</coordinates></Point>
  </Placemark>
  <Placemark id="inviduos_completos.1323">
	<ExtendedData><SchemaData schemaUrl="#inviduos_completos">
		<SimpleData name="Nº">1323.000000</SimpleData>
		<SimpleData name="Individuo">1323.000000</SimpleData>
		<SimpleData name="X">436162.000000</SimpleData>
		<SimpleData name="Y">7203578.000000</SimpleData>
	</SchemaData></ExtendedData>
      <Point><coordinates>-57.6340761518723,-25.2828789847706</coordinates></Point>
  </Placemark>
  <Placemark id="inviduos_completos.1324">
	<ExtendedData><SchemaData schemaUrl="#inviduos_completos">
		<SimpleData name="Nº">1324.000000</SimpleData>
		<SimpleData name="Individuo">1324.000000</SimpleData>
		<SimpleData name="X">436157.000000</SimpleData>
		<SimpleData name="Y">7203575.000000</SimpleData>
	</SchemaData></ExtendedData>
      <Point><coordinates>-57.6341259532222,-25.282905861925</coordinates></Point>
  </Placemark>
  <Placemark id="inviduos_completos.1325">
	<ExtendedData><SchemaData schemaUrl="#inviduos_completos">
		<SimpleData name="Nº">1325.000000</SimpleData>
		<SimpleData name="Individuo">1325.000000</SimpleData>
		<SimpleData name="X">436158.000000</SimpleData>
		<SimpleData name="Y">7203577.000000</SimpleData>
	</SchemaData></ExtendedData>
      <Point><coordinates>-57.6341159272225,-25.2828878442268</coordinates></Point>
  </Placemark>
  <Placemark id="inviduos_completos.1326">
	<ExtendedData><SchemaData schemaUrl="#inviduos_completos">
		<SimpleData name="Nº">1326.000000</SimpleData>
		<SimpleData name="Individuo">1326.000000</SimpleData>
		<SimpleData name="X">436154.000000</SimpleData>
		<SimpleData name="Y">7203576.000000</SimpleData>
	</SchemaData></ExtendedData>
      <Point><coordinates>-57.6341557025782,-25.2828967036722</coordinates></Point>
  </Placemark>
  <Placemark id="inviduos_completos.1327">
	<ExtendedData><SchemaData schemaUrl="#inviduos_completos">
		<SimpleData name="Nº">1327.000000</SimpleData>
		<SimpleData name="Individuo">1327.000000</SimpleData>
		<SimpleData name="X">436143.000000</SimpleData>
		<SimpleData name="Y">7203583.000000</SimpleData>
	</SchemaData></ExtendedData>
      <Point><coordinates>-57.6342646269791,-25.2828330227221</coordinates></Point>
  </Placemark>
  <Placemark id="inviduos_completos.1328">
	<ExtendedData><SchemaData schemaUrl="#inviduos_completos">
		<SimpleData name="Nº">1328.000000</SimpleData>
		<SimpleData name="Individuo">1328.000000</SimpleData>
		<SimpleData name="X">436144.000000</SimpleData>
		<SimpleData name="Y">7203584.000000</SimpleData>
	</SchemaData></ExtendedData>
      <Point><coordinates>-57.634254647924,-25.2828240352252</coordinates></Point>
  </Placemark>
  <Placemark id="inviduos_completos.1329">
	<ExtendedData><SchemaData schemaUrl="#inviduos_completos">
		<SimpleData name="Nº">1329.000000</SimpleData>
		<SimpleData name="Individuo">1329.000000</SimpleData>
		<SimpleData name="X">436146.000000</SimpleData>
		<SimpleData name="Y">7203586.000000</SimpleData>
	</SchemaData></ExtendedData>
      <Point><coordinates>-57.6342346898183,-25.2828060602293</coordinates></Point>
  </Placemark>
  <Placemark id="inviduos_completos.1330">
	<ExtendedData><SchemaData schemaUrl="#inviduos_completos">
		<SimpleData name="Nº">1330.000000</SimpleData>
		<SimpleData name="Individuo">1330.000000</SimpleData>
		<SimpleData name="X">436147.000000</SimpleData>
		<SimpleData name="Y">7203588.000000</SimpleData>
	</SchemaData></ExtendedData>
      <Point><coordinates>-57.6342246638113,-25.2827880425384</coordinates></Point>
  </Placemark>
  <Placemark id="inviduos_completos.1331">
	<ExtendedData><SchemaData schemaUrl="#inviduos_completos">
		<SimpleData name="Nº">1331.000000</SimpleData>
		<SimpleData name="Individuo">1331.000000</SimpleData>
		<SimpleData name="X">436150.000000</SimpleData>
		<SimpleData name="Y">7203588.000000</SimpleData>
	</SchemaData></ExtendedData>
      <Point><coordinates>-57.6341948675329,-25.2827881706128</coordinates></Point>
  </Placemark>
  <Placemark id="inviduos_completos.1332">
	<ExtendedData><SchemaData schemaUrl="#inviduos_completos">
		<SimpleData name="Nº">1332.000000</SimpleData>
		<SimpleData name="Individuo">1332.000000</SimpleData>
		<SimpleData name="X">436153.000000</SimpleData>
		<SimpleData name="Y">7203589.000000</SimpleData>
	</SchemaData></ExtendedData>
      <Point><coordinates>-57.6341650243024,-25.2827792684891</coordinates></Point>
  </Placemark>
  <Placemark id="inviduos_completos.1333">
	<ExtendedData><SchemaData schemaUrl="#inviduos_completos">
		<SimpleData name="Nº">1333.000000</SimpleData>
		<SimpleData name="Individuo">1333.000000</SimpleData>
		<SimpleData name="X">436159.000000</SimpleData>
		<SimpleData name="Y">7203588.000000</SimpleData>
	</SchemaData></ExtendedData>
      <Point><coordinates>-57.6341054786966,-25.2827885547997</coordinates></Point>
  </Placemark>
  <Placemark id="inviduos_completos.1334">
	<ExtendedData><SchemaData schemaUrl="#inviduos_completos">
		<SimpleData name="Nº">1334.000000</SimpleData>
		<SimpleData name="Individuo">1334.000000</SimpleData>
		<SimpleData name="X">436169.000000</SimpleData>
		<SimpleData name="Y">7203588.000000</SimpleData>
	</SchemaData></ExtendedData>
      <Point><coordinates>-57.6340061577653,-25.2827889816105</coordinates></Point>
  </Placemark>
  <Placemark id="inviduos_completos.1335">
	<ExtendedData><SchemaData schemaUrl="#inviduos_completos">
		<SimpleData name="Nº">1335.000000</SimpleData>
		<SimpleData name="Individuo">1335.000000</SimpleData>
		<SimpleData name="X">436170.000000</SimpleData>
		<SimpleData name="Y">7203590.000000</SimpleData>
	</SchemaData></ExtendedData>
      <Point><coordinates>-57.6339961317931,-25.2827709639034</coordinates></Point>
  </Placemark>
  <Placemark id="inviduos_completos.1336">
	<ExtendedData><SchemaData schemaUrl="#inviduos_completos">
		<SimpleData name="Nº">1336.000000</SimpleData>
		<SimpleData name="Individuo">1336.000000</SimpleData>
		<SimpleData name="X">436169.000000</SimpleData>
		<SimpleData name="Y">7203588.000000</SimpleData>
	</SchemaData></ExtendedData>
      <Point><coordinates>-57.6340061577653,-25.2827889816105</coordinates></Point>
  </Placemark>
  <Placemark id="inviduos_completos.1337">
	<ExtendedData><SchemaData schemaUrl="#inviduos_completos">
		<SimpleData name="Nº">1337.000000</SimpleData>
		<SimpleData name="Individuo">1337.000000</SimpleData>
		<SimpleData name="X">436166.000000</SimpleData>
		<SimpleData name="Y">7203583.000000</SimpleData>
	</SchemaData></ExtendedData>
      <Point><coordinates>-57.6340361887574,-25.2828340045351</coordinates></Point>
  </Placemark>
  <Placemark id="inviduos_completos.1338">
	<ExtendedData><SchemaData schemaUrl="#inviduos_completos">
		<SimpleData name="Nº">1338.000000</SimpleData>
		<SimpleData name="Individuo">1338.000000</SimpleData>
		<SimpleData name="X">436164.000000</SimpleData>
		<SimpleData name="Y">7203584.000000</SimpleData>
	</SchemaData></ExtendedData>
      <Point><coordinates>-57.634056006007,-25.282824888982</coordinates></Point>
  </Placemark>
  <Placemark id="inviduos_completos.1339">
	<ExtendedData><SchemaData schemaUrl="#inviduos_completos">
		<SimpleData name="Nº">1339.000000</SimpleData>
		<SimpleData name="Individuo">1339.000000</SimpleData>
		<SimpleData name="X">436161.000000</SimpleData>
		<SimpleData name="Y">7203584.000000</SimpleData>
	</SchemaData></ExtendedData>
      <Point><coordinates>-57.6340858022952,-25.2828247609355</coordinates></Point>
  </Placemark>
  <Placemark id="inviduos_completos.1340">
	<ExtendedData><SchemaData schemaUrl="#inviduos_completos">
		<SimpleData name="Nº">1340.000000</SimpleData>
		<SimpleData name="Individuo">1340.000000</SimpleData>
		<SimpleData name="X">436160.000000</SimpleData>
		<SimpleData name="Y">7203581.000000</SimpleData>
	</SchemaData></ExtendedData>
      <Point><coordinates>-57.6340958752321,-25.2828518088281</coordinates></Point>
  </Placemark>
  <Placemark id="inviduos_completos.1341">
	<ExtendedData><SchemaData schemaUrl="#inviduos_completos">
		<SimpleData name="Nº">1341.000000</SimpleData>
		<SimpleData name="Individuo">1341.000000</SimpleData>
		<SimpleData name="X">436167.000000</SimpleData>
		<SimpleData name="Y">7203590.000000</SimpleData>
	</SchemaData></ExtendedData>
      <Point><coordinates>-57.6340259280684,-25.2827708358692</coordinates></Point>
  </Placemark>
  <Placemark id="inviduos_completos.1342">
	<ExtendedData><SchemaData schemaUrl="#inviduos_completos">
		<SimpleData name="Nº">1342.000000</SimpleData>
		<SimpleData name="Individuo">1342.000000</SimpleData>
		<SimpleData name="X">436161.000000</SimpleData>
		<SimpleData name="Y">7203590.000000</SimpleData>
	</SchemaData></ExtendedData>
      <Point><coordinates>-57.6340855206184,-25.2827705797829</coordinates></Point>
  </Placemark>
  <Placemark id="inviduos_completos.1343">
	<ExtendedData><SchemaData schemaUrl="#inviduos_completos">
		<SimpleData name="Nº">1343.000000</SimpleData>
		<SimpleData name="Individuo">1343.000000</SimpleData>
		<SimpleData name="X">436156.000000</SimpleData>
		<SimpleData name="Y">7203590.000000</SimpleData>
	</SchemaData></ExtendedData>
      <Point><coordinates>-57.6341351810761,-25.2827703663593</coordinates></Point>
  </Placemark>
  <Placemark id="inviduos_completos.1344">
	<ExtendedData><SchemaData schemaUrl="#inviduos_completos">
		<SimpleData name="Nº">1344.000000</SimpleData>
		<SimpleData name="Individuo">1344.000000</SimpleData>
		<SimpleData name="X">436153.000000</SimpleData>
		<SimpleData name="Y">7203589.000000</SimpleData>
	</SchemaData></ExtendedData>
      <Point><coordinates>-57.6341650243024,-25.2827792684891</coordinates></Point>
  </Placemark>
  <Placemark id="inviduos_completos.1345">
	<ExtendedData><SchemaData schemaUrl="#inviduos_completos">
		<SimpleData name="Nº">1345.000000</SimpleData>
		<SimpleData name="Individuo">1345.000000</SimpleData>
		<SimpleData name="X">436152.000000</SimpleData>
		<SimpleData name="Y">7203589.000000</SimpleData>
	</SchemaData></ExtendedData>
      <Point><coordinates>-57.6341749563945,-25.2827792258004</coordinates></Point>
  </Placemark>
  <Placemark id="inviduos_completos.1346">
	<ExtendedData><SchemaData schemaUrl="#inviduos_completos">
		<SimpleData name="Nº">1346.000000</SimpleData>
		<SimpleData name="Individuo">1346.000000</SimpleData>
		<SimpleData name="X">436150.000000</SimpleData>
		<SimpleData name="Y">7203589.000000</SimpleData>
	</SchemaData></ExtendedData>
      <Point><coordinates>-57.6341948205787,-25.2827791404208</coordinates></Point>
  </Placemark>
  <Placemark id="inviduos_completos.1347">
	<ExtendedData><SchemaData schemaUrl="#inviduos_completos">
		<SimpleData name="Nº">1347.000000</SimpleData>
		<SimpleData name="Individuo">1347.000000</SimpleData>
		<SimpleData name="X">436149.000000</SimpleData>
		<SimpleData name="Y">7203588.000000</SimpleData>
	</SchemaData></ExtendedData>
      <Point><coordinates>-57.6342047996257,-25.282788127922</coordinates></Point>
  </Placemark>
  <Placemark id="inviduos_completos.1348">
	<ExtendedData><SchemaData schemaUrl="#inviduos_completos">
		<SimpleData name="Nº">1348.000000</SimpleData>
		<SimpleData name="Individuo">1348.000000</SimpleData>
		<SimpleData name="X">436145.000000</SimpleData>
		<SimpleData name="Y">7203592.000000</SimpleData>
	</SchemaData></ExtendedData>
      <Point><coordinates>-57.6342443401654,-25.2827518363848</coordinates></Point>
  </Placemark>
  <Placemark id="inviduos_completos.1349">
	<ExtendedData><SchemaData schemaUrl="#inviduos_completos">
		<SimpleData name="Nº">1349.000000</SimpleData>
		<SimpleData name="Individuo">1349.000000</SimpleData>
		<SimpleData name="X">436145.000000</SimpleData>
		<SimpleData name="Y">7203594.000000</SimpleData>
	</SchemaData></ExtendedData>
      <Point><coordinates>-57.6342442462499,-25.2827337760011</coordinates></Point>
  </Placemark>
  <Placemark id="inviduos_completos.1350">
	<ExtendedData><SchemaData schemaUrl="#inviduos_completos">
		<SimpleData name="Nº">1350.000000</SimpleData>
		<SimpleData name="Individuo">1350.000000</SimpleData>
		<SimpleData name="X">436146.000000</SimpleData>
		<SimpleData name="Y">7203595.000000</SimpleData>
	</SchemaData></ExtendedData>
      <Point><coordinates>-57.6342342672046,-25.2827247885025</coordinates></Point>
  </Placemark>
  <Placemark id="inviduos_completos.1351">
	<ExtendedData><SchemaData schemaUrl="#inviduos_completos">
		<SimpleData name="Nº">1351.000000</SimpleData>
		<SimpleData name="Individuo">1351.000000</SimpleData>
		<SimpleData name="X">436148.000000</SimpleData>
		<SimpleData name="Y">7203596.000000</SimpleData>
	</SchemaData></ExtendedData>
      <Point><coordinates>-57.6342143560739,-25.2827158436952</coordinates></Point>
  </Placemark>
  <Placemark id="inviduos_completos.1352">
	<ExtendedData><SchemaData schemaUrl="#inviduos_completos">
		<SimpleData name="Nº">1352.000000</SimpleData>
		<SimpleData name="Individuo">1352.000000</SimpleData>
		<SimpleData name="X">436148.000000</SimpleData>
		<SimpleData name="Y">7203601.000000</SimpleData>
	</SchemaData></ExtendedData>
      <Point><coordinates>-57.6342141212967,-25.2826706927352</coordinates></Point>
  </Placemark>
  <Placemark id="inviduos_completos.1353">
	<ExtendedData><SchemaData schemaUrl="#inviduos_completos">
		<SimpleData name="Nº">1353.000000</SimpleData>
		<SimpleData name="Individuo">1353.000000</SimpleData>
		<SimpleData name="X">436155.000000</SimpleData>
		<SimpleData name="Y">7203602.000000</SimpleData>
	</SchemaData></ExtendedData>
      <Point><coordinates>-57.6341445497634,-25.2826619613675</coordinates></Point>
  </Placemark>
  <Placemark id="inviduos_completos.1354">
	<ExtendedData><SchemaData schemaUrl="#inviduos_completos">
		<SimpleData name="Nº">1354.000000</SimpleData>
		<SimpleData name="Individuo">1354.000000</SimpleData>
		<SimpleData name="X">436157.000000</SimpleData>
		<SimpleData name="Y">7203601.000000</SimpleData>
	</SchemaData></ExtendedData>
      <Point><coordinates>-57.6341247325469,-25.2826710769321</coordinates></Point>
  </Placemark>
  <Placemark id="inviduos_completos.1355">
	<ExtendedData><SchemaData schemaUrl="#inviduos_completos">
		<SimpleData name="Nº">1355.000000</SimpleData>
		<SimpleData name="Individuo">1355.000000</SimpleData>
		<SimpleData name="X">436162.000000</SimpleData>
		<SimpleData name="Y">7203594.000000</SimpleData>
	</SchemaData></ExtendedData>
      <Point><coordinates>-57.6340754007456,-25.282734501697</coordinates></Point>
  </Placemark>
  <Placemark id="inviduos_completos.1356">
	<ExtendedData><SchemaData schemaUrl="#inviduos_completos">
		<SimpleData name="Nº">1356.000000</SimpleData>
		<SimpleData name="Individuo">1356.000000</SimpleData>
		<SimpleData name="X">436165.000000</SimpleData>
		<SimpleData name="Y">7203597.000000</SimpleData>
	</SchemaData></ExtendedData>
      <Point><coordinates>-57.6340454636505,-25.2827075391642</coordinates></Point>
  </Placemark>
  <Placemark id="inviduos_completos.1357">
	<ExtendedData><SchemaData schemaUrl="#inviduos_completos">
		<SimpleData name="Nº">1357.000000</SimpleData>
		<SimpleData name="Individuo">1357.000000</SimpleData>
		<SimpleData name="X">436165.000000</SimpleData>
		<SimpleData name="Y">7203596.000000</SimpleData>
	</SchemaData></ExtendedData>
      <Point><coordinates>-57.6340455105935,-25.2827165693564</coordinates></Point>
  </Placemark>
  <Placemark id="inviduos_completos.1358">
	<ExtendedData><SchemaData schemaUrl="#inviduos_completos">
		<SimpleData name="Nº">1358.000000</SimpleData>
		<SimpleData name="Individuo">1358.000000</SimpleData>
		<SimpleData name="X">436166.000000</SimpleData>
		<SimpleData name="Y">7203595.000000</SimpleData>
	</SchemaData></ExtendedData>
      <Point><coordinates>-57.6340356254484,-25.2827256422287</coordinates></Point>
  </Placemark>
  <Placemark id="inviduos_completos.1359">
	<ExtendedData><SchemaData schemaUrl="#inviduos_completos">
		<SimpleData name="Nº">1359.000000</SimpleData>
		<SimpleData name="Individuo">1359.000000</SimpleData>
		<SimpleData name="X">436164.000000</SimpleData>
		<SimpleData name="Y">7203596.000000</SimpleData>
	</SchemaData></ExtendedData>
      <Point><coordinates>-57.6340554426807,-25.2827165266758</coordinates></Point>
  </Placemark>
  <Placemark id="inviduos_completos.1360">
	<ExtendedData><SchemaData schemaUrl="#inviduos_completos">
		<SimpleData name="Nº">1360.000000</SimpleData>
		<SimpleData name="Individuo">1360.000000</SimpleData>
		<SimpleData name="X">436139.000000</SimpleData>
		<SimpleData name="Y">7203565.000000</SimpleData>
	</SchemaData></ExtendedData>
      <Point><coordinates>-57.6343052006911,-25.2829953953841</coordinates></Point>
  </Placemark>
  <Placemark id="inviduos_completos.1361">
	<ExtendedData><SchemaData schemaUrl="#inviduos_completos">
		<SimpleData name="Nº">1361.000000</SimpleData>
		<SimpleData name="Individuo">1361.000000</SimpleData>
		<SimpleData name="X">436141.000000</SimpleData>
		<SimpleData name="Y">7203564.000000</SimpleData>
	</SchemaData></ExtendedData>
      <Point><coordinates>-57.6342853834335,-25.2830045109706</coordinates></Point>
  </Placemark>
  <Placemark id="inviduos_completos.1362">
	<ExtendedData><SchemaData schemaUrl="#inviduos_completos">
		<SimpleData name="Nº">1362.000000</SimpleData>
		<SimpleData name="Individuo">1362.000000</SimpleData>
		<SimpleData name="X">436141.000000</SimpleData>
		<SimpleData name="Y">7203562.000000</SimpleData>
	</SchemaData></ExtendedData>
      <Point><coordinates>-57.6342854773562,-25.2830225713536</coordinates></Point>
  </Placemark>
  <Placemark id="inviduos_completos.1363">
	<ExtendedData><SchemaData schemaUrl="#inviduos_completos">
		<SimpleData name="Nº">1363.000000</SimpleData>
		<SimpleData name="Individuo">1363.000000</SimpleData>
		<SimpleData name="X">436136.000000</SimpleData>
		<SimpleData name="Y">7203563.000000</SimpleData>
	</SchemaData></ExtendedData>
      <Point><coordinates>-57.6343350909495,-25.2830133276693</coordinates></Point>
  </Placemark>
  <Placemark id="inviduos_completos.1364">
	<ExtendedData><SchemaData schemaUrl="#inviduos_completos">
		<SimpleData name="Nº">1364.000000</SimpleData>
		<SimpleData name="Individuo">1364.000000</SimpleData>
		<SimpleData name="X">436138.000000</SimpleData>
		<SimpleData name="Y">7203557.000000</SimpleData>
	</SchemaData></ExtendedData>
      <Point><coordinates>-57.6343155085096,-25.2830675942168</coordinates></Point>
  </Placemark>
  <Placemark id="inviduos_completos.1365">
	<ExtendedData><SchemaData schemaUrl="#inviduos_completos">
		<SimpleData name="Nº">1365.000000</SimpleData>
		<SimpleData name="Individuo">1365.000000</SimpleData>
		<SimpleData name="X">436140.000000</SimpleData>
		<SimpleData name="Y">7203554.000000</SimpleData>
	</SchemaData></ExtendedData>
      <Point><coordinates>-57.6342957851658,-25.2830947701876</coordinates></Point>
  </Placemark>
  <Placemark id="inviduos_completos.1366">
	<ExtendedData><SchemaData schemaUrl="#inviduos_completos">
		<SimpleData name="Nº">1366.000000</SimpleData>
		<SimpleData name="Individuo">1366.000000</SimpleData>
		<SimpleData name="X">436143.000000</SimpleData>
		<SimpleData name="Y">7203551.000000</SimpleData>
	</SchemaData></ExtendedData>
      <Point><coordinates>-57.6342661296933,-25.2831219888519</coordinates></Point>
  </Placemark>
  <Placemark id="inviduos_completos.1367">
	<ExtendedData><SchemaData schemaUrl="#inviduos_completos">
		<SimpleData name="Nº">1367.000000</SimpleData>
		<SimpleData name="Individuo">1367.000000</SimpleData>
		<SimpleData name="X">436142.000000</SimpleData>
		<SimpleData name="Y">7203550.000000</SimpleData>
	</SchemaData></ExtendedData>
      <Point><coordinates>-57.6342761087741,-25.2831309763472</coordinates></Point>
  </Placemark>
  <Placemark id="inviduos_completos.1368">
	<ExtendedData><SchemaData schemaUrl="#inviduos_completos">
		<SimpleData name="Nº">1368.000000</SimpleData>
		<SimpleData name="Individuo">1368.000000</SimpleData>
		<SimpleData name="X">436141.000000</SimpleData>
		<SimpleData name="Y">7203550.000000</SimpleData>
	</SchemaData></ExtendedData>
      <Point><coordinates>-57.6342860408947,-25.2831309336504</coordinates></Point>
  </Placemark>
  <Placemark id="inviduos_completos.1369">
	<ExtendedData><SchemaData schemaUrl="#inviduos_completos">
		<SimpleData name="Nº">1369.000000</SimpleData>
		<SimpleData name="Individuo">1369.000000</SimpleData>
		<SimpleData name="X">436140.000000</SimpleData>
		<SimpleData name="Y">7203548.000000</SimpleData>
	</SchemaData></ExtendedData>
      <Point><coordinates>-57.6342960669401,-25.2831489513355</coordinates></Point>
  </Placemark>
  <Placemark id="inviduos_completos.1370">
	<ExtendedData><SchemaData schemaUrl="#inviduos_completos">
		<SimpleData name="Nº">1370.000000</SimpleData>
		<SimpleData name="Individuo">1370.000000</SimpleData>
		<SimpleData name="X">436128.000000</SimpleData>
		<SimpleData name="Y">7203558.000000</SimpleData>
	</SchemaData></ExtendedData>
      <Point><coordinates>-57.6344147826908,-25.2830581370022</coordinates></Point>
  </Placemark>
  <Placemark id="inviduos_completos.1371">
	<ExtendedData><SchemaData schemaUrl="#inviduos_completos">
		<SimpleData name="Nº">1371.000000</SimpleData>
		<SimpleData name="Individuo">1371.000000</SimpleData>
		<SimpleData name="X">436134.000000</SimpleData>
		<SimpleData name="Y">7203553.000000</SimpleData>
	</SchemaData></ExtendedData>
      <Point><coordinates>-57.6343554248376,-25.2831035441805</coordinates></Point>
  </Placemark>
  <Placemark id="inviduos_completos.1372">
	<ExtendedData><SchemaData schemaUrl="#inviduos_completos">
		<SimpleData name="Nº">1372.000000</SimpleData>
		<SimpleData name="Individuo">1372.000000</SimpleData>
		<SimpleData name="X">436132.000000</SimpleData>
		<SimpleData name="Y">7203553.000000</SimpleData>
	</SchemaData></ExtendedData>
      <Point><coordinates>-57.634375289074,-25.2831034587757</coordinates></Point>
  </Placemark>
  <Placemark id="inviduos_completos.1373">
	<ExtendedData><SchemaData schemaUrl="#inviduos_completos">
		<SimpleData name="Nº">1373.000000</SimpleData>
		<SimpleData name="Individuo">1373.000000</SimpleData>
		<SimpleData name="X">436129.000000</SimpleData>
		<SimpleData name="Y">7203555.000000</SimpleData>
	</SchemaData></ExtendedData>
      <Point><coordinates>-57.6344049914875,-25.2830852702811</coordinates></Point>
  </Placemark>
  <Placemark id="inviduos_completos.1374">
	<ExtendedData><SchemaData schemaUrl="#inviduos_completos">
		<SimpleData name="Nº">1374.000000</SimpleData>
		<SimpleData name="Individuo">1374.000000</SimpleData>
		<SimpleData name="X">436128.000000</SimpleData>
		<SimpleData name="Y">7203556.000000</SimpleData>
	</SchemaData></ExtendedData>
      <Point><coordinates>-57.634414876633,-25.2830761973845</coordinates></Point>
  </Placemark>
  <Placemark id="inviduos_completos.1375">
	<ExtendedData><SchemaData schemaUrl="#inviduos_completos">
		<SimpleData name="Nº">1375.000000</SimpleData>
		<SimpleData name="Individuo">1375.000000</SimpleData>
		<SimpleData name="X">436136.000000</SimpleData>
		<SimpleData name="Y">7203550.000000</SimpleData>
	</SchemaData></ExtendedData>
      <Point><coordinates>-57.6343357014972,-25.2831307201564</coordinates></Point>
  </Placemark>
  <Placemark id="inviduos_completos.1376">
	<ExtendedData><SchemaData schemaUrl="#inviduos_completos">
		<SimpleData name="Nº">1376.000000</SimpleData>
		<SimpleData name="Individuo">1376.000000</SimpleData>
		<SimpleData name="X">436127.000000</SimpleData>
		<SimpleData name="Y">7203553.000000</SimpleData>
	</SchemaData></ExtendedData>
      <Point><coordinates>-57.6344249496644,-25.2831032452519</coordinates></Point>
  </Placemark>
  <Placemark id="inviduos_completos.1377">
	<ExtendedData><SchemaData schemaUrl="#inviduos_completos">
		<SimpleData name="Nº">1377.000000</SimpleData>
		<SimpleData name="Individuo">1377.000000</SimpleData>
		<SimpleData name="X">436127.000000</SimpleData>
		<SimpleData name="Y">7203555.000000</SimpleData>
	</SchemaData></ExtendedData>
      <Point><coordinates>-57.6344248557206,-25.2830851848696</coordinates></Point>
  </Placemark>
  <Placemark id="inviduos_completos.1378">
	<ExtendedData><SchemaData schemaUrl="#inviduos_completos">
		<SimpleData name="Nº">1378.000000</SimpleData>
		<SimpleData name="Individuo">1378.000000</SimpleData>
		<SimpleData name="X">436129.000000</SimpleData>
		<SimpleData name="Y">7203568.000000</SimpleData>
	</SchemaData></ExtendedData>
      <Point><coordinates>-57.6344043808744,-25.2829678777948</coordinates></Point>
  </Placemark>
  <Placemark id="inviduos_completos.1379">
	<ExtendedData><SchemaData schemaUrl="#inviduos_completos">
		<SimpleData name="Nº">1379.000000</SimpleData>
		<SimpleData name="Individuo">1379.000000</SimpleData>
		<SimpleData name="X">436130.000000</SimpleData>
		<SimpleData name="Y">7203570.000000</SimpleData>
	</SchemaData></ExtendedData>
      <Point><coordinates>-57.6343943548287,-25.2829498601166</coordinates></Point>
  </Placemark>
  <Placemark id="inviduos_completos.1380">
	<ExtendedData><SchemaData schemaUrl="#inviduos_completos">
		<SimpleData name="Nº">1380.000000</SimpleData>
		<SimpleData name="Individuo">1380.000000</SimpleData>
		<SimpleData name="X">436114.000000</SimpleData>
		<SimpleData name="Y">7203565.000000</SimpleData>
	</SchemaData></ExtendedData>
      <Point><coordinates>-57.634553503421,-25.2829943277204</coordinates></Point>
  </Placemark>
  <Placemark id="inviduos_completos.1381">
	<ExtendedData><SchemaData schemaUrl="#inviduos_completos">
		<SimpleData name="Nº">1381.000000</SimpleData>
		<SimpleData name="Individuo">1381.000000</SimpleData>
		<SimpleData name="X">436118.000000</SimpleData>
		<SimpleData name="Y">7203565.000000</SimpleData>
	</SchemaData></ExtendedData>
      <Point><coordinates>-57.6345137749852,-25.2829944985746</coordinates></Point>
  </Placemark>
  <Placemark id="inviduos_completos.1382">
	<ExtendedData><SchemaData schemaUrl="#inviduos_completos">
		<SimpleData name="Nº">1382.000000</SimpleData>
		<SimpleData name="Individuo">1382.000000</SimpleData>
		<SimpleData name="X">436117.000000</SimpleData>
		<SimpleData name="Y">7203565.000000</SimpleData>
	</SchemaData></ExtendedData>
      <Point><coordinates>-57.6345237070942,-25.2829944558621</coordinates></Point>
  </Placemark>
  <Placemark id="inviduos_completos.1383">
	<ExtendedData><SchemaData schemaUrl="#inviduos_completos">
		<SimpleData name="Nº">1383.000000</SimpleData>
		<SimpleData name="Individuo">1383.000000</SimpleData>
		<SimpleData name="X">436121.000000</SimpleData>
		<SimpleData name="Y">7203565.000000</SimpleData>
	</SchemaData></ExtendedData>
      <Point><coordinates>-57.6344839786581,-25.2829946267083</coordinates></Point>
  </Placemark>
  <Placemark id="inviduos_completos.1384">
	<ExtendedData><SchemaData schemaUrl="#inviduos_completos">
		<SimpleData name="Nº">1384.000000</SimpleData>
		<SimpleData name="Individuo">1384.000000</SimpleData>
		<SimpleData name="X">436122.000000</SimpleData>
		<SimpleData name="Y">7203568.000000</SimpleData>
	</SchemaData></ExtendedData>
      <Point><coordinates>-57.6344739056232,-25.2829675788446</coordinates></Point>
  </Placemark>
  <Placemark id="inviduos_completos.1385">
	<ExtendedData><SchemaData schemaUrl="#inviduos_completos">
		<SimpleData name="Nº">1385.000000</SimpleData>
		<SimpleData name="Individuo">1385.000000</SimpleData>
		<SimpleData name="X">436122.000000</SimpleData>
		<SimpleData name="Y">7203567.000000</SimpleData>
	</SchemaData></ExtendedData>
      <Point><coordinates>-57.6344739525984,-25.2829766090358</coordinates></Point>
  </Placemark>
  <Placemark id="inviduos_completos.1386">
	<ExtendedData><SchemaData schemaUrl="#inviduos_completos">
		<SimpleData name="Nº">1386.000000</SimpleData>
		<SimpleData name="Individuo">1386.000000</SimpleData>
		<SimpleData name="X">436121.000000</SimpleData>
		<SimpleData name="Y">7203567.000000</SimpleData>
	</SchemaData></ExtendedData>
      <Point><coordinates>-57.634483884706,-25.282976566326</coordinates></Point>
  </Placemark>
  <Placemark id="inviduos_completos.1387">
	<ExtendedData><SchemaData schemaUrl="#inviduos_completos">
		<SimpleData name="Nº">1387.000000</SimpleData>
		<SimpleData name="Individuo">1387.000000</SimpleData>
		<SimpleData name="X">436120.000000</SimpleData>
		<SimpleData name="Y">7203568.000000</SimpleData>
	</SchemaData></ExtendedData>
      <Point><coordinates>-57.6344937698369,-25.2829674934243</coordinates></Point>
  </Placemark>
  <Placemark id="inviduos_completos.1388">
	<ExtendedData><SchemaData schemaUrl="#inviduos_completos">
		<SimpleData name="Nº">1388.000000</SimpleData>
		<SimpleData name="Individuo">1388.000000</SimpleData>
		<SimpleData name="X">436122.000000</SimpleData>
		<SimpleData name="Y">7203570.000000</SimpleData>
	</SchemaData></ExtendedData>
      <Point><coordinates>-57.6344738116727,-25.2829495184622</coordinates></Point>
  </Placemark>
  <Placemark id="inviduos_completos.1389">
	<ExtendedData><SchemaData schemaUrl="#inviduos_completos">
		<SimpleData name="Nº">1389.000000</SimpleData>
		<SimpleData name="Individuo">1389.000000</SimpleData>
		<SimpleData name="X">436123.000000</SimpleData>
		<SimpleData name="Y">7203569.000000</SimpleData>
	</SchemaData></ExtendedData>
      <Point><coordinates>-57.6344639265418,-25.2829585913626</coordinates></Point>
  </Placemark>
  <Placemark id="inviduos_completos.1390">
	<ExtendedData><SchemaData schemaUrl="#inviduos_completos">
		<SimpleData name="Nº">1390.000000</SimpleData>
		<SimpleData name="Individuo">1390.000000</SimpleData>
		<SimpleData name="X">436124.000000</SimpleData>
		<SimpleData name="Y">7203572.000000</SimpleData>
	</SchemaData></ExtendedData>
      <Point><coordinates>-57.6344538535145,-25.2829315434973</coordinates></Point>
  </Placemark>
  <Placemark id="inviduos_completos.1391">
	<ExtendedData><SchemaData schemaUrl="#inviduos_completos">
		<SimpleData name="Nº">1391.000000</SimpleData>
		<SimpleData name="Individuo">1391.000000</SimpleData>
		<SimpleData name="X">436121.000000</SimpleData>
		<SimpleData name="Y">7203575.000000</SimpleData>
	</SchemaData></ExtendedData>
      <Point><coordinates>-57.6344835088988,-25.2829043247962</coordinates></Point>
  </Placemark>
  <Placemark id="inviduos_completos.1392">
	<ExtendedData><SchemaData schemaUrl="#inviduos_completos">
		<SimpleData name="Nº">1392.000000</SimpleData>
		<SimpleData name="Individuo">1392.000000</SimpleData>
		<SimpleData name="X">436119.000000</SimpleData>
		<SimpleData name="Y">7203565.000000</SimpleData>
	</SchemaData></ExtendedData>
      <Point><coordinates>-57.6345038428762,-25.2829945412865</coordinates></Point>
  </Placemark>
  <Placemark id="inviduos_completos.1393">
	<ExtendedData><SchemaData schemaUrl="#inviduos_completos">
		<SimpleData name="Nº">1393.000000</SimpleData>
		<SimpleData name="Individuo">1393.000000</SimpleData>
		<SimpleData name="X">436115.000000</SimpleData>
		<SimpleData name="Y">7203562.000000</SimpleData>
	</SchemaData></ExtendedData>
      <Point><coordinates>-57.6345437122535,-25.283021461008</coordinates></Point>
  </Placemark>
  <Placemark id="inviduos_completos.1394">
	<ExtendedData><SchemaData schemaUrl="#inviduos_completos">
		<SimpleData name="Nº">1394.000000</SimpleData>
		<SimpleData name="Individuo">1394.000000</SimpleData>
		<SimpleData name="X">436111.000000</SimpleData>
		<SimpleData name="Y">7203563.000000</SimpleData>
	</SchemaData></ExtendedData>
      <Point><coordinates>-57.6345833937145,-25.2830122599546</coordinates></Point>
  </Placemark>
  <Placemark id="inviduos_completos.1395">
	<ExtendedData><SchemaData schemaUrl="#inviduos_completos">
		<SimpleData name="Nº">1395.000000</SimpleData>
		<SimpleData name="Individuo">1395.000000</SimpleData>
		<SimpleData name="X">436106.000000</SimpleData>
		<SimpleData name="Y">7203564.000000</SimpleData>
	</SchemaData></ExtendedData>
      <Point><coordinates>-57.6346330072787,-25.2830030161706</coordinates></Point>
  </Placemark>
  <Placemark id="inviduos_completos.1396">
	<ExtendedData><SchemaData schemaUrl="#inviduos_completos">
		<SimpleData name="Nº">1396.000000</SimpleData>
		<SimpleData name="Individuo">1396.000000</SimpleData>
		<SimpleData name="X">436105.000000</SimpleData>
		<SimpleData name="Y">7203566.000000</SimpleData>
	</SchemaData></ExtendedData>
      <Point><coordinates>-57.6346428454125,-25.2829849130682</coordinates></Point>
  </Placemark>
  <Placemark id="inviduos_completos.1397">
	<ExtendedData><SchemaData schemaUrl="#inviduos_completos">
		<SimpleData name="Nº">1397.000000</SimpleData>
		<SimpleData name="Individuo">1397.000000</SimpleData>
		<SimpleData name="X">436107.000000</SimpleData>
		<SimpleData name="Y">7203571.000000</SimpleData>
	</SchemaData></ExtendedData>
      <Point><coordinates>-57.6346227462653,-25.282939847554</coordinates></Point>
  </Placemark>
  <Placemark id="inviduos_completos.1398">
	<ExtendedData><SchemaData schemaUrl="#inviduos_completos">
		<SimpleData name="Nº">1398.000000</SimpleData>
		<SimpleData name="Individuo">1398.000000</SimpleData>
		<SimpleData name="X">436100.000000</SimpleData>
		<SimpleData name="Y">7203570.000000</SimpleData>
	</SchemaData></ExtendedData>
      <Point><coordinates>-57.6346923179865,-25.2829485786921</coordinates></Point>
  </Placemark>
  <Placemark id="inviduos_completos.1399">
	<ExtendedData><SchemaData schemaUrl="#inviduos_completos">
		<SimpleData name="Nº">1399.000000</SimpleData>
		<SimpleData name="Individuo">1399.000000</SimpleData>
		<SimpleData name="X">436098.000000</SimpleData>
		<SimpleData name="Y">7203571.000000</SimpleData>
	</SchemaData></ExtendedData>
      <Point><coordinates>-57.6347121352034,-25.2829394630516</coordinates></Point>
  </Placemark>
  <Placemark id="inviduos_completos.1400">
	<ExtendedData><SchemaData schemaUrl="#inviduos_completos">
		<SimpleData name="Nº">1400.000000</SimpleData>
		<SimpleData name="Individuo">1400.000000</SimpleData>
		<SimpleData name="X">436096.000000</SimpleData>
		<SimpleData name="Y">7203572.000000</SimpleData>
	</SchemaData></ExtendedData>
      <Point><coordinates>-57.6347319524174,-25.2829303474085</coordinates></Point>
  </Placemark>
  <Placemark id="inviduos_completos.1401">
	<ExtendedData><SchemaData schemaUrl="#inviduos_completos">
		<SimpleData name="Nº">1401.000000</SimpleData>
		<SimpleData name="Individuo">1401.000000</SimpleData>
		<SimpleData name="X">436095.000000</SimpleData>
		<SimpleData name="Y">7203573.000000</SimpleData>
	</SchemaData></ExtendedData>
      <Point><coordinates>-57.6347418375258,-25.2829212744905</coordinates></Point>
  </Placemark>
  <Placemark id="inviduos_completos.1402">
	<ExtendedData><SchemaData schemaUrl="#inviduos_completos">
		<SimpleData name="Nº">1402.000000</SimpleData>
		<SimpleData name="Individuo">1402.000000</SimpleData>
		<SimpleData name="X">436094.000000</SimpleData>
		<SimpleData name="Y">7203574.000000</SimpleData>
	</SchemaData></ExtendedData>
      <Point><coordinates>-57.6347517226327,-25.2829122015719</coordinates></Point>
  </Placemark>
  <Placemark id="inviduos_completos.1403">
	<ExtendedData><SchemaData schemaUrl="#inviduos_completos">
		<SimpleData name="Nº">1403.000000</SimpleData>
		<SimpleData name="Individuo">1403.000000</SimpleData>
		<SimpleData name="X">436098.000000</SimpleData>
		<SimpleData name="Y">7203577.000000</SimpleData>
	</SchemaData></ExtendedData>
      <Point><coordinates>-57.6347118532469,-25.2828852819065</coordinates></Point>
  </Placemark>
  <Placemark id="inviduos_completos.1404">
	<ExtendedData><SchemaData schemaUrl="#inviduos_completos">
		<SimpleData name="Nº">1404.000000</SimpleData>
		<SimpleData name="Individuo">1404.000000</SimpleData>
		<SimpleData name="X">436102.000000</SimpleData>
		<SimpleData name="Y">7203577.000000</SimpleData>
	</SchemaData></ExtendedData>
      <Point><coordinates>-57.6346721248479,-25.2828854528027</coordinates></Point>
  </Placemark>
  <Placemark id="inviduos_completos.1405">
	<ExtendedData><SchemaData schemaUrl="#inviduos_completos">
		<SimpleData name="Nº">1405.000000</SimpleData>
		<SimpleData name="Individuo">1405.000000</SimpleData>
		<SimpleData name="X">436109.000000</SimpleData>
		<SimpleData name="Y">7203575.000000</SimpleData>
	</SchemaData></ExtendedData>
      <Point><coordinates>-57.6346026941178,-25.2829038122275</coordinates></Point>
  </Placemark>
  <Placemark id="inviduos_completos.1406">
	<ExtendedData><SchemaData schemaUrl="#inviduos_completos">
		<SimpleData name="Nº">1406.000000</SimpleData>
		<SimpleData name="Individuo">1406.000000</SimpleData>
		<SimpleData name="X">436117.000000</SimpleData>
		<SimpleData name="Y">7203578.000000</SimpleData>
	</SchemaData></ExtendedData>
      <Point><coordinates>-57.6345230963693,-25.282877063377</coordinates></Point>
  </Placemark>
  <Placemark id="inviduos_completos.1407">
	<ExtendedData><SchemaData schemaUrl="#inviduos_completos">
		<SimpleData name="Nº">1407.000000</SimpleData>
		<SimpleData name="Individuo">1407.000000</SimpleData>
		<SimpleData name="X">436118.000000</SimpleData>
		<SimpleData name="Y">7203596.000000</SimpleData>
	</SchemaData></ExtendedData>
      <Point><coordinates>-57.6345123186704,-25.2827145626452</coordinates></Point>
  </Placemark>
  <Placemark id="inviduos_completos.1408">
	<ExtendedData><SchemaData schemaUrl="#inviduos_completos">
		<SimpleData name="Nº">1408.000000</SimpleData>
		<SimpleData name="Individuo">1408.000000</SimpleData>
		<SimpleData name="X">436114.000000</SimpleData>
		<SimpleData name="Y">7203577.000000</SimpleData>
	</SchemaData></ExtendedData>
      <Point><coordinates>-57.6345529396484,-25.2828859654272</coordinates></Point>
  </Placemark>
  <Placemark id="inviduos_completos.1409">
	<ExtendedData><SchemaData schemaUrl="#inviduos_completos">
		<SimpleData name="Nº">1409.000000</SimpleData>
		<SimpleData name="Individuo">1409.000000</SimpleData>
		<SimpleData name="X">436113.000000</SimpleData>
		<SimpleData name="Y">7203578.000000</SimpleData>
	</SchemaData></ExtendedData>
      <Point><coordinates>-57.6345628247668,-25.282876892521</coordinates></Point>
  </Placemark>
  <Placemark id="inviduos_completos.1410">
	<ExtendedData><SchemaData schemaUrl="#inviduos_completos">
		<SimpleData name="Nº">1410.000000</SimpleData>
		<SimpleData name="Individuo">1410.000000</SimpleData>
		<SimpleData name="X">436096.000000</SimpleData>
		<SimpleData name="Y">7203576.000000</SimpleData>
	</SchemaData></ExtendedData>
      <Point><coordinates>-57.6347317644405,-25.2828942266452</coordinates></Point>
  </Placemark>
  <Placemark id="inviduos_completos.1411">
	<ExtendedData><SchemaData schemaUrl="#inviduos_completos">
		<SimpleData name="Nº">1411.000000</SimpleData>
		<SimpleData name="Individuo">1411.000000</SimpleData>
		<SimpleData name="X">436094.000000</SimpleData>
		<SimpleData name="Y">7203576.000000</SimpleData>
	</SchemaData></ExtendedData>
      <Point><coordinates>-57.6347516286413,-25.2828941411904</coordinates></Point>
  </Placemark>
  <Placemark id="inviduos_completos.1412">
	<ExtendedData><SchemaData schemaUrl="#inviduos_completos">
		<SimpleData name="Nº">1412.000000</SimpleData>
		<SimpleData name="Individuo">1412.000000</SimpleData>
		<SimpleData name="X">436092.000000</SimpleData>
		<SimpleData name="Y">7203575.000000</SimpleData>
	</SchemaData></ExtendedData>
      <Point><coordinates>-57.6347715398392,-25.2829030859236</coordinates></Point>
  </Placemark>
  <Placemark id="inviduos_completos.1413">
	<ExtendedData><SchemaData schemaUrl="#inviduos_completos">
		<SimpleData name="Nº">1413.000000</SimpleData>
		<SimpleData name="Individuo">1413.000000</SimpleData>
		<SimpleData name="X">436100.000000</SimpleData>
		<SimpleData name="Y">7203583.000000</SimpleData>
	</SchemaData></ExtendedData>
      <Point><coordinates>-57.6346917071006,-25.2828311862102</coordinates></Point>
  </Placemark>
  <Placemark id="inviduos_completos.1414">
	<ExtendedData><SchemaData schemaUrl="#inviduos_completos">
		<SimpleData name="Nº">1414.000000</SimpleData>
		<SimpleData name="Individuo">1414.000000</SimpleData>
		<SimpleData name="X">436097.000000</SimpleData>
		<SimpleData name="Y">7203585.000000</SimpleData>
	</SchemaData></ExtendedData>
      <Point><coordinates>-57.6347214094001,-25.2828129976534</coordinates></Point>
  </Placemark>
  <Placemark id="inviduos_completos.1415">
	<ExtendedData><SchemaData schemaUrl="#inviduos_completos">
		<SimpleData name="Nº">1415.000000</SimpleData>
		<SimpleData name="Individuo">1415.000000</SimpleData>
		<SimpleData name="X">436098.000000</SimpleData>
		<SimpleData name="Y">7203584.000000</SimpleData>
	</SchemaData></ExtendedData>
      <Point><coordinates>-57.6347115242988,-25.28282207057</coordinates></Point>
  </Placemark>
  <Placemark id="inviduos_completos.1416">
	<ExtendedData><SchemaData schemaUrl="#inviduos_completos">
		<SimpleData name="Nº">1416.000000</SimpleData>
		<SimpleData name="Individuo">1416.000000</SimpleData>
		<SimpleData name="X">436103.000000</SimpleData>
		<SimpleData name="Y">7203585.000000</SimpleData>
	</SchemaData></ExtendedData>
      <Point><coordinates>-57.6346618168367,-25.2828132539969</coordinates></Point>
  </Placemark>
  <Placemark id="inviduos_completos.1417">
	<ExtendedData><SchemaData schemaUrl="#inviduos_completos">
		<SimpleData name="Nº">1417.000000</SimpleData>
		<SimpleData name="Individuo">1417.000000</SimpleData>
		<SimpleData name="X">436103.000000</SimpleData>
		<SimpleData name="Y">7203592.000000</SimpleData>
	</SchemaData></ExtendedData>
      <Point><coordinates>-57.6346614879155,-25.2827500426592</coordinates></Point>
  </Placemark>
  <Placemark id="inviduos_completos.1418">
	<ExtendedData><SchemaData schemaUrl="#inviduos_completos">
		<SimpleData name="Nº">1418.000000</SimpleData>
		<SimpleData name="Individuo">1418.000000</SimpleData>
		<SimpleData name="X">436109.000000</SimpleData>
		<SimpleData name="Y">7203587.000000</SimpleData>
	</SchemaData></ExtendedData>
      <Point><coordinates>-57.6346021303038,-25.282795449934</coordinates></Point>
  </Placemark>
  <Placemark id="inviduos_completos.1419">
	<ExtendedData><SchemaData schemaUrl="#inviduos_completos">
		<SimpleData name="Nº">1419.000000</SimpleData>
		<SimpleData name="Individuo">1419.000000</SimpleData>
		<SimpleData name="X">436105.000000</SimpleData>
		<SimpleData name="Y">7203586.000000</SimpleData>
	</SchemaData></ExtendedData>
      <Point><coordinates>-57.6346419056614,-25.2828043092483</coordinates></Point>
  </Placemark>
  <Placemark id="inviduos_completos.1420">
	<ExtendedData><SchemaData schemaUrl="#inviduos_completos">
		<SimpleData name="Nº">1420.000000</SimpleData>
		<SimpleData name="Individuo">1420.000000</SimpleData>
		<SimpleData name="X">436109.000000</SimpleData>
		<SimpleData name="Y">7203594.000000</SimpleData>
	</SchemaData></ExtendedData>
      <Point><coordinates>-57.6346018014138,-25.2827322385954</coordinates></Point>
  </Placemark>
  <Placemark id="inviduos_completos.1421">
	<ExtendedData><SchemaData schemaUrl="#inviduos_completos">
		<SimpleData name="Nº">1421.000000</SimpleData>
		<SimpleData name="Individuo">1421.000000</SimpleData>
		<SimpleData name="X">436111.000000</SimpleData>
		<SimpleData name="Y">7203593.000000</SimpleData>
	</SchemaData></ExtendedData>
      <Point><coordinates>-57.6345819842215,-25.2827413542209</coordinates></Point>
  </Placemark>
  <Placemark id="inviduos_completos.1422">
	<ExtendedData><SchemaData schemaUrl="#inviduos_completos">
		<SimpleData name="Nº">1422.000000</SimpleData>
		<SimpleData name="Individuo">1422.000000</SimpleData>
		<SimpleData name="X">436114.000000</SimpleData>
		<SimpleData name="Y">7203589.000000</SimpleData>
	</SchemaData></ExtendedData>
      <Point><coordinates>-57.634552375879,-25.2827776031324</coordinates></Point>
  </Placemark>
  <Placemark id="inviduos_completos.1423">
	<ExtendedData><SchemaData schemaUrl="#inviduos_completos">
		<SimpleData name="Nº">1423.000000</SimpleData>
		<SimpleData name="Individuo">1423.000000</SimpleData>
		<SimpleData name="X">436115.000000</SimpleData>
		<SimpleData name="Y">7203587.000000</SimpleData>
	</SchemaData></ExtendedData>
      <Point><coordinates>-57.6345425377476,-25.2827957062292</coordinates></Point>
  </Placemark>
  <Placemark id="inviduos_completos.1424">
	<ExtendedData><SchemaData schemaUrl="#inviduos_completos">
		<SimpleData name="Nº">1424.000000</SimpleData>
		<SimpleData name="Individuo">1424.000000</SimpleData>
		<SimpleData name="X">436125.000000</SimpleData>
		<SimpleData name="Y">7203592.000000</SimpleData>
	</SchemaData></ExtendedData>
      <Point><coordinates>-57.6344429819562,-25.2827509823768</coordinates></Point>
  </Placemark>
  <Placemark id="inviduos_completos.1425">
	<ExtendedData><SchemaData schemaUrl="#inviduos_completos">
		<SimpleData name="Nº">1425.000000</SimpleData>
		<SimpleData name="Individuo">1425.000000</SimpleData>
		<SimpleData name="X">436125.000000</SimpleData>
		<SimpleData name="Y">7203589.000000</SimpleData>
	</SchemaData></ExtendedData>
      <Point><coordinates>-57.6344431228737,-25.2827780729514</coordinates></Point>
  </Placemark>
  <Placemark id="inviduos_completos.1426">
	<ExtendedData><SchemaData schemaUrl="#inviduos_completos">
		<SimpleData name="Nº">1426.000000</SimpleData>
		<SimpleData name="Individuo">1426.000000</SimpleData>
		<SimpleData name="X">436121.000000</SimpleData>
		<SimpleData name="Y">7203594.000000</SimpleData>
	</SchemaData></ExtendedData>
      <Point><coordinates>-57.6344826163624,-25.2827327511602</coordinates></Point>
  </Placemark>
  <Placemark id="inviduos_completos.1427">
	<ExtendedData><SchemaData schemaUrl="#inviduos_completos">
		<SimpleData name="Nº">1427.000000</SimpleData>
		<SimpleData name="Individuo">1427.000000</SimpleData>
		<SimpleData name="X">436119.000000</SimpleData>
		<SimpleData name="Y">7203597.000000</SimpleData>
	</SchemaData></ExtendedData>
      <Point><coordinates>-57.6345023396074,-25.2827055751651</coordinates></Point>
  </Placemark>
  <Placemark id="inviduos_completos.1428">
	<ExtendedData><SchemaData schemaUrl="#inviduos_completos">
		<SimpleData name="Nº">1428.000000</SimpleData>
		<SimpleData name="Individuo">1428.000000</SimpleData>
		<SimpleData name="X">436118.000000</SimpleData>
		<SimpleData name="Y">7203593.000000</SimpleData>
	</SchemaData></ExtendedData>
      <Point><coordinates>-57.6345124596032,-25.2827416532195</coordinates></Point>
  </Placemark>
  <Placemark id="inviduos_completos.1429">
	<ExtendedData><SchemaData schemaUrl="#inviduos_completos">
		<SimpleData name="Nº">1429.000000</SimpleData>
		<SimpleData name="Individuo">1429.000000</SimpleData>
		<SimpleData name="X">436113.000000</SimpleData>
		<SimpleData name="Y">7203594.000000</SimpleData>
	</SchemaData></ExtendedData>
      <Point><coordinates>-57.6345620730637,-25.2827324094611</coordinates></Point>
  </Placemark>
  <Placemark id="inviduos_completos.1430">
	<ExtendedData><SchemaData schemaUrl="#inviduos_completos">
		<SimpleData name="Nº">1430.000000</SimpleData>
		<SimpleData name="Individuo">1430.000000</SimpleData>
		<SimpleData name="X">436114.000000</SimpleData>
		<SimpleData name="Y">7203592.000000</SimpleData>
	</SchemaData></ExtendedData>
      <Point><coordinates>-57.6345522349372,-25.2827505125585</coordinates></Point>
  </Placemark>
  <Placemark id="inviduos_completos.1431">
	<ExtendedData><SchemaData schemaUrl="#inviduos_completos">
		<SimpleData name="Nº">1431.000000</SimpleData>
		<SimpleData name="Individuo">1431.000000</SimpleData>
		<SimpleData name="X">436110.000000</SimpleData>
		<SimpleData name="Y">7203600.000000</SimpleData>
	</SchemaData></ExtendedData>
      <Point><coordinates>-57.6345915874259,-25.2826781001649</coordinates></Point>
  </Placemark>
  <Placemark id="inviduos_completos.1432">
	<ExtendedData><SchemaData schemaUrl="#inviduos_completos">
		<SimpleData name="Nº">1432.000000</SimpleData>
		<SimpleData name="Individuo">1432.000000</SimpleData>
		<SimpleData name="X">436109.000000</SimpleData>
		<SimpleData name="Y">7203597.000000</SimpleData>
	</SchemaData></ExtendedData>
      <Point><coordinates>-57.6346016604613,-25.2827051480216</coordinates></Point>
  </Placemark>
  <Placemark id="inviduos_completos.1433">
	<ExtendedData><SchemaData schemaUrl="#inviduos_completos">
		<SimpleData name="Nº">1433.000000</SimpleData>
		<SimpleData name="Individuo">1433.000000</SimpleData>
		<SimpleData name="X">436111.000000</SimpleData>
		<SimpleData name="Y">7203598.000000</SimpleData>
	</SchemaData></ExtendedData>
      <Point><coordinates>-57.634581749308,-25.2826962032643</coordinates></Point>
  </Placemark>
  <Placemark id="inviduos_completos.1434">
	<ExtendedData><SchemaData schemaUrl="#inviduos_completos">
		<SimpleData name="Nº">1434.000000</SimpleData>
		<SimpleData name="Individuo">1434.000000</SimpleData>
		<SimpleData name="X">436109.000000</SimpleData>
		<SimpleData name="Y">7203601.000000</SimpleData>
	</SchemaData></ExtendedData>
      <Point><coordinates>-57.6346014725249,-25.2826690272563</coordinates></Point>
  </Placemark>
  <Placemark id="inviduos_completos.1435">
	<ExtendedData><SchemaData schemaUrl="#inviduos_completos">
		<SimpleData name="Nº">1435.000000</SimpleData>
		<SimpleData name="Individuo">1435.000000</SimpleData>
		<SimpleData name="X">436112.000000</SimpleData>
		<SimpleData name="Y">7203609.000000</SimpleData>
	</SchemaData></ExtendedData>
      <Point><coordinates>-57.6345713004238,-25.2825969138746</coordinates></Point>
  </Placemark>
  <Placemark id="inviduos_completos.1436">
	<ExtendedData><SchemaData schemaUrl="#inviduos_completos">
		<SimpleData name="Nº">1436.000000</SimpleData>
		<SimpleData name="Individuo">1436.000000</SimpleData>
		<SimpleData name="X">436112.000000</SimpleData>
		<SimpleData name="Y">7203607.000000</SimpleData>
	</SchemaData></ExtendedData>
      <Point><coordinates>-57.6345713943871,-25.2826149742576</coordinates></Point>
  </Placemark>
  <Placemark id="inviduos_completos.1437">
	<ExtendedData><SchemaData schemaUrl="#inviduos_completos">
		<SimpleData name="Nº">1437.000000</SimpleData>
		<SimpleData name="Individuo">1437.000000</SimpleData>
		<SimpleData name="X">436116.000000</SimpleData>
		<SimpleData name="Y">7203615.000000</SimpleData>
	</SchemaData></ExtendedData>
      <Point><coordinates>-57.6345312902456,-25.2825429035817</coordinates></Point>
  </Placemark>
  <Placemark id="inviduos_completos.1438">
	<ExtendedData><SchemaData schemaUrl="#inviduos_completos">
		<SimpleData name="Nº">1438.000000</SimpleData>
		<SimpleData name="Individuo">1438.000000</SimpleData>
		<SimpleData name="X">436117.000000</SimpleData>
		<SimpleData name="Y">7203615.000000</SimpleData>
	</SchemaData></ExtendedData>
      <Point><coordinates>-57.6345213581734,-25.282542946294</coordinates></Point>
  </Placemark>
  <Placemark id="inviduos_completos.1439">
	<ExtendedData><SchemaData schemaUrl="#inviduos_completos">
		<SimpleData name="Nº">1439.000000</SimpleData>
		<SimpleData name="Individuo">1439.000000</SimpleData>
		<SimpleData name="X">436120.000000</SimpleData>
		<SimpleData name="Y">7203616.000000</SimpleData>
	</SchemaData></ExtendedData>
      <Point><coordinates>-57.634491514981,-25.2825340442354</coordinates></Point>
  </Placemark>
  <Placemark id="inviduos_completos.1440">
	<ExtendedData><SchemaData schemaUrl="#inviduos_completos">
		<SimpleData name="Nº">1440.000000</SimpleData>
		<SimpleData name="Individuo">1440.000000</SimpleData>
		<SimpleData name="X">436123.000000</SimpleData>
		<SimpleData name="Y">7203612.000000</SimpleData>
	</SchemaData></ExtendedData>
      <Point><coordinates>-57.6344619066601,-25.2825702931294</coordinates></Point>
  </Placemark>
  <Placemark id="inviduos_completos.1441">
	<ExtendedData><SchemaData schemaUrl="#inviduos_completos">
		<SimpleData name="Nº">1441.000000</SimpleData>
		<SimpleData name="Individuo">1441.000000</SimpleData>
		<SimpleData name="X">436124.000000</SimpleData>
		<SimpleData name="Y">7203612.000000</SimpleData>
	</SchemaData></ExtendedData>
      <Point><coordinates>-57.6344519745855,-25.2825703358371</coordinates></Point>
  </Placemark>
  <Placemark id="inviduos_completos.1442">
	<ExtendedData><SchemaData schemaUrl="#inviduos_completos">
		<SimpleData name="Nº">1442.000000</SimpleData>
		<SimpleData name="Individuo">1442.000000</SimpleData>
		<SimpleData name="X">436124.000000</SimpleData>
		<SimpleData name="Y">7203610.000000</SimpleData>
	</SchemaData></ExtendedData>
      <Point><coordinates>-57.6344520685311,-25.2825883962205</coordinates></Point>
  </Placemark>
  <Placemark id="inviduos_completos.1443">
	<ExtendedData><SchemaData schemaUrl="#inviduos_completos">
		<SimpleData name="Nº">1443.000000</SimpleData>
		<SimpleData name="Individuo">1443.000000</SimpleData>
		<SimpleData name="X">436124.000000</SimpleData>
		<SimpleData name="Y">7203609.000000</SimpleData>
	</SchemaData></ExtendedData>
      <Point><coordinates>-57.6344521155039,-25.2825974264122</coordinates></Point>
  </Placemark>
  <Placemark id="inviduos_completos.1444">
	<ExtendedData><SchemaData schemaUrl="#inviduos_completos">
		<SimpleData name="Nº">1444.000000</SimpleData>
		<SimpleData name="Individuo">1444.000000</SimpleData>
		<SimpleData name="X">436124.000000</SimpleData>
		<SimpleData name="Y">7203608.000000</SimpleData>
	</SchemaData></ExtendedData>
      <Point><coordinates>-57.6344521624768,-25.2826064566039</coordinates></Point>
  </Placemark>
  <Placemark id="inviduos_completos.1445">
	<ExtendedData><SchemaData schemaUrl="#inviduos_completos">
		<SimpleData name="Nº">1445.000000</SimpleData>
		<SimpleData name="Individuo">1445.000000</SimpleData>
		<SimpleData name="X">436124.000000</SimpleData>
		<SimpleData name="Y">7203603.000000</SimpleData>
	</SchemaData></ExtendedData>
      <Point><coordinates>-57.6344523973413,-25.2826516075622</coordinates></Point>
  </Placemark>
  <Placemark id="inviduos_completos.1446">
	<ExtendedData><SchemaData schemaUrl="#inviduos_completos">
		<SimpleData name="Nº">1446.000000</SimpleData>
		<SimpleData name="Individuo">1446.000000</SimpleData>
		<SimpleData name="X">436124.000000</SimpleData>
		<SimpleData name="Y">7203600.000000</SimpleData>
	</SchemaData></ExtendedData>
      <Point><coordinates>-57.6344525382604,-25.282678698137</coordinates></Point>
  </Placemark>
  <Placemark id="inviduos_completos.1447">
	<ExtendedData><SchemaData schemaUrl="#inviduos_completos">
		<SimpleData name="Nº">1447.000000</SimpleData>
		<SimpleData name="Individuo">1447.000000</SimpleData>
		<SimpleData name="X">436130.000000</SimpleData>
		<SimpleData name="Y">7203595.000000</SimpleData>
	</SchemaData></ExtendedData>
      <Point><coordinates>-57.634393180603,-25.282724105329</coordinates></Point>
  </Placemark>
  <Placemark id="inviduos_completos.1448">
	<ExtendedData><SchemaData schemaUrl="#inviduos_completos">
		<SimpleData name="Nº">1448.000000</SimpleData>
		<SimpleData name="Individuo">1448.000000</SimpleData>
		<SimpleData name="X">436129.000000</SimpleData>
		<SimpleData name="Y">7203596.000000</SimpleData>
	</SchemaData></ExtendedData>
      <Point><coordinates>-57.6344030657207,-25.2827150324334</coordinates></Point>
  </Placemark>
  <Placemark id="inviduos_completos.1449">
	<ExtendedData><SchemaData schemaUrl="#inviduos_completos">
		<SimpleData name="Nº">1449.000000</SimpleData>
		<SimpleData name="Individuo">1449.000000</SimpleData>
		<SimpleData name="X">436129.000000</SimpleData>
		<SimpleData name="Y">7203597.000000</SimpleData>
	</SchemaData></ExtendedData>
      <Point><coordinates>-57.6344030187513,-25.2827060022417</coordinates></Point>
  </Placemark>
  <Placemark id="inviduos_completos.1450">
	<ExtendedData><SchemaData schemaUrl="#inviduos_completos">
		<SimpleData name="Nº">1450.000000</SimpleData>
		<SimpleData name="Individuo">1450.000000</SimpleData>
		<SimpleData name="X">436128.000000</SimpleData>
		<SimpleData name="Y">7203597.000000</SimpleData>
	</SchemaData></ExtendedData>
      <Point><coordinates>-57.634412950837,-25.2827059595371</coordinates></Point>
  </Placemark>
  <Placemark id="inviduos_completos.1451">
	<ExtendedData><SchemaData schemaUrl="#inviduos_completos">
		<SimpleData name="Nº">1451.000000</SimpleData>
		<SimpleData name="Individuo">1451.000000</SimpleData>
		<SimpleData name="X">436130.000000</SimpleData>
		<SimpleData name="Y">7203601.000000</SimpleData>
	</SchemaData></ExtendedData>
      <Point><coordinates>-57.6343928987909,-25.282669924179</coordinates></Point>
  </Placemark>
  <Placemark id="inviduos_completos.1452">
	<ExtendedData><SchemaData schemaUrl="#inviduos_completos">
		<SimpleData name="Nº">1452.000000</SimpleData>
		<SimpleData name="Individuo">1452.000000</SimpleData>
		<SimpleData name="X">436129.000000</SimpleData>
		<SimpleData name="Y">7203603.000000</SimpleData>
	</SchemaData></ExtendedData>
      <Point><coordinates>-57.6344027369351,-25.2826518210916</coordinates></Point>
  </Placemark>
  <Placemark id="inviduos_completos.1453">
	<ExtendedData><SchemaData schemaUrl="#inviduos_completos">
		<SimpleData name="Nº">1453.000000</SimpleData>
		<SimpleData name="Individuo">1453.000000</SimpleData>
		<SimpleData name="X">436127.000000</SimpleData>
		<SimpleData name="Y">7203604.000000</SimpleData>
	</SchemaData></ExtendedData>
      <Point><coordinates>-57.6344225541269,-25.2826427054902</coordinates></Point>
  </Placemark>
  <Placemark id="inviduos_completos.1454">
	<ExtendedData><SchemaData schemaUrl="#inviduos_completos">
		<SimpleData name="Nº">1454.000000</SimpleData>
		<SimpleData name="Individuo">1454.000000</SimpleData>
		<SimpleData name="X">436125.000000</SimpleData>
		<SimpleData name="Y">7203606.000000</SimpleData>
	</SchemaData></ExtendedData>
      <Point><coordinates>-57.6344423243435,-25.2826245596944</coordinates></Point>
  </Placemark>
  <Placemark id="inviduos_completos.1455">
	<ExtendedData><SchemaData schemaUrl="#inviduos_completos">
		<SimpleData name="Nº">1455.000000</SimpleData>
		<SimpleData name="Individuo">1455.000000</SimpleData>
		<SimpleData name="X">436124.000000</SimpleData>
		<SimpleData name="Y">7203608.000000</SimpleData>
	</SchemaData></ExtendedData>
      <Point><coordinates>-57.6344521624768,-25.2826064566039</coordinates></Point>
  </Placemark>
  <Placemark id="inviduos_completos.1456">
	<ExtendedData><SchemaData schemaUrl="#inviduos_completos">
		<SimpleData name="Nº">1456.000000</SimpleData>
		<SimpleData name="Individuo">1456.000000</SimpleData>
		<SimpleData name="X">436127.000000</SimpleData>
		<SimpleData name="Y">7203610.000000</SimpleData>
	</SchemaData></ExtendedData>
      <Point><coordinates>-57.6344222723028,-25.2825885243399</coordinates></Point>
  </Placemark>
  <Placemark id="inviduos_completos.1457">
	<ExtendedData><SchemaData schemaUrl="#inviduos_completos">
		<SimpleData name="Nº">1457.000000</SimpleData>
		<SimpleData name="Individuo">1457.000000</SimpleData>
		<SimpleData name="X">436126.000000</SimpleData>
		<SimpleData name="Y">7203611.000000</SimpleData>
	</SchemaData></ExtendedData>
      <Point><coordinates>-57.6344321574076,-25.2825794514423</coordinates></Point>
  </Placemark>
  <Placemark id="inviduos_completos.1458">
	<ExtendedData><SchemaData schemaUrl="#inviduos_completos">
		<SimpleData name="Nº">1458.000000</SimpleData>
		<SimpleData name="Individuo">1458.000000</SimpleData>
		<SimpleData name="X">436125.000000</SimpleData>
		<SimpleData name="Y">7203612.000000</SimpleData>
	</SchemaData></ExtendedData>
      <Point><coordinates>-57.6344420425109,-25.2825703785442</coordinates></Point>
  </Placemark>
  <Placemark id="inviduos_completos.1459">
	<ExtendedData><SchemaData schemaUrl="#inviduos_completos">
		<SimpleData name="Nº">1459.000000</SimpleData>
		<SimpleData name="Individuo">1459.000000</SimpleData>
		<SimpleData name="X">436124.000000</SimpleData>
		<SimpleData name="Y">7203614.000000</SimpleData>
	</SchemaData></ExtendedData>
      <Point><coordinates>-57.63445188064,-25.2825522754536</coordinates></Point>
  </Placemark>
  <Placemark id="inviduos_completos.1460">
	<ExtendedData><SchemaData schemaUrl="#inviduos_completos">
		<SimpleData name="Nº">1460.000000</SimpleData>
		<SimpleData name="Individuo">1460.000000</SimpleData>
		<SimpleData name="X">436131.000000</SimpleData>
		<SimpleData name="Y">7203612.000000</SimpleData>
	</SchemaData></ExtendedData>
      <Point><coordinates>-57.6343824500629,-25.2825706347726</coordinates></Point>
  </Placemark>
  <Placemark id="inviduos_completos.1461">
	<ExtendedData><SchemaData schemaUrl="#inviduos_completos">
		<SimpleData name="Nº">1461.000000</SimpleData>
		<SimpleData name="Individuo">1461.000000</SimpleData>
		<SimpleData name="X">436142.000000</SimpleData>
		<SimpleData name="Y">7203613.000000</SimpleData>
	</SchemaData></ExtendedData>
      <Point><coordinates>-57.6342731502798,-25.2825620742701</coordinates></Point>
  </Placemark>
  <Placemark id="inviduos_completos.1462">
	<ExtendedData><SchemaData schemaUrl="#inviduos_completos">
		<SimpleData name="Nº">1462.000000</SimpleData>
		<SimpleData name="Individuo">1462.000000</SimpleData>
		<SimpleData name="X">436140.000000</SimpleData>
		<SimpleData name="Y">7203612.000000</SimpleData>
	</SchemaData></ExtendedData>
      <Point><coordinates>-57.6342930613893,-25.28257101907</coordinates></Point>
  </Placemark>
  <Placemark id="inviduos_completos.1463">
	<ExtendedData><SchemaData schemaUrl="#inviduos_completos">
		<SimpleData name="Nº">1463.000000</SimpleData>
		<SimpleData name="Individuo">1463.000000</SimpleData>
		<SimpleData name="X">436140.000000</SimpleData>
		<SimpleData name="Y">7203607.000000</SimpleData>
	</SchemaData></ExtendedData>
      <Point><coordinates>-57.6342932961946,-25.2826161700299</coordinates></Point>
  </Placemark>
  <Placemark id="inviduos_completos.1464">
	<ExtendedData><SchemaData schemaUrl="#inviduos_completos">
		<SimpleData name="Nº">1464.000000</SimpleData>
		<SimpleData name="Individuo">1464.000000</SimpleData>
		<SimpleData name="X">436138.000000</SimpleData>
		<SimpleData name="Y">7203600.000000</SimpleData>
	</SchemaData></ExtendedData>
      <Point><coordinates>-57.6343134890905,-25.2826792959781</coordinates></Point>
  </Placemark>
  <Placemark id="inviduos_completos.1465">
	<ExtendedData><SchemaData schemaUrl="#inviduos_completos">
		<SimpleData name="Nº">1465.000000</SimpleData>
		<SimpleData name="Individuo">1465.000000</SimpleData>
		<SimpleData name="X">436144.000000</SimpleData>
		<SimpleData name="Y">7203601.000000</SimpleData>
	</SchemaData></ExtendedData>
      <Point><coordinates>-57.6342538496294,-25.2826705219636</coordinates></Point>
  </Placemark>
  <Placemark id="inviduos_completos.1466">
	<ExtendedData><SchemaData schemaUrl="#inviduos_completos">
		<SimpleData name="Nº">1466.000000</SimpleData>
		<SimpleData name="Individuo">1466.000000</SimpleData>
		<SimpleData name="X">436144.000000</SimpleData>
		<SimpleData name="Y">7203605.000000</SimpleData>
	</SchemaData></ExtendedData>
      <Point><coordinates>-57.6342536617963,-25.2826344011958</coordinates></Point>
  </Placemark>
</Folder>
</Document></kml>
