<?xml version="1.0" encoding="utf-8" ?>
<kml xmlns="http://www.opengis.net/kml/2.2">
<Document id="root_doc">
<Schema name="clipped" id="clipped">
	<SimpleField name="Nº" type="float"></SimpleField>
	<SimpleField name="Individuo" type="float"></SimpleField>
	<SimpleField name="X" type="float"></SimpleField>
	<SimpleField name="Y" type="float"></SimpleField>
</Schema>
<Folder><name>clipped</name>
  <Placemark id="clipped.1">
	<ExtendedData><SchemaData schemaUrl="#clipped">
		<SimpleData name="Nº">147.000000</SimpleData>
		<SimpleData name="Individuo">147.000000</SimpleData>
		<SimpleData name="X">436431.000000</SimpleData>
		<SimpleData name="Y">7203613.000000</SimpleData>
	</SchemaData></ExtendedData>
      <Point><coordinates>-57.6314027798764,-25.2825743853119</coordinates></Point>
  </Placemark>
  <Placemark id="clipped.2">
	<ExtendedData><SchemaData schemaUrl="#clipped">
		<SimpleData name="Nº">148.000000</SimpleData>
		<SimpleData name="Individuo">148.000000</SimpleData>
		<SimpleData name="X">436435.000000</SimpleData>
		<SimpleData name="Y">7203611.000000</SimpleData>
	</SchemaData></ExtendedData>
      <Point><coordinates>-57.6313631450413,-25.2825926157095</coordinates></Point>
  </Placemark>
  <Placemark id="clipped.3">
	<ExtendedData><SchemaData schemaUrl="#clipped">
		<SimpleData name="Nº">149.000000</SimpleData>
		<SimpleData name="Individuo">149.000000</SimpleData>
		<SimpleData name="X">436484.000000</SimpleData>
		<SimpleData name="Y">7203588.000000</SimpleData>
	</SchemaData></ExtendedData>
      <Point><coordinates>-57.6308775472722,-25.2828023919337</coordinates></Point>
  </Placemark>
  <Placemark id="clipped.4">
	<ExtendedData><SchemaData schemaUrl="#clipped">
		<SimpleData name="Nº">150.000000</SimpleData>
		<SimpleData name="Individuo">150.000000</SimpleData>
		<SimpleData name="X">436545.000000</SimpleData>
		<SimpleData name="Y">7203555.000000</SimpleData>
	</SchemaData></ExtendedData>
      <Point><coordinates>-57.6302732290259,-25.2831029777398</coordinates></Point>
  </Placemark>
  <Placemark id="clipped.5">
	<ExtendedData><SchemaData schemaUrl="#clipped">
		<SimpleData name="Nº">151.000000</SimpleData>
		<SimpleData name="Individuo">151.000000</SimpleData>
		<SimpleData name="X">436671.000000</SimpleData>
		<SimpleData name="Y">7203489.000000</SimpleData>
	</SchemaData></ExtendedData>
      <Point><coordinates>-57.6290248547663,-25.2837043114423</coordinates></Point>
  </Placemark>
  <Placemark id="clipped.6">
	<ExtendedData><SchemaData schemaUrl="#clipped">
		<SimpleData name="Nº">152.000000</SimpleData>
		<SimpleData name="Individuo">152.000000</SimpleData>
		<SimpleData name="X">436705.000000</SimpleData>
		<SimpleData name="Y">7203455.000000</SimpleData>
	</SchemaData></ExtendedData>
      <Point><coordinates>-57.628688743381,-25.2840127775545</coordinates></Point>
  </Placemark>
  <Placemark id="clipped.7">
	<ExtendedData><SchemaData schemaUrl="#clipped">
		<SimpleData name="Nº">153.000000</SimpleData>
		<SimpleData name="Individuo">153.000000</SimpleData>
		<SimpleData name="X">436743.000000</SimpleData>
		<SimpleData name="Y">7203430.000000</SimpleData>
	</SchemaData></ExtendedData>
      <Point><coordinates>-57.6283124826835,-25.2842401403106</coordinates></Point>
  </Placemark>
  <Placemark id="clipped.8">
	<ExtendedData><SchemaData schemaUrl="#clipped">
		<SimpleData name="Nº">154.000000</SimpleData>
		<SimpleData name="Individuo">154.000000</SimpleData>
		<SimpleData name="X">436708.000000</SimpleData>
		<SimpleData name="Y">7203455.000000</SimpleData>
	</SchemaData></ExtendedData>
      <Point><coordinates>-57.6286589467716,-25.2840129045166</coordinates></Point>
  </Placemark>
  <Placemark id="clipped.9">
	<ExtendedData><SchemaData schemaUrl="#clipped">
		<SimpleData name="Nº">155.000000</SimpleData>
		<SimpleData name="Individuo">155.000000</SimpleData>
		<SimpleData name="X">436696.000000</SimpleData>
		<SimpleData name="Y">7203457.000000</SimpleData>
	</SchemaData></ExtendedData>
      <Point><coordinates>-57.6287780400966,-25.2839943362321</coordinates></Point>
  </Placemark>
  <Placemark id="clipped.10">
	<ExtendedData><SchemaData schemaUrl="#clipped">
		<SimpleData name="Nº">156.000000</SimpleData>
		<SimpleData name="Individuo">156.000000</SimpleData>
		<SimpleData name="X">436574.000000</SimpleData>
		<SimpleData name="Y">7203519.000000</SimpleData>
	</SchemaData></ExtendedData>
      <Point><coordinates>-57.6299868765326,-25.2834292949929</coordinates></Point>
  </Placemark>
  <Placemark id="clipped.11">
	<ExtendedData><SchemaData schemaUrl="#clipped">
		<SimpleData name="Nº">157.000000</SimpleData>
		<SimpleData name="Individuo">157.000000</SimpleData>
		<SimpleData name="X">436565.000000</SimpleData>
		<SimpleData name="Y">7203511.000000</SimpleData>
	</SchemaData></ExtendedData>
      <Point><coordinates>-57.6300766391155,-25.2835011548783</coordinates></Point>
  </Placemark>
  <Placemark id="clipped.12">
	<ExtendedData><SchemaData schemaUrl="#clipped">
		<SimpleData name="Nº">158.000000</SimpleData>
		<SimpleData name="Individuo">158.000000</SimpleData>
		<SimpleData name="X">436563.000000</SimpleData>
		<SimpleData name="Y">7203505.000000</SimpleData>
	</SchemaData></ExtendedData>
      <Point><coordinates>-57.6300967833471,-25.2835552512372</coordinates></Point>
  </Placemark>
  <Placemark id="clipped.13">
	<ExtendedData><SchemaData schemaUrl="#clipped">
		<SimpleData name="Nº">159.000000</SimpleData>
		<SimpleData name="Individuo">159.000000</SimpleData>
		<SimpleData name="X">436564.000000</SimpleData>
		<SimpleData name="Y">7203509.000000</SimpleData>
	</SchemaData></ExtendedData>
      <Point><coordinates>-57.6300866645774,-25.28351917286</coordinates></Point>
  </Placemark>
  <Placemark id="clipped.14">
	<ExtendedData><SchemaData schemaUrl="#clipped">
		<SimpleData name="Nº">160.000000</SimpleData>
		<SimpleData name="Individuo">160.000000</SimpleData>
		<SimpleData name="X">436562.000000</SimpleData>
		<SimpleData name="Y">7203501.000000</SimpleData>
	</SchemaData></ExtendedData>
      <Point><coordinates>-57.630106902123,-25.2835913296135</coordinates></Point>
  </Placemark>
  <Placemark id="clipped.15">
	<ExtendedData><SchemaData schemaUrl="#clipped">
		<SimpleData name="Nº">161.000000</SimpleData>
		<SimpleData name="Individuo">161.000000</SimpleData>
		<SimpleData name="X">436560.000000</SimpleData>
		<SimpleData name="Y">7203495.000000</SimpleData>
	</SchemaData></ExtendedData>
      <Point><coordinates>-57.6301270463838,-25.2836454259671</coordinates></Point>
  </Placemark>
  <Placemark id="clipped.16">
	<ExtendedData><SchemaData schemaUrl="#clipped">
		<SimpleData name="Nº">162.000000</SimpleData>
		<SimpleData name="Individuo">162.000000</SimpleData>
		<SimpleData name="X">436559.000000</SimpleData>
		<SimpleData name="Y">7203492.000000</SimpleData>
	</SchemaData></ExtendedData>
      <Point><coordinates>-57.630137118521,-25.2836724741426</coordinates></Point>
  </Placemark>
  <Placemark id="clipped.17">
	<ExtendedData><SchemaData schemaUrl="#clipped">
		<SimpleData name="Nº">163.000000</SimpleData>
		<SimpleData name="Individuo">163.000000</SimpleData>
		<SimpleData name="X">436531.000000</SimpleData>
		<SimpleData name="Y">7203552.000000</SimpleData>
	</SchemaData></ExtendedData>
      <Point><coordinates>-57.6304124188121,-25.2831294742912</coordinates></Point>
  </Placemark>
  <Placemark id="clipped.18">
	<ExtendedData><SchemaData schemaUrl="#clipped">
		<SimpleData name="Nº">164.000000</SimpleData>
		<SimpleData name="Individuo">164.000000</SimpleData>
		<SimpleData name="X">436502.000000</SimpleData>
		<SimpleData name="Y">7203556.000000</SimpleData>
	</SchemaData></ExtendedData>
      <Point><coordinates>-57.6307002637264,-25.2830921225648</coordinates></Point>
  </Placemark>
  <Placemark id="clipped.19">
	<ExtendedData><SchemaData schemaUrl="#clipped">
		<SimpleData name="Nº">165.000000</SimpleData>
		<SimpleData name="Individuo">165.000000</SimpleData>
		<SimpleData name="X">436502.000000</SimpleData>
		<SimpleData name="Y">7203547.000000</SimpleData>
	</SchemaData></ExtendedData>
      <Point><coordinates>-57.6307006839924,-25.2831733943432</coordinates></Point>
  </Placemark>
  <Placemark id="clipped.20">
	<ExtendedData><SchemaData schemaUrl="#clipped">
		<SimpleData name="Nº">166.000000</SimpleData>
		<SimpleData name="Individuo">166.000000</SimpleData>
		<SimpleData name="X">436491.000000</SimpleData>
		<SimpleData name="Y">7203534.000000</SimpleData>
	</SchemaData></ExtendedData>
      <Point><coordinates>-57.6308105445902,-25.2832903198531</coordinates></Point>
  </Placemark>
  <Placemark id="clipped.21">
	<ExtendedData><SchemaData schemaUrl="#clipped">
		<SimpleData name="Nº">167.000000</SimpleData>
		<SimpleData name="Individuo">167.000000</SimpleData>
		<SimpleData name="X">436496.000000</SimpleData>
		<SimpleData name="Y">7203540.000000</SimpleData>
	</SchemaData></ExtendedData>
      <Point><coordinates>-57.6307606036831,-25.2832363509779</coordinates></Point>
  </Placemark>
  <Placemark id="clipped.22">
	<ExtendedData><SchemaData schemaUrl="#clipped">
		<SimpleData name="Nº">168.000000</SimpleData>
		<SimpleData name="Individuo">168.000000</SimpleData>
		<SimpleData name="X">436497.000000</SimpleData>
		<SimpleData name="Y">7203541.000000</SimpleData>
	</SchemaData></ExtendedData>
      <Point><coordinates>-57.630750624847,-25.2832273632402</coordinates></Point>
  </Placemark>
  <Placemark id="clipped.23">
	<ExtendedData><SchemaData schemaUrl="#clipped">
		<SimpleData name="Nº">169.000000</SimpleData>
		<SimpleData name="Individuo">169.000000</SimpleData>
		<SimpleData name="X">436510.000000</SimpleData>
		<SimpleData name="Y">7203561.000000</SimpleData>
	</SchemaData></ExtendedData>
      <Point><coordinates>-57.6306205732805,-25.2830473111999</coordinates></Point>
  </Placemark>
  <Placemark id="clipped.24">
	<ExtendedData><SchemaData schemaUrl="#clipped">
		<SimpleData name="Nº">170.000000</SimpleData>
		<SimpleData name="Individuo">170.000000</SimpleData>
		<SimpleData name="X">436508.000000</SimpleData>
		<SimpleData name="Y">7203571.000000</SimpleData>
	</SchemaData></ExtendedData>
      <Point><coordinates>-57.6306399706072,-25.2829569243194</coordinates></Point>
  </Placemark>
  <Placemark id="clipped.25">
	<ExtendedData><SchemaData schemaUrl="#clipped">
		<SimpleData name="Nº">171.000000</SimpleData>
		<SimpleData name="Individuo">171.000000</SimpleData>
		<SimpleData name="X">436505.000000</SimpleData>
		<SimpleData name="Y">7203574.000000</SimpleData>
	</SchemaData></ExtendedData>
      <Point><coordinates>-57.6306696268667,-25.2829297063685</coordinates></Point>
  </Placemark>
  <Placemark id="clipped.26">
	<ExtendedData><SchemaData schemaUrl="#clipped">
		<SimpleData name="Nº">172.000000</SimpleData>
		<SimpleData name="Individuo">172.000000</SimpleData>
		<SimpleData name="X">436497.000000</SimpleData>
		<SimpleData name="Y">7203580.000000</SimpleData>
	</SchemaData></ExtendedData>
      <Point><coordinates>-57.630748803559,-25.2828751855333</coordinates></Point>
  </Placemark>
  <Placemark id="clipped.27">
	<ExtendedData><SchemaData schemaUrl="#clipped">
		<SimpleData name="Nº">173.000000</SimpleData>
		<SimpleData name="Individuo">173.000000</SimpleData>
		<SimpleData name="X">436457.000000</SimpleData>
		<SimpleData name="Y">7203603.000000</SimpleData>
	</SchemaData></ExtendedData>
      <Point><coordinates>-57.6311450130488,-25.2826657921168</coordinates></Point>
  </Placemark>
  <Placemark id="clipped.28">
	<ExtendedData><SchemaData schemaUrl="#clipped">
		<SimpleData name="Nº">174.000000</SimpleData>
		<SimpleData name="Individuo">174.000000</SimpleData>
		<SimpleData name="X">436431.000000</SimpleData>
		<SimpleData name="Y">7203588.000000</SimpleData>
	</SchemaData></ExtendedData>
      <Point><coordinates>-57.6314039485593,-25.2828001402348</coordinates></Point>
  </Placemark>
  <Placemark id="clipped.29">
	<ExtendedData><SchemaData schemaUrl="#clipped">
		<SimpleData name="Nº">190.000000</SimpleData>
		<SimpleData name="Individuo">190.000000</SimpleData>
		<SimpleData name="X">436597.000000</SimpleData>
		<SimpleData name="Y">7203298.000000</SimpleData>
	</SchemaData></ExtendedData>
      <Point><coordinates>-57.6297687421431,-25.2854259438836</coordinates></Point>
  </Placemark>
  <Placemark id="clipped.30">
	<ExtendedData><SchemaData schemaUrl="#clipped">
		<SimpleData name="Nº">191.000000</SimpleData>
		<SimpleData name="Individuo">191.000000</SimpleData>
		<SimpleData name="X">436602.000000</SimpleData>
		<SimpleData name="Y">7203282.000000</SimpleData>
	</SchemaData></ExtendedData>
      <Point><coordinates>-57.6297198266193,-25.285570639001</coordinates></Point>
  </Placemark>
  <Placemark id="clipped.31">
	<ExtendedData><SchemaData schemaUrl="#clipped">
		<SimpleData name="Nº">192.000000</SimpleData>
		<SimpleData name="Individuo">192.000000</SimpleData>
		<SimpleData name="X">436614.000000</SimpleData>
		<SimpleData name="Y">7203287.000000</SimpleData>
	</SchemaData></ExtendedData>
      <Point><coordinates>-57.6296004055823,-25.2855259966928</coordinates></Point>
  </Placemark>
  <Placemark id="clipped.32">
	<ExtendedData><SchemaData schemaUrl="#clipped">
		<SimpleData name="Nº">193.000000</SimpleData>
		<SimpleData name="Individuo">193.000000</SimpleData>
		<SimpleData name="X">436610.000000</SimpleData>
		<SimpleData name="Y">7203280.000000</SimpleData>
	</SchemaData></ExtendedData>
      <Point><coordinates>-57.6296404612403,-25.285589038521</coordinates></Point>
  </Placemark>
  <Placemark id="clipped.33">
	<ExtendedData><SchemaData schemaUrl="#clipped">
		<SimpleData name="Nº">194.000000</SimpleData>
		<SimpleData name="Individuo">194.000000</SimpleData>
		<SimpleData name="X">436612.000000</SimpleData>
		<SimpleData name="Y">7203284.000000</SimpleData>
	</SchemaData></ExtendedData>
      <Point><coordinates>-57.6296204100954,-25.2855530025102</coordinates></Point>
  </Placemark>
  <Placemark id="clipped.34">
	<ExtendedData><SchemaData schemaUrl="#clipped">
		<SimpleData name="Nº">195.000000</SimpleData>
		<SimpleData name="Individuo">195.000000</SimpleData>
		<SimpleData name="X">436624.000000</SimpleData>
		<SimpleData name="Y">7203300.000000</SimpleData>
	</SchemaData></ExtendedData>
      <Point><coordinates>-57.6295004763751,-25.2854090279551</coordinates></Point>
  </Placemark>
  <Placemark id="clipped.35">
	<ExtendedData><SchemaData schemaUrl="#clipped">
		<SimpleData name="Nº">196.000000</SimpleData>
		<SimpleData name="Individuo">196.000000</SimpleData>
		<SimpleData name="X">436612.000000</SimpleData>
		<SimpleData name="Y">7203299.000000</SimpleData>
	</SchemaData></ExtendedData>
      <Point><coordinates>-57.6296197107777,-25.2854175495612</coordinates></Point>
  </Placemark>
  <Placemark id="clipped.36">
	<ExtendedData><SchemaData schemaUrl="#clipped">
		<SimpleData name="Nº">197.000000</SimpleData>
		<SimpleData name="Individuo">197.000000</SimpleData>
		<SimpleData name="X">436619.000000</SimpleData>
		<SimpleData name="Y">7203307.000000</SimpleData>
	</SchemaData></ExtendedData>
      <Point><coordinates>-57.6295498116408,-25.2853456046761</coordinates></Point>
  </Placemark>
  <Placemark id="clipped.37">
	<ExtendedData><SchemaData schemaUrl="#clipped">
		<SimpleData name="Nº">198.000000</SimpleData>
		<SimpleData name="Individuo">198.000000</SimpleData>
		<SimpleData name="X">436617.000000</SimpleData>
		<SimpleData name="Y">7203316.000000</SimpleData>
	</SchemaData></ExtendedData>
      <Point><coordinates>-57.6295692567073,-25.2852642481391</coordinates></Point>
  </Placemark>
  <Placemark id="clipped.38">
	<ExtendedData><SchemaData schemaUrl="#clipped">
		<SimpleData name="Nº">199.000000</SimpleData>
		<SimpleData name="Individuo">199.000000</SimpleData>
		<SimpleData name="X">436622.000000</SimpleData>
		<SimpleData name="Y">7203314.000000</SimpleData>
	</SchemaData></ExtendedData>
      <Point><coordinates>-57.6295196884169,-25.2852825204395</coordinates></Point>
  </Placemark>
  <Placemark id="clipped.39">
	<ExtendedData><SchemaData schemaUrl="#clipped">
		<SimpleData name="Nº">200.000000</SimpleData>
		<SimpleData name="Individuo">200.000000</SimpleData>
		<SimpleData name="X">436627.000000</SimpleData>
		<SimpleData name="Y">7203321.000000</SimpleData>
	</SchemaData></ExtendedData>
      <Point><coordinates>-57.629469700625,-25.2852195209493</coordinates></Point>
  </Placemark>
  <Placemark id="clipped.40">
	<ExtendedData><SchemaData schemaUrl="#clipped">
		<SimpleData name="Nº">201.000000</SimpleData>
		<SimpleData name="Individuo">201.000000</SimpleData>
		<SimpleData name="X">436627.000000</SimpleData>
		<SimpleData name="Y">7203324.000000</SimpleData>
	</SchemaData></ExtendedData>
      <Point><coordinates>-57.6294695607967,-25.2851924303577</coordinates></Point>
  </Placemark>
  <Placemark id="clipped.41">
	<ExtendedData><SchemaData schemaUrl="#clipped">
		<SimpleData name="Nº">202.000000</SimpleData>
		<SimpleData name="Individuo">202.000000</SimpleData>
		<SimpleData name="X">436632.000000</SimpleData>
		<SimpleData name="Y">7203329.000000</SimpleData>
	</SchemaData></ExtendedData>
      <Point><coordinates>-57.6294196662795,-25.2851474912433</coordinates></Point>
  </Placemark>
  <Placemark id="clipped.42">
	<ExtendedData><SchemaData schemaUrl="#clipped">
		<SimpleData name="Nº">203.000000</SimpleData>
		<SimpleData name="Individuo">203.000000</SimpleData>
		<SimpleData name="X">436640.000000</SimpleData>
		<SimpleData name="Y">7203338.000000</SimpleData>
	</SchemaData></ExtendedData>
      <Point><coordinates>-57.6293397885291,-25.2850665584255</coordinates></Point>
  </Placemark>
  <Placemark id="clipped.43">
	<ExtendedData><SchemaData schemaUrl="#clipped">
		<SimpleData name="Nº">204.000000</SimpleData>
		<SimpleData name="Individuo">204.000000</SimpleData>
		<SimpleData name="X">436645.000000</SimpleData>
		<SimpleData name="Y">7203341.000000</SimpleData>
	</SchemaData></ExtendedData>
      <Point><coordinates>-57.6292899873029,-25.28503967966</coordinates></Point>
  </Placemark>
  <Placemark id="clipped.44">
	<ExtendedData><SchemaData schemaUrl="#clipped">
		<SimpleData name="Nº">205.000000</SimpleData>
		<SimpleData name="Individuo">205.000000</SimpleData>
		<SimpleData name="X">436650.000000</SimpleData>
		<SimpleData name="Y">7203351.000000</SimpleData>
	</SchemaData></ExtendedData>
      <Point><coordinates>-57.6292398599545,-25.284949589492</coordinates></Point>
  </Placemark>
  <Placemark id="clipped.45">
	<ExtendedData><SchemaData schemaUrl="#clipped">
		<SimpleData name="Nº">206.000000</SimpleData>
		<SimpleData name="Individuo">206.000000</SimpleData>
		<SimpleData name="X">436635.000000</SimpleData>
		<SimpleData name="Y">7203349.000000</SimpleData>
	</SchemaData></ExtendedData>
      <Point><coordinates>-57.6293889373331,-25.2849670144079</coordinates></Point>
  </Placemark>
  <Placemark id="clipped.46">
	<ExtendedData><SchemaData schemaUrl="#clipped">
		<SimpleData name="Nº">207.000000</SimpleData>
		<SimpleData name="Individuo">207.000000</SimpleData>
		<SimpleData name="X">436637.000000</SimpleData>
		<SimpleData name="Y">7203346.000000</SimpleData>
	</SchemaData></ExtendedData>
      <Point><coordinates>-57.6293692125787,-25.2849941897402</coordinates></Point>
  </Placemark>
  <Placemark id="clipped.47">
	<ExtendedData><SchemaData schemaUrl="#clipped">
		<SimpleData name="Nº">208.000000</SimpleData>
		<SimpleData name="Individuo">208.000000</SimpleData>
		<SimpleData name="X">436635.000000</SimpleData>
		<SimpleData name="Y">7203348.000000</SimpleData>
	</SchemaData></ExtendedData>
      <Point><coordinates>-57.629388983936,-25.2849760446055</coordinates></Point>
  </Placemark>
  <Placemark id="clipped.48">
	<ExtendedData><SchemaData schemaUrl="#clipped">
		<SimpleData name="Nº">209.000000</SimpleData>
		<SimpleData name="Individuo">209.000000</SimpleData>
		<SimpleData name="X">436641.000000</SimpleData>
		<SimpleData name="Y">7203346.000000</SimpleData>
	</SchemaData></ExtendedData>
      <Point><coordinates>-57.6293294834516,-25.2849943592111</coordinates></Point>
  </Placemark>
  <Placemark id="clipped.49">
	<ExtendedData><SchemaData schemaUrl="#clipped">
		<SimpleData name="Nº">210.000000</SimpleData>
		<SimpleData name="Individuo">210.000000</SimpleData>
		<SimpleData name="X">436635.000000</SimpleData>
		<SimpleData name="Y">7203361.000000</SimpleData>
	</SchemaData></ExtendedData>
      <Point><coordinates>-57.6293883780989,-25.2848586520355</coordinates></Point>
  </Placemark>
  <Placemark id="clipped.50">
	<ExtendedData><SchemaData schemaUrl="#clipped">
		<SimpleData name="Nº">211.000000</SimpleData>
		<SimpleData name="Individuo">211.000000</SimpleData>
		<SimpleData name="X">436644.000000</SimpleData>
		<SimpleData name="Y">7203360.000000</SimpleData>
	</SchemaData></ExtendedData>
      <Point><coordinates>-57.6292990342582,-25.2848680635376</coordinates></Point>
  </Placemark>
  <Placemark id="clipped.51">
	<ExtendedData><SchemaData schemaUrl="#clipped">
		<SimpleData name="Nº">212.000000</SimpleData>
		<SimpleData name="Individuo">212.000000</SimpleData>
		<SimpleData name="X">436651.000000</SimpleData>
		<SimpleData name="Y">7203351.000000</SimpleData>
	</SchemaData></ExtendedData>
      <Point><coordinates>-57.6292299276762,-25.284949631852</coordinates></Point>
  </Placemark>
  <Placemark id="clipped.52">
	<ExtendedData><SchemaData schemaUrl="#clipped">
		<SimpleData name="Nº">213.000000</SimpleData>
		<SimpleData name="Individuo">213.000000</SimpleData>
		<SimpleData name="X">436655.000000</SimpleData>
		<SimpleData name="Y">7203357.000000</SimpleData>
	</SchemaData></ExtendedData>
      <Point><coordinates>-57.6291899190336,-25.2848956200969</coordinates></Point>
  </Placemark>
  <Placemark id="clipped.53">
	<ExtendedData><SchemaData schemaUrl="#clipped">
		<SimpleData name="Nº">214.000000</SimpleData>
		<SimpleData name="Individuo">214.000000</SimpleData>
		<SimpleData name="X">436652.000000</SimpleData>
		<SimpleData name="Y">7203363.000000</SimpleData>
	</SchemaData></ExtendedData>
      <Point><coordinates>-57.6292194363142,-25.2848413118351</coordinates></Point>
  </Placemark>
  <Placemark id="clipped.54">
	<ExtendedData><SchemaData schemaUrl="#clipped">
		<SimpleData name="Nº">215.000000</SimpleData>
		<SimpleData name="Individuo">215.000000</SimpleData>
		<SimpleData name="X">436648.000000</SimpleData>
		<SimpleData name="Y">7203364.000000</SimpleData>
	</SchemaData></ExtendedData>
      <Point><coordinates>-57.6292591187992,-25.2848321121967</coordinates></Point>
  </Placemark>
  <Placemark id="clipped.55">
	<ExtendedData><SchemaData schemaUrl="#clipped">
		<SimpleData name="Nº">216.000000</SimpleData>
		<SimpleData name="Individuo">216.000000</SimpleData>
		<SimpleData name="X">436631.000000</SimpleData>
		<SimpleData name="Y">7203368.000000</SimpleData>
	</SchemaData></ExtendedData>
      <Point><coordinates>-57.6294277809424,-25.2847952711654</coordinates></Point>
  </Placemark>
  <Placemark id="clipped.56">
	<ExtendedData><SchemaData schemaUrl="#clipped">
		<SimpleData name="Nº">217.000000</SimpleData>
		<SimpleData name="Individuo">217.000000</SimpleData>
		<SimpleData name="X">436633.000000</SimpleData>
		<SimpleData name="Y">7203369.000000</SimpleData>
	</SchemaData></ExtendedData>
      <Point><coordinates>-57.6294078698075,-25.2847863257116</coordinates></Point>
  </Placemark>
  <Placemark id="clipped.57">
	<ExtendedData><SchemaData schemaUrl="#clipped">
		<SimpleData name="Nº">218.000000</SimpleData>
		<SimpleData name="Individuo">218.000000</SimpleData>
		<SimpleData name="X">436640.000000</SimpleData>
		<SimpleData name="Y">7203374.000000</SimpleData>
	</SchemaData></ExtendedData>
      <Point><coordinates>-57.6293381109599,-25.2847414713047</coordinates></Point>
  </Placemark>
  <Placemark id="clipped.58">
	<ExtendedData><SchemaData schemaUrl="#clipped">
		<SimpleData name="Nº">219.000000</SimpleData>
		<SimpleData name="Individuo">219.000000</SimpleData>
		<SimpleData name="X">436637.000000</SimpleData>
		<SimpleData name="Y">7203374.000000</SimpleData>
	</SchemaData></ExtendedData>
      <Point><coordinates>-57.6293679077434,-25.284741344202</coordinates></Point>
  </Placemark>
  <Placemark id="clipped.59">
	<ExtendedData><SchemaData schemaUrl="#clipped">
		<SimpleData name="Nº">220.000000</SimpleData>
		<SimpleData name="Individuo">220.000000</SimpleData>
		<SimpleData name="X">436641.000000</SimpleData>
		<SimpleData name="Y">7203369.000000</SimpleData>
	</SchemaData></ExtendedData>
      <Point><coordinates>-57.629328411689,-25.2847866646609</coordinates></Point>
  </Placemark>
  <Placemark id="clipped.60">
	<ExtendedData><SchemaData schemaUrl="#clipped">
		<SimpleData name="Nº">221.000000</SimpleData>
		<SimpleData name="Individuo">221.000000</SimpleData>
		<SimpleData name="X">436647.000000</SimpleData>
		<SimpleData name="Y">7203368.000000</SimpleData>
	</SchemaData></ExtendedData>
      <Point><coordinates>-57.6292688646928,-25.2847959490429</coordinates></Point>
  </Placemark>
  <Placemark id="clipped.61">
	<ExtendedData><SchemaData schemaUrl="#clipped">
		<SimpleData name="Nº">222.000000</SimpleData>
		<SimpleData name="Individuo">222.000000</SimpleData>
		<SimpleData name="X">436647.000000</SimpleData>
		<SimpleData name="Y">7203375.000000</SimpleData>
	</SchemaData></ExtendedData>
      <Point><coordinates>-57.6292685385373,-25.2847327376562</coordinates></Point>
  </Placemark>
  <Placemark id="clipped.62">
	<ExtendedData><SchemaData schemaUrl="#clipped">
		<SimpleData name="Nº">223.000000</SimpleData>
		<SimpleData name="Individuo">223.000000</SimpleData>
		<SimpleData name="X">436660.000000</SimpleData>
		<SimpleData name="Y">7203386.000000</SimpleData>
	</SchemaData></ExtendedData>
      <Point><coordinates>-57.6291389067244,-25.2846339561215</coordinates></Point>
  </Placemark>
  <Placemark id="clipped.63">
	<ExtendedData><SchemaData schemaUrl="#clipped">
		<SimpleData name="Nº">224.000000</SimpleData>
		<SimpleData name="Individuo">224.000000</SimpleData>
		<SimpleData name="X">436663.000000</SimpleData>
		<SimpleData name="Y">7203378.000000</SimpleData>
	</SchemaData></ExtendedData>
      <Point><coordinates>-57.629109482619,-25.2847063247654</coordinates></Point>
  </Placemark>
  <Placemark id="clipped.64">
	<ExtendedData><SchemaData schemaUrl="#clipped">
		<SimpleData name="Nº">225.000000</SimpleData>
		<SimpleData name="Individuo">225.000000</SimpleData>
		<SimpleData name="X">436668.000000</SimpleData>
		<SimpleData name="Y">7203372.000000</SimpleData>
	</SchemaData></ExtendedData>
      <Point><coordinates>-57.6290601007936,-25.2847607177036</coordinates></Point>
  </Placemark>
  <Placemark id="clipped.65">
	<ExtendedData><SchemaData schemaUrl="#clipped">
		<SimpleData name="Nº">226.000000</SimpleData>
		<SimpleData name="Individuo">226.000000</SimpleData>
		<SimpleData name="X">436672.000000</SimpleData>
		<SimpleData name="Y">7203371.000000</SimpleData>
	</SchemaData></ExtendedData>
      <Point><coordinates>-57.6290204183155,-25.2847699172883</coordinates></Point>
  </Placemark>
  <Placemark id="clipped.66">
	<ExtendedData><SchemaData schemaUrl="#clipped">
		<SimpleData name="Nº">227.000000</SimpleData>
		<SimpleData name="Individuo">227.000000</SimpleData>
		<SimpleData name="X">436671.000000</SimpleData>
		<SimpleData name="Y">7203373.000000</SimpleData>
	</SchemaData></ExtendedData>
      <Point><coordinates>-57.6290302574276,-25.2847518145457</coordinates></Point>
  </Placemark>
  <Placemark id="clipped.67">
	<ExtendedData><SchemaData schemaUrl="#clipped">
		<SimpleData name="Nº">228.000000</SimpleData>
		<SimpleData name="Individuo">228.000000</SimpleData>
		<SimpleData name="X">436659.000000</SimpleData>
		<SimpleData name="Y">7203389.000000</SimpleData>
	</SchemaData></ExtendedData>
      <Point><coordinates>-57.6291486992239,-25.2846068231728</coordinates></Point>
  </Placemark>
  <Placemark id="clipped.68">
	<ExtendedData><SchemaData schemaUrl="#clipped">
		<SimpleData name="Nº">229.000000</SimpleData>
		<SimpleData name="Individuo">229.000000</SimpleData>
		<SimpleData name="X">436656.000000</SimpleData>
		<SimpleData name="Y">7203381.000000</SimpleData>
	</SchemaData></ExtendedData>
      <Point><coordinates>-57.6291788686694,-25.2846789376961</coordinates></Point>
  </Placemark>
  <Placemark id="clipped.69">
	<ExtendedData><SchemaData schemaUrl="#clipped">
		<SimpleData name="Nº">230.000000</SimpleData>
		<SimpleData name="Individuo">230.000000</SimpleData>
		<SimpleData name="X">436656.000000</SimpleData>
		<SimpleData name="Y">7203392.000000</SimpleData>
	</SchemaData></ExtendedData>
      <Point><coordinates>-57.6291783562158,-25.2845796055136</coordinates></Point>
  </Placemark>
  <Placemark id="clipped.70">
	<ExtendedData><SchemaData schemaUrl="#clipped">
		<SimpleData name="Nº">231.000000</SimpleData>
		<SimpleData name="Individuo">231.000000</SimpleData>
		<SimpleData name="X">436653.000000</SimpleData>
		<SimpleData name="Y">7203389.000000</SimpleData>
	</SchemaData></ExtendedData>
      <Point><coordinates>-57.6292082927271,-25.2846065690391</coordinates></Point>
  </Placemark>
  <Placemark id="clipped.71">
	<ExtendedData><SchemaData schemaUrl="#clipped">
		<SimpleData name="Nº">232.000000</SimpleData>
		<SimpleData name="Individuo">232.000000</SimpleData>
		<SimpleData name="X">436645.000000</SimpleData>
		<SimpleData name="Y">7203385.000000</SimpleData>
	</SchemaData></ExtendedData>
      <Point><coordinates>-57.6292879371092,-25.2846423509496</coordinates></Point>
  </Placemark>
  <Placemark id="clipped.72">
	<ExtendedData><SchemaData schemaUrl="#clipped">
		<SimpleData name="Nº">233.000000</SimpleData>
		<SimpleData name="Individuo">233.000000</SimpleData>
		<SimpleData name="X">436647.000000</SimpleData>
		<SimpleData name="Y">7203391.000000</SimpleData>
	</SchemaData></ExtendedData>
      <Point><coordinates>-57.629267793043,-25.2845882544847</coordinates></Point>
  </Placemark>
  <Placemark id="clipped.73">
	<ExtendedData><SchemaData schemaUrl="#clipped">
		<SimpleData name="Nº">234.000000</SimpleData>
		<SimpleData name="Individuo">234.000000</SimpleData>
		<SimpleData name="X">436638.000000</SimpleData>
		<SimpleData name="Y">7203387.000000</SimpleData>
	</SchemaData></ExtendedData>
      <Point><coordinates>-57.6293573696814,-25.2846239939958</coordinates></Point>
  </Placemark>
  <Placemark id="clipped.74">
	<ExtendedData><SchemaData schemaUrl="#clipped">
		<SimpleData name="Nº">235.000000</SimpleData>
		<SimpleData name="Individuo">235.000000</SimpleData>
		<SimpleData name="X">436632.000000</SimpleData>
		<SimpleData name="Y">7203391.000000</SimpleData>
	</SchemaData></ExtendedData>
      <Point><coordinates>-57.6294167767735,-25.2845876189855</coordinates></Point>
  </Placemark>
  <Placemark id="clipped.75">
	<ExtendedData><SchemaData schemaUrl="#clipped">
		<SimpleData name="Nº">236.000000</SimpleData>
		<SimpleData name="Individuo">236.000000</SimpleData>
		<SimpleData name="X">436634.000000</SimpleData>
		<SimpleData name="Y">7203382.000000</SimpleData>
	</SchemaData></ExtendedData>
      <Point><coordinates>-57.6293973317022,-25.2846689755098</coordinates></Point>
  </Placemark>
  <Placemark id="clipped.76">
	<ExtendedData><SchemaData schemaUrl="#clipped">
		<SimpleData name="Nº">237.000000</SimpleData>
		<SimpleData name="Individuo">237.000000</SimpleData>
		<SimpleData name="X">436642.000000</SimpleData>
		<SimpleData name="Y">7203395.000000</SimpleData>
	</SchemaData></ExtendedData>
      <Point><coordinates>-57.6293172678997,-25.2845519218754</coordinates></Point>
  </Placemark>
  <Placemark id="clipped.77">
	<ExtendedData><SchemaData schemaUrl="#clipped">
		<SimpleData name="Nº">238.000000</SimpleData>
		<SimpleData name="Individuo">238.000000</SimpleData>
		<SimpleData name="X">436633.000000</SimpleData>
		<SimpleData name="Y">7203406.000000</SimpleData>
	</SchemaData></ExtendedData>
      <Point><coordinates>-57.6294061454749,-25.2844522083845</coordinates></Point>
  </Placemark>
  <Placemark id="clipped.78">
	<ExtendedData><SchemaData schemaUrl="#clipped">
		<SimpleData name="Nº">239.000000</SimpleData>
		<SimpleData name="Individuo">239.000000</SimpleData>
		<SimpleData name="X">436628.000000</SimpleData>
		<SimpleData name="Y">7203408.000000</SimpleData>
	</SchemaData></ExtendedData>
      <Point><coordinates>-57.6294557134485,-25.2844339361264</coordinates></Point>
  </Placemark>
  <Placemark id="clipped.79">
	<ExtendedData><SchemaData schemaUrl="#clipped">
		<SimpleData name="Nº">240.000000</SimpleData>
		<SimpleData name="Individuo">240.000000</SimpleData>
		<SimpleData name="X">436622.000000</SimpleData>
		<SimpleData name="Y">7203411.000000</SimpleData>
	</SchemaData></ExtendedData>
      <Point><coordinates>-57.6295151670302,-25.284406591276</coordinates></Point>
  </Placemark>
  <Placemark id="clipped.80">
	<ExtendedData><SchemaData schemaUrl="#clipped">
		<SimpleData name="Nº">241.000000</SimpleData>
		<SimpleData name="Individuo">241.000000</SimpleData>
		<SimpleData name="X">436615.000000</SimpleData>
		<SimpleData name="Y">7203417.000000</SimpleData>
	</SchemaData></ExtendedData>
      <Point><coordinates>-57.6295844129675,-25.2843521134258</coordinates></Point>
  </Placemark>
  <Placemark id="clipped.81">
	<ExtendedData><SchemaData schemaUrl="#clipped">
		<SimpleData name="Nº">242.000000</SimpleData>
		<SimpleData name="Individuo">242.000000</SimpleData>
		<SimpleData name="X">436613.000000</SimpleData>
		<SimpleData name="Y">7203405.000000</SimpleData>
	</SchemaData></ExtendedData>
      <Point><coordinates>-57.6296048368387,-25.2844603910347</coordinates></Point>
  </Placemark>
  <Placemark id="clipped.82">
	<ExtendedData><SchemaData schemaUrl="#clipped">
		<SimpleData name="Nº">243.000000</SimpleData>
		<SimpleData name="Individuo">243.000000</SimpleData>
		<SimpleData name="X">436620.000000</SimpleData>
		<SimpleData name="Y">7203404.000000</SimpleData>
	</SchemaData></ExtendedData>
      <Point><coordinates>-57.6295353577862,-25.284469717905</coordinates></Point>
  </Placemark>
  <Placemark id="clipped.83">
	<ExtendedData><SchemaData schemaUrl="#clipped">
		<SimpleData name="Nº">244.000000</SimpleData>
		<SimpleData name="Individuo">244.000000</SimpleData>
		<SimpleData name="X">436604.000000</SimpleData>
		<SimpleData name="Y">7203422.000000</SimpleData>
	</SchemaData></ExtendedData>
      <Point><coordinates>-57.6296934343645,-25.2843064961879</coordinates></Point>
  </Placemark>
  <Placemark id="clipped.84">
	<ExtendedData><SchemaData schemaUrl="#clipped">
		<SimpleData name="Nº">245.000000</SimpleData>
		<SimpleData name="Individuo">245.000000</SimpleData>
		<SimpleData name="X">436606.000000</SimpleData>
		<SimpleData name="Y">7203424.000000</SimpleData>
	</SchemaData></ExtendedData>
      <Point><coordinates>-57.629673476669,-25.2842885205703</coordinates></Point>
  </Placemark>
  <Placemark id="clipped.85">
	<ExtendedData><SchemaData schemaUrl="#clipped">
		<SimpleData name="Nº">246.000000</SimpleData>
		<SimpleData name="Individuo">246.000000</SimpleData>
		<SimpleData name="X">436596.000000</SimpleData>
		<SimpleData name="Y">7203428.000000</SimpleData>
	</SchemaData></ExtendedData>
      <Point><coordinates>-57.6297726123849,-25.2842519758612</coordinates></Point>
  </Placemark>
  <Placemark id="clipped.86">
	<ExtendedData><SchemaData schemaUrl="#clipped">
		<SimpleData name="Nº">247.000000</SimpleData>
		<SimpleData name="Individuo">247.000000</SimpleData>
		<SimpleData name="X">436594.000000</SimpleData>
		<SimpleData name="Y">7203424.000000</SimpleData>
	</SchemaData></ExtendedData>
      <Point><coordinates>-57.6297926633515,-25.2842880118609</coordinates></Point>
  </Placemark>
  <Placemark id="clipped.87">
	<ExtendedData><SchemaData schemaUrl="#clipped">
		<SimpleData name="Nº">248.000000</SimpleData>
		<SimpleData name="Individuo">248.000000</SimpleData>
		<SimpleData name="X">436596.000000</SimpleData>
		<SimpleData name="Y">7203417.000000</SimpleData>
	</SchemaData></ExtendedData>
      <Point><coordinates>-57.629773125315,-25.2843513080368</coordinates></Point>
  </Placemark>
  <Placemark id="clipped.88">
	<ExtendedData><SchemaData schemaUrl="#clipped">
		<SimpleData name="Nº">249.000000</SimpleData>
		<SimpleData name="Individuo">249.000000</SimpleData>
		<SimpleData name="X">436589.000000</SimpleData>
		<SimpleData name="Y">7203416.000000</SimpleData>
	</SchemaData></ExtendedData>
      <Point><coordinates>-57.6298426975499,-25.2843600414513</coordinates></Point>
  </Placemark>
  <Placemark id="clipped.89">
	<ExtendedData><SchemaData schemaUrl="#clipped">
		<SimpleData name="Nº">250.000000</SimpleData>
		<SimpleData name="Individuo">250.000000</SimpleData>
		<SimpleData name="X">436589.000000</SimpleData>
		<SimpleData name="Y">7203429.000000</SimpleData>
	</SchemaData></ExtendedData>
      <Point><coordinates>-57.629842091293,-25.2842426488817</coordinates></Point>
  </Placemark>
  <Placemark id="clipped.90">
	<ExtendedData><SchemaData schemaUrl="#clipped">
		<SimpleData name="Nº">251.000000</SimpleData>
		<SimpleData name="Individuo">251.000000</SimpleData>
		<SimpleData name="X">436586.000000</SimpleData>
		<SimpleData name="Y">7203419.000000</SimpleData>
	</SchemaData></ExtendedData>
      <Point><coordinates>-57.6298723543249,-25.2843328236558</coordinates></Point>
  </Placemark>
  <Placemark id="clipped.91">
	<ExtendedData><SchemaData schemaUrl="#clipped">
		<SimpleData name="Nº">252.000000</SimpleData>
		<SimpleData name="Individuo">252.000000</SimpleData>
		<SimpleData name="X">436582.000000</SimpleData>
		<SimpleData name="Y">7203426.000000</SimpleData>
	</SchemaData></ExtendedData>
      <Point><coordinates>-57.6299117567503,-25.2842694426601</coordinates></Point>
  </Placemark>
  <Placemark id="clipped.92">
	<ExtendedData><SchemaData schemaUrl="#clipped">
		<SimpleData name="Nº">253.000000</SimpleData>
		<SimpleData name="Individuo">253.000000</SimpleData>
		<SimpleData name="X">436583.000000</SimpleData>
		<SimpleData name="Y">7203424.000000</SimpleData>
	</SchemaData></ExtendedData>
      <Point><coordinates>-57.6299019178076,-25.2842875454594</coordinates></Point>
  </Placemark>
  <Placemark id="clipped.93">
	<ExtendedData><SchemaData schemaUrl="#clipped">
		<SimpleData name="Nº">254.000000</SimpleData>
		<SimpleData name="Individuo">254.000000</SimpleData>
		<SimpleData name="X">436583.000000</SimpleData>
		<SimpleData name="Y">7203417.000000</SimpleData>
	</SchemaData></ExtendedData>
      <Point><coordinates>-57.6299022442849,-25.2843507568421</coordinates></Point>
  </Placemark>
  <Placemark id="clipped.94">
	<ExtendedData><SchemaData schemaUrl="#clipped">
		<SimpleData name="Nº">255.000000</SimpleData>
		<SimpleData name="Individuo">255.000000</SimpleData>
		<SimpleData name="X">436582.000000</SimpleData>
		<SimpleData name="Y">7203417.000000</SimpleData>
	</SchemaData></ExtendedData>
      <Point><coordinates>-57.6299121765132,-25.2843507144378</coordinates></Point>
  </Placemark>
  <Placemark id="clipped.95">
	<ExtendedData><SchemaData schemaUrl="#clipped">
		<SimpleData name="Nº">256.000000</SimpleData>
		<SimpleData name="Individuo">256.000000</SimpleData>
		<SimpleData name="X">436577.000000</SimpleData>
		<SimpleData name="Y">7203424.000000</SimpleData>
	</SchemaData></ExtendedData>
      <Point><coordinates>-57.6299615111462,-25.2842872910244</coordinates></Point>
  </Placemark>
  <Placemark id="clipped.96">
	<ExtendedData><SchemaData schemaUrl="#clipped">
		<SimpleData name="Nº">257.000000</SimpleData>
		<SimpleData name="Individuo">257.000000</SimpleData>
		<SimpleData name="X">436578.000000</SimpleData>
		<SimpleData name="Y">7203429.000000</SimpleData>
	</SchemaData></ExtendedData>
      <Point><coordinates>-57.6299513457074,-25.2842421824443</coordinates></Point>
  </Placemark>
  <Placemark id="clipped.97">
	<ExtendedData><SchemaData schemaUrl="#clipped">
		<SimpleData name="Nº">258.000000</SimpleData>
		<SimpleData name="Individuo">258.000000</SimpleData>
		<SimpleData name="X">436574.000000</SimpleData>
		<SimpleData name="Y">7203425.000000</SimpleData>
	</SchemaData></ExtendedData>
      <Point><coordinates>-57.629991261169,-25.2842781336005</coordinates></Point>
  </Placemark>
  <Placemark id="clipped.98">
	<ExtendedData><SchemaData schemaUrl="#clipped">
		<SimpleData name="Nº">259.000000</SimpleData>
		<SimpleData name="Individuo">259.000000</SimpleData>
		<SimpleData name="X">436577.000000</SimpleData>
		<SimpleData name="Y">7203421.000000</SimpleData>
	</SchemaData></ExtendedData>
      <Point><coordinates>-57.6299616510781,-25.2843143816168</coordinates></Point>
  </Placemark>
  <Placemark id="clipped.99">
	<ExtendedData><SchemaData schemaUrl="#clipped">
		<SimpleData name="Nº">260.000000</SimpleData>
		<SimpleData name="Individuo">260.000000</SimpleData>
		<SimpleData name="X">436584.000000</SimpleData>
		<SimpleData name="Y">7203416.000000</SimpleData>
	</SchemaData></ExtendedData>
      <Point><coordinates>-57.6298923586955,-25.2843598294432</coordinates></Point>
  </Placemark>
  <Placemark id="clipped.100">
	<ExtendedData><SchemaData schemaUrl="#clipped">
		<SimpleData name="Nº">261.000000</SimpleData>
		<SimpleData name="Individuo">261.000000</SimpleData>
		<SimpleData name="X">436587.000000</SimpleData>
		<SimpleData name="Y">7203435.000000</SimpleData>
	</SchemaData></ExtendedData>
      <Point><coordinates>-57.6298616759137,-25.2841883828945</coordinates></Point>
  </Placemark>
  <Placemark id="clipped.101">
	<ExtendedData><SchemaData schemaUrl="#clipped">
		<SimpleData name="Nº">262.000000</SimpleData>
		<SimpleData name="Individuo">262.000000</SimpleData>
		<SimpleData name="X">436580.000000</SimpleData>
		<SimpleData name="Y">7203437.000000</SimpleData>
	</SchemaData></ExtendedData>
      <Point><coordinates>-57.6299311081364,-25.2841700256762</coordinates></Point>
  </Placemark>
  <Placemark id="clipped.102">
	<ExtendedData><SchemaData schemaUrl="#clipped">
		<SimpleData name="Nº">263.000000</SimpleData>
		<SimpleData name="Individuo">263.000000</SimpleData>
		<SimpleData name="X">436582.000000</SimpleData>
		<SimpleData name="Y">7203436.000000</SimpleData>
	</SchemaData></ExtendedData>
      <Point><coordinates>-57.6299112903492,-25.2841791406837</coordinates></Point>
  </Placemark>
  <Placemark id="clipped.103">
	<ExtendedData><SchemaData schemaUrl="#clipped">
		<SimpleData name="Nº">264.000000</SimpleData>
		<SimpleData name="Individuo">264.000000</SimpleData>
		<SimpleData name="X">436579.000000</SimpleData>
		<SimpleData name="Y">7203435.000000</SimpleData>
	</SchemaData></ExtendedData>
      <Point><coordinates>-57.6299411336343,-25.2841880436655</coordinates></Point>
  </Placemark>
  <Placemark id="clipped.104">
	<ExtendedData><SchemaData schemaUrl="#clipped">
		<SimpleData name="Nº">265.000000</SimpleData>
		<SimpleData name="Individuo">265.000000</SimpleData>
		<SimpleData name="X">436573.000000</SimpleData>
		<SimpleData name="Y">7203429.000000</SimpleData>
	</SchemaData></ExtendedData>
      <Point><coordinates>-57.630001006804,-25.2842419704006</coordinates></Point>
  </Placemark>
  <Placemark id="clipped.105">
	<ExtendedData><SchemaData schemaUrl="#clipped">
		<SimpleData name="Nº">266.000000</SimpleData>
		<SimpleData name="Individuo">266.000000</SimpleData>
		<SimpleData name="X">436574.000000</SimpleData>
		<SimpleData name="Y">7203428.000000</SimpleData>
	</SchemaData></ExtendedData>
      <Point><coordinates>-57.6299911212308,-25.2842510430082</coordinates></Point>
  </Placemark>
  <Placemark id="clipped.106">
	<ExtendedData><SchemaData schemaUrl="#clipped">
		<SimpleData name="Nº">267.000000</SimpleData>
		<SimpleData name="Individuo">267.000000</SimpleData>
		<SimpleData name="X">436569.000000</SimpleData>
		<SimpleData name="Y">7203433.000000</SimpleData>
	</SchemaData></ExtendedData>
      <Point><coordinates>-57.6300405490822,-25.284205679964</coordinates></Point>
  </Placemark>
  <Placemark id="clipped.107">
	<ExtendedData><SchemaData schemaUrl="#clipped">
		<SimpleData name="Nº">268.000000</SimpleData>
		<SimpleData name="Individuo">268.000000</SimpleData>
		<SimpleData name="X">436577.000000</SimpleData>
		<SimpleData name="Y">7203438.000000</SimpleData>
	</SchemaData></ExtendedData>
      <Point><coordinates>-57.6299608581332,-25.2841608682588</coordinates></Point>
  </Placemark>
  <Placemark id="clipped.108">
	<ExtendedData><SchemaData schemaUrl="#clipped">
		<SimpleData name="Nº">269.000000</SimpleData>
		<SimpleData name="Individuo">269.000000</SimpleData>
		<SimpleData name="X">436571.000000</SimpleData>
		<SimpleData name="Y">7203441.000000</SimpleData>
	</SchemaData></ExtendedData>
      <Point><coordinates>-57.6300203114652,-25.2841335232086</coordinates></Point>
  </Placemark>
  <Placemark id="clipped.109">
	<ExtendedData><SchemaData schemaUrl="#clipped">
		<SimpleData name="Nº">270.000000</SimpleData>
		<SimpleData name="Individuo">270.000000</SimpleData>
		<SimpleData name="X">436560.000000</SimpleData>
		<SimpleData name="Y">7203440.000000</SimpleData>
	</SchemaData></ExtendedData>
      <Point><coordinates>-57.6301296124342,-25.2841420868385</coordinates></Point>
  </Placemark>
  <Placemark id="clipped.110">
	<ExtendedData><SchemaData schemaUrl="#clipped">
		<SimpleData name="Nº">271.000000</SimpleData>
		<SimpleData name="Individuo">271.000000</SimpleData>
		<SimpleData name="X">436566.000000</SimpleData>
		<SimpleData name="Y">7203431.000000</SimpleData>
	</SchemaData></ExtendedData>
      <Point><coordinates>-57.6300704390345,-25.2842236131167</coordinates></Point>
  </Placemark>
  <Placemark id="clipped.111">
	<ExtendedData><SchemaData schemaUrl="#clipped">
		<SimpleData name="Nº">272.000000</SimpleData>
		<SimpleData name="Individuo">272.000000</SimpleData>
		<SimpleData name="X">436563.000000</SimpleData>
		<SimpleData name="Y">7203440.000000</SimpleData>
	</SchemaData></ExtendedData>
      <Point><coordinates>-57.6300998158015,-25.2841422140922</coordinates></Point>
  </Placemark>
  <Placemark id="clipped.112">
	<ExtendedData><SchemaData schemaUrl="#clipped">
		<SimpleData name="Nº">273.000000</SimpleData>
		<SimpleData name="Individuo">273.000000</SimpleData>
		<SimpleData name="X">436567.000000</SimpleData>
		<SimpleData name="Y">7203447.000000</SimpleData>
	</SchemaData></ExtendedData>
      <Point><coordinates>-57.6300597604015,-25.2840791723719</coordinates></Point>
  </Placemark>
  <Placemark id="clipped.113">
	<ExtendedData><SchemaData schemaUrl="#clipped">
		<SimpleData name="Nº">274.000000</SimpleData>
		<SimpleData name="Individuo">274.000000</SimpleData>
		<SimpleData name="X">436566.000000</SimpleData>
		<SimpleData name="Y">7203449.000000</SimpleData>
	</SchemaData></ExtendedData>
      <Point><coordinates>-57.6300695993044,-25.2840610695624</coordinates></Point>
  </Placemark>
  <Placemark id="clipped.114">
	<ExtendedData><SchemaData schemaUrl="#clipped">
		<SimpleData name="Nº">275.000000</SimpleData>
		<SimpleData name="Individuo">275.000000</SimpleData>
		<SimpleData name="X">436562.000000</SimpleData>
		<SimpleData name="Y">7203445.000000</SimpleData>
	</SchemaData></ExtendedData>
      <Point><coordinates>-57.6301095147397,-25.2840970206879</coordinates></Point>
  </Placemark>
  <Placemark id="clipped.115">
	<ExtendedData><SchemaData schemaUrl="#clipped">
		<SimpleData name="Nº">276.000000</SimpleData>
		<SimpleData name="Individuo">276.000000</SimpleData>
		<SimpleData name="X">436563.000000</SimpleData>
		<SimpleData name="Y">7203449.000000</SimpleData>
	</SchemaData></ExtendedData>
      <Point><coordinates>-57.6300993959175,-25.2840609423151</coordinates></Point>
  </Placemark>
  <Placemark id="clipped.116">
	<ExtendedData><SchemaData schemaUrl="#clipped">
		<SimpleData name="Nº">277.000000</SimpleData>
		<SimpleData name="Individuo">277.000000</SimpleData>
		<SimpleData name="X">436565.000000</SimpleData>
		<SimpleData name="Y">7203445.000000</SimpleData>
	</SchemaData></ExtendedData>
      <Point><coordinates>-57.6300797181178,-25.2840971479374</coordinates></Point>
  </Placemark>
  <Placemark id="clipped.117">
	<ExtendedData><SchemaData schemaUrl="#clipped">
		<SimpleData name="Nº">278.000000</SimpleData>
		<SimpleData name="Individuo">278.000000</SimpleData>
		<SimpleData name="X">436558.000000</SimpleData>
		<SimpleData name="Y">7203451.000000</SimpleData>
	</SchemaData></ExtendedData>
      <Point><coordinates>-57.6301489636242,-25.2840426698281</coordinates></Point>
  </Placemark>
  <Placemark id="clipped.118">
	<ExtendedData><SchemaData schemaUrl="#clipped">
		<SimpleData name="Nº">279.000000</SimpleData>
		<SimpleData name="Individuo">279.000000</SimpleData>
		<SimpleData name="X">436558.000000</SimpleData>
		<SimpleData name="Y">7203449.000000</SimpleData>
	</SchemaData></ExtendedData>
      <Point><coordinates>-57.6301490569389,-25.284060730223</coordinates></Point>
  </Placemark>
  <Placemark id="clipped.119">
	<ExtendedData><SchemaData schemaUrl="#clipped">
		<SimpleData name="Nº">280.000000</SimpleData>
		<SimpleData name="Individuo">280.000000</SimpleData>
		<SimpleData name="X">436555.000000</SimpleData>
		<SimpleData name="Y">7203452.000000</SimpleData>
	</SchemaData></ExtendedData>
      <Point><coordinates>-57.6301787135729,-25.2840335123675</coordinates></Point>
  </Placemark>
  <Placemark id="clipped.120">
	<ExtendedData><SchemaData schemaUrl="#clipped">
		<SimpleData name="Nº">281.000000</SimpleData>
		<SimpleData name="Individuo">281.000000</SimpleData>
		<SimpleData name="X">436556.000000</SimpleData>
		<SimpleData name="Y">7203452.000000</SimpleData>
	</SchemaData></ExtendedData>
      <Point><coordinates>-57.6301687813709,-25.2840335547893</coordinates></Point>
  </Placemark>
  <Placemark id="clipped.121">
	<ExtendedData><SchemaData schemaUrl="#clipped">
		<SimpleData name="Nº">282.000000</SimpleData>
		<SimpleData name="Individuo">282.000000</SimpleData>
		<SimpleData name="X">436555.000000</SimpleData>
		<SimpleData name="Y">7203447.000000</SimpleData>
	</SchemaData></ExtendedData>
      <Point><coordinates>-57.6301789468706,-25.2840786633544</coordinates></Point>
  </Placemark>
  <Placemark id="clipped.122">
	<ExtendedData><SchemaData schemaUrl="#clipped">
		<SimpleData name="Nº">283.000000</SimpleData>
		<SimpleData name="Individuo">283.000000</SimpleData>
		<SimpleData name="X">436551.000000</SimpleData>
		<SimpleData name="Y">7203441.000000</SimpleData>
	</SchemaData></ExtendedData>
      <Point><coordinates>-57.6302189556686,-25.284132674844</coordinates></Point>
  </Placemark>
  <Placemark id="clipped.123">
	<ExtendedData><SchemaData schemaUrl="#clipped">
		<SimpleData name="Nº">284.000000</SimpleData>
		<SimpleData name="Individuo">284.000000</SimpleData>
		<SimpleData name="X">436562.000000</SimpleData>
		<SimpleData name="Y">7203437.000000</SimpleData>
	</SchemaData></ExtendedData>
      <Point><coordinates>-57.6301098879764,-25.2841692622671</coordinates></Point>
  </Placemark>
  <Placemark id="clipped.124">
	<ExtendedData><SchemaData schemaUrl="#clipped">
		<SimpleData name="Nº">285.000000</SimpleData>
		<SimpleData name="Individuo">285.000000</SimpleData>
		<SimpleData name="X">436564.000000</SimpleData>
		<SimpleData name="Y">7203434.000000</SimpleData>
	</SchemaData></ExtendedData>
      <Point><coordinates>-57.6300901635098,-25.2841964376932</coordinates></Point>
  </Placemark>
  <Placemark id="clipped.125">
	<ExtendedData><SchemaData schemaUrl="#clipped">
		<SimpleData name="Nº">286.000000</SimpleData>
		<SimpleData name="Individuo">286.000000</SimpleData>
		<SimpleData name="X">436572.000000</SimpleData>
		<SimpleData name="Y">7203431.000000</SimpleData>
	</SchemaData></ExtendedData>
      <Point><coordinates>-57.6300108457283,-25.284223867595</coordinates></Point>
  </Placemark>
  <Placemark id="clipped.126">
	<ExtendedData><SchemaData schemaUrl="#clipped">
		<SimpleData name="Nº">287.000000</SimpleData>
		<SimpleData name="Individuo">287.000000</SimpleData>
		<SimpleData name="X">436567.000000</SimpleData>
		<SimpleData name="Y">7203430.000000</SimpleData>
	</SchemaData></ExtendedData>
      <Point><coordinates>-57.630060553468,-25.2842326857287</coordinates></Point>
  </Placemark>
  <Placemark id="clipped.127">
	<ExtendedData><SchemaData schemaUrl="#clipped">
		<SimpleData name="Nº">288.000000</SimpleData>
		<SimpleData name="Individuo">288.000000</SimpleData>
		<SimpleData name="X">436569.000000</SimpleData>
		<SimpleData name="Y">7203424.000000</SimpleData>
	</SchemaData></ExtendedData>
      <Point><coordinates>-57.6300409689297,-25.2842869517404</coordinates></Point>
  </Placemark>
  <Placemark id="clipped.128">
	<ExtendedData><SchemaData schemaUrl="#clipped">
		<SimpleData name="Nº">289.000000</SimpleData>
		<SimpleData name="Individuo">289.000000</SimpleData>
		<SimpleData name="X">436562.000000</SimpleData>
		<SimpleData name="Y">7203431.000000</SimpleData>
	</SchemaData></ExtendedData>
      <Point><coordinates>-57.6301101679048,-25.2842234434511</coordinates></Point>
  </Placemark>
  <Placemark id="clipped.129">
	<ExtendedData><SchemaData schemaUrl="#clipped">
		<SimpleData name="Nº">290.000000</SimpleData>
		<SimpleData name="Individuo">290.000000</SimpleData>
		<SimpleData name="X">436552.000000</SimpleData>
		<SimpleData name="Y">7203437.000000</SimpleData>
	</SchemaData></ExtendedData>
      <Point><coordinates>-57.6302092101066,-25.2841688380574</coordinates></Point>
  </Placemark>
  <Placemark id="clipped.130">
	<ExtendedData><SchemaData schemaUrl="#clipped">
		<SimpleData name="Nº">291.000000</SimpleData>
		<SimpleData name="Individuo">291.000000</SimpleData>
		<SimpleData name="X">436558.000000</SimpleData>
		<SimpleData name="Y">7203425.000000</SimpleData>
	</SchemaData></ExtendedData>
      <Point><coordinates>-57.6301501767218,-25.2842774549579</coordinates></Point>
  </Placemark>
  <Placemark id="clipped.131">
	<ExtendedData><SchemaData schemaUrl="#clipped">
		<SimpleData name="Nº">292.000000</SimpleData>
		<SimpleData name="Individuo">292.000000</SimpleData>
		<SimpleData name="X">436556.000000</SimpleData>
		<SimpleData name="Y">7203430.000000</SimpleData>
	</SchemaData></ExtendedData>
      <Point><coordinates>-57.6301698078689,-25.2842322191298</coordinates></Point>
  </Placemark>
  <Placemark id="clipped.132">
	<ExtendedData><SchemaData schemaUrl="#clipped">
		<SimpleData name="Nº">293.000000</SimpleData>
		<SimpleData name="Individuo">293.000000</SimpleData>
		<SimpleData name="X">436557.000000</SimpleData>
		<SimpleData name="Y">7203425.000000</SimpleData>
	</SchemaData></ExtendedData>
      <Point><coordinates>-57.6301601089436,-25.2842774125371</coordinates></Point>
  </Placemark>
  <Placemark id="clipped.133">
	<ExtendedData><SchemaData schemaUrl="#clipped">
		<SimpleData name="Nº">294.000000</SimpleData>
		<SimpleData name="Individuo">294.000000</SimpleData>
		<SimpleData name="X">436553.000000</SimpleData>
		<SimpleData name="Y">7203427.000000</SimpleData>
	</SchemaData></ExtendedData>
      <Point><coordinates>-57.6301997445077,-25.2842591824528</coordinates></Point>
  </Placemark>
  <Placemark id="clipped.134">
	<ExtendedData><SchemaData schemaUrl="#clipped">
		<SimpleData name="Nº">295.000000</SimpleData>
		<SimpleData name="Individuo">295.000000</SimpleData>
		<SimpleData name="X">436556.000000</SimpleData>
		<SimpleData name="Y">7203427.000000</SimpleData>
	</SchemaData></ExtendedData>
      <Point><coordinates>-57.6301699478468,-25.2842593097213</coordinates></Point>
  </Placemark>
  <Placemark id="clipped.135">
	<ExtendedData><SchemaData schemaUrl="#clipped">
		<SimpleData name="Nº">296.000000</SimpleData>
		<SimpleData name="Individuo">296.000000</SimpleData>
		<SimpleData name="X">436558.000000</SimpleData>
		<SimpleData name="Y">7203420.000000</SimpleData>
	</SchemaData></ExtendedData>
      <Point><coordinates>-57.6301504100115,-25.2843226059435</coordinates></Point>
  </Placemark>
  <Placemark id="clipped.136">
	<ExtendedData><SchemaData schemaUrl="#clipped">
		<SimpleData name="Nº">297.000000</SimpleData>
		<SimpleData name="Individuo">297.000000</SimpleData>
		<SimpleData name="X">436561.000000</SimpleData>
		<SimpleData name="Y">7203420.000000</SimpleData>
	</SchemaData></ExtendedData>
      <Point><coordinates>-57.6301206133348,-25.2843227332023</coordinates></Point>
  </Placemark>
  <Placemark id="clipped.137">
	<ExtendedData><SchemaData schemaUrl="#clipped">
		<SimpleData name="Nº">298.000000</SimpleData>
		<SimpleData name="Individuo">298.000000</SimpleData>
		<SimpleData name="X">436560.000000</SimpleData>
		<SimpleData name="Y">7203422.000000</SimpleData>
	</SchemaData></ExtendedData>
      <Point><coordinates>-57.6301304522473,-25.2843046303891</coordinates></Point>
  </Placemark>
  <Placemark id="clipped.138">
	<ExtendedData><SchemaData schemaUrl="#clipped">
		<SimpleData name="Nº">299.000000</SimpleData>
		<SimpleData name="Individuo">299.000000</SimpleData>
		<SimpleData name="X">436560.000000</SimpleData>
		<SimpleData name="Y">7203415.000000</SimpleData>
	</SchemaData></ExtendedData>
      <Point><coordinates>-57.6301307788433,-25.2843678417689</coordinates></Point>
  </Placemark>
  <Placemark id="clipped.139">
	<ExtendedData><SchemaData schemaUrl="#clipped">
		<SimpleData name="Nº">300.000000</SimpleData>
		<SimpleData name="Individuo">300.000000</SimpleData>
		<SimpleData name="X">436556.000000</SimpleData>
		<SimpleData name="Y">7203414.000000</SimpleData>
	</SchemaData></ExtendedData>
      <Point><coordinates>-57.6301705544197,-25.2843767022832</coordinates></Point>
  </Placemark>
  <Placemark id="clipped.140">
	<ExtendedData><SchemaData schemaUrl="#clipped">
		<SimpleData name="Nº">301.000000</SimpleData>
		<SimpleData name="Individuo">301.000000</SimpleData>
		<SimpleData name="X">436551.000000</SimpleData>
		<SimpleData name="Y">7203378.000000</SimpleData>
	</SchemaData></ExtendedData>
      <Point><coordinates>-57.6302218954618,-25.2847015772462</coordinates></Point>
  </Placemark>
  <Placemark id="clipped.141">
	<ExtendedData><SchemaData schemaUrl="#clipped">
		<SimpleData name="Nº">302.000000</SimpleData>
		<SimpleData name="Individuo">302.000000</SimpleData>
		<SimpleData name="X">436552.000000</SimpleData>
		<SimpleData name="Y">7203401.000000</SimpleData>
	</SchemaData></ExtendedData>
      <Point><coordinates>-57.6302108899542,-25.2844939251488</coordinates></Point>
  </Placemark>
  <Placemark id="clipped.142">
	<ExtendedData><SchemaData schemaUrl="#clipped">
		<SimpleData name="Nº">303.000000</SimpleData>
		<SimpleData name="Individuo">303.000000</SimpleData>
		<SimpleData name="X">436553.000000</SimpleData>
		<SimpleData name="Y">7203401.000000</SimpleData>
	</SchemaData></ExtendedData>
      <Point><coordinates>-57.6302009577148,-25.2844939675734</coordinates></Point>
  </Placemark>
  <Placemark id="clipped.143">
	<ExtendedData><SchemaData schemaUrl="#clipped">
		<SimpleData name="Nº">304.000000</SimpleData>
		<SimpleData name="Individuo">304.000000</SimpleData>
		<SimpleData name="X">436557.000000</SimpleData>
		<SimpleData name="Y">7203397.000000</SimpleData>
	</SchemaData></ExtendedData>
      <Point><coordinates>-57.6301614153939,-25.2845302580525</coordinates></Point>
  </Placemark>
  <Placemark id="clipped.144">
	<ExtendedData><SchemaData schemaUrl="#clipped">
		<SimpleData name="Nº">305.000000</SimpleData>
		<SimpleData name="Individuo">305.000000</SimpleData>
		<SimpleData name="X">436558.000000</SimpleData>
		<SimpleData name="Y">7203394.000000</SimpleData>
	</SchemaData></ExtendedData>
      <Point><coordinates>-57.6301516231271,-25.2845573910643</coordinates></Point>
  </Placemark>
  <Placemark id="clipped.145">
	<ExtendedData><SchemaData schemaUrl="#clipped">
		<SimpleData name="Nº">306.000000</SimpleData>
		<SimpleData name="Individuo">306.000000</SimpleData>
		<SimpleData name="X">436558.000000</SimpleData>
		<SimpleData name="Y">7203393.000000</SimpleData>
	</SchemaData></ExtendedData>
      <Point><coordinates>-57.6301516697857,-25.2845664212611</coordinates></Point>
  </Placemark>
  <Placemark id="clipped.146">
	<ExtendedData><SchemaData schemaUrl="#clipped">
		<SimpleData name="Nº">307.000000</SimpleData>
		<SimpleData name="Individuo">307.000000</SimpleData>
		<SimpleData name="X">436560.000000</SimpleData>
		<SimpleData name="Y">7203405.000000</SimpleData>
	</SchemaData></ExtendedData>
      <Point><coordinates>-57.6301312454109,-25.2844581437391</coordinates></Point>
  </Placemark>
  <Placemark id="clipped.147">
	<ExtendedData><SchemaData schemaUrl="#clipped">
		<SimpleData name="Nº">308.000000</SimpleData>
		<SimpleData name="Individuo">308.000000</SimpleData>
		<SimpleData name="X">436561.000000</SimpleData>
		<SimpleData name="Y">7203408.000000</SimpleData>
	</SchemaData></ExtendedData>
      <Point><coordinates>-57.6301211732059,-25.2844310955673</coordinates></Point>
  </Placemark>
  <Placemark id="clipped.148">
	<ExtendedData><SchemaData schemaUrl="#clipped">
		<SimpleData name="Nº">309.000000</SimpleData>
		<SimpleData name="Individuo">309.000000</SimpleData>
		<SimpleData name="X">436572.000000</SimpleData>
		<SimpleData name="Y">7203406.000000</SimpleData>
	</SchemaData></ExtendedData>
      <Point><coordinates>-57.6300120119218,-25.2844496225281</coordinates></Point>
  </Placemark>
  <Placemark id="clipped.149">
	<ExtendedData><SchemaData schemaUrl="#clipped">
		<SimpleData name="Nº">310.000000</SimpleData>
		<SimpleData name="Individuo">310.000000</SimpleData>
		<SimpleData name="X">436567.000000</SimpleData>
		<SimpleData name="Y">7203395.000000</SimpleData>
	</SchemaData></ExtendedData>
      <Point><coordinates>-57.6300621862723,-25.2845487426297</coordinates></Point>
  </Placemark>
  <Placemark id="clipped.150">
	<ExtendedData><SchemaData schemaUrl="#clipped">
		<SimpleData name="Nº">311.000000</SimpleData>
		<SimpleData name="Individuo">311.000000</SimpleData>
		<SimpleData name="X">436568.000000</SimpleData>
		<SimpleData name="Y">7203393.000000</SimpleData>
	</SchemaData></ExtendedData>
      <Point><coordinates>-57.6300523473306,-25.2845668454383</coordinates></Point>
  </Placemark>
  <Placemark id="clipped.151">
	<ExtendedData><SchemaData schemaUrl="#clipped">
		<SimpleData name="Nº">312.000000</SimpleData>
		<SimpleData name="Individuo">312.000000</SimpleData>
		<SimpleData name="X">436579.000000</SimpleData>
		<SimpleData name="Y">7203400.000000</SimpleData>
	</SchemaData></ExtendedData>
      <Point><coordinates>-57.6299427661259,-25.2845041005757</coordinates></Point>
  </Placemark>
  <Placemark id="clipped.152">
	<ExtendedData><SchemaData schemaUrl="#clipped">
		<SimpleData name="Nº">313.000000</SimpleData>
		<SimpleData name="Individuo">313.000000</SimpleData>
		<SimpleData name="X">436574.000000</SimpleData>
		<SimpleData name="Y">7203405.000000</SimpleData>
	</SchemaData></ExtendedData>
      <Point><coordinates>-57.629992194096,-25.2844587375469</coordinates></Point>
  </Placemark>
  <Placemark id="clipped.153">
	<ExtendedData><SchemaData schemaUrl="#clipped">
		<SimpleData name="Nº">314.000000</SimpleData>
		<SimpleData name="Individuo">314.000000</SimpleData>
		<SimpleData name="X">436571.000000</SimpleData>
		<SimpleData name="Y">7203409.000000</SimpleData>
	</SchemaData></ExtendedData>
      <Point><coordinates>-57.6300218042118,-25.2844224895247</coordinates></Point>
  </Placemark>
  <Placemark id="clipped.154">
	<ExtendedData><SchemaData schemaUrl="#clipped">
		<SimpleData name="Nº">315.000000</SimpleData>
		<SimpleData name="Individuo">315.000000</SimpleData>
		<SimpleData name="X">436570.000000</SimpleData>
		<SimpleData name="Y">7203407.000000</SimpleData>
	</SchemaData></ExtendedData>
      <Point><coordinates>-57.6300318297446,-25.2844405075066</coordinates></Point>
  </Placemark>
  <Placemark id="clipped.155">
	<ExtendedData><SchemaData schemaUrl="#clipped">
		<SimpleData name="Nº">316.000000</SimpleData>
		<SimpleData name="Individuo">316.000000</SimpleData>
		<SimpleData name="X">436569.000000</SimpleData>
		<SimpleData name="Y">7203413.000000</SimpleData>
	</SchemaData></ExtendedData>
      <Point><coordinates>-57.6300414820791,-25.2843862839104</coordinates></Point>
  </Placemark>
  <Placemark id="clipped.156">
	<ExtendedData><SchemaData schemaUrl="#clipped">
		<SimpleData name="Nº">317.000000</SimpleData>
		<SimpleData name="Individuo">317.000000</SimpleData>
		<SimpleData name="X">436573.000000</SimpleData>
		<SimpleData name="Y">7203410.000000</SimpleData>
	</SchemaData></ExtendedData>
      <Point><coordinates>-57.6300018930967,-25.2844135441503</coordinates></Point>
  </Placemark>
  <Placemark id="clipped.157">
	<ExtendedData><SchemaData schemaUrl="#clipped">
		<SimpleData name="Nº">318.000000</SimpleData>
		<SimpleData name="Individuo">318.000000</SimpleData>
		<SimpleData name="X">436589.000000</SimpleData>
		<SimpleData name="Y">7203409.000000</SimpleData>
	</SchemaData></ExtendedData>
      <Point><coordinates>-57.6298430239975,-25.2844232528341</coordinates></Point>
  </Placemark>
  <Placemark id="clipped.158">
	<ExtendedData><SchemaData schemaUrl="#clipped">
		<SimpleData name="Nº">319.000000</SimpleData>
		<SimpleData name="Individuo">319.000000</SimpleData>
		<SimpleData name="X">436596.000000</SimpleData>
		<SimpleData name="Y">7203408.000000</SimpleData>
	</SchemaData></ExtendedData>
      <Point><coordinates>-57.629773544987,-25.2844325798158</coordinates></Point>
  </Placemark>
  <Placemark id="clipped.159">
	<ExtendedData><SchemaData schemaUrl="#clipped">
		<SimpleData name="Nº">320.000000</SimpleData>
		<SimpleData name="Individuo">320.000000</SimpleData>
		<SimpleData name="X">436593.000000</SimpleData>
		<SimpleData name="Y">7203400.000000</SimpleData>
	</SchemaData></ExtendedData>
      <Point><coordinates>-57.6298037147536,-25.2845046942068</coordinates></Point>
  </Placemark>
  <Placemark id="clipped.160">
	<ExtendedData><SchemaData schemaUrl="#clipped">
		<SimpleData name="Nº">321.000000</SimpleData>
		<SimpleData name="Individuo">321.000000</SimpleData>
		<SimpleData name="X">436593.000000</SimpleData>
		<SimpleData name="Y">7203395.000000</SimpleData>
	</SchemaData></ExtendedData>
      <Point><coordinates>-57.6298039479175,-25.2845498451941</coordinates></Point>
  </Placemark>
  <Placemark id="clipped.161">
	<ExtendedData><SchemaData schemaUrl="#clipped">
		<SimpleData name="Nº">322.000000</SimpleData>
		<SimpleData name="Individuo">322.000000</SimpleData>
		<SimpleData name="X">436596.000000</SimpleData>
		<SimpleData name="Y">7203399.000000</SimpleData>
	</SchemaData></ExtendedData>
      <Point><coordinates>-57.6297739646609,-25.284513851594</coordinates></Point>
  </Placemark>
  <Placemark id="clipped.162">
	<ExtendedData><SchemaData schemaUrl="#clipped">
		<SimpleData name="Nº">323.000000</SimpleData>
		<SimpleData name="Individuo">323.000000</SimpleData>
		<SimpleData name="X">436596.000000</SimpleData>
		<SimpleData name="Y">7203394.000000</SimpleData>
	</SchemaData></ExtendedData>
      <Point><coordinates>-57.6297741978138,-25.2845590025814</coordinates></Point>
  </Placemark>
  <Placemark id="clipped.163">
	<ExtendedData><SchemaData schemaUrl="#clipped">
		<SimpleData name="Nº">324.000000</SimpleData>
		<SimpleData name="Individuo">324.000000</SimpleData>
		<SimpleData name="X">436595.000000</SimpleData>
		<SimpleData name="Y">7203398.000000</SimpleData>
	</SchemaData></ExtendedData>
      <Point><coordinates>-57.629783943534,-25.2845228393956</coordinates></Point>
  </Placemark>
  <Placemark id="clipped.164">
	<ExtendedData><SchemaData schemaUrl="#clipped">
		<SimpleData name="Nº">325.000000</SimpleData>
		<SimpleData name="Individuo">325.000000</SimpleData>
		<SimpleData name="X">436591.000000</SimpleData>
		<SimpleData name="Y">7203401.000000</SimpleData>
	</SchemaData></ExtendedData>
      <Point><coordinates>-57.6298235326014,-25.2844955792129</coordinates></Point>
  </Placemark>
  <Placemark id="clipped.165">
	<ExtendedData><SchemaData schemaUrl="#clipped">
		<SimpleData name="Nº">326.000000</SimpleData>
		<SimpleData name="Individuo">326.000000</SimpleData>
		<SimpleData name="X">436590.000000</SimpleData>
		<SimpleData name="Y">7203405.000000</SimpleData>
	</SchemaData></ExtendedData>
      <Point><coordinates>-57.6298332783023,-25.2844594160239</coordinates></Point>
  </Placemark>
  <Placemark id="clipped.166">
	<ExtendedData><SchemaData schemaUrl="#clipped">
		<SimpleData name="Nº">327.000000</SimpleData>
		<SimpleData name="Individuo">327.000000</SimpleData>
		<SimpleData name="X">436584.000000</SimpleData>
		<SimpleData name="Y">7203404.000000</SimpleData>
	</SchemaData></ExtendedData>
      <Point><coordinates>-57.6298929183648,-25.2844681918125</coordinates></Point>
  </Placemark>
  <Placemark id="clipped.167">
	<ExtendedData><SchemaData schemaUrl="#clipped">
		<SimpleData name="Nº">328.000000</SimpleData>
		<SimpleData name="Individuo">328.000000</SimpleData>
		<SimpleData name="X">436585.000000</SimpleData>
		<SimpleData name="Y">7203403.000000</SimpleData>
	</SchemaData></ExtendedData>
      <Point><coordinates>-57.6298830327654,-25.284477264413</coordinates></Point>
  </Placemark>
  <Placemark id="clipped.168">
	<ExtendedData><SchemaData schemaUrl="#clipped">
		<SimpleData name="Nº">329.000000</SimpleData>
		<SimpleData name="Individuo">329.000000</SimpleData>
		<SimpleData name="X">436581.000000</SimpleData>
		<SimpleData name="Y">7203400.000000</SimpleData>
	</SchemaData></ExtendedData>
      <Point><coordinates>-57.6299229016444,-25.2845041853881</coordinates></Point>
  </Placemark>
  <Placemark id="clipped.169">
	<ExtendedData><SchemaData schemaUrl="#clipped">
		<SimpleData name="Nº">330.000000</SimpleData>
		<SimpleData name="Individuo">330.000000</SimpleData>
		<SimpleData name="X">436578.000000</SimpleData>
		<SimpleData name="Y">7203402.000000</SimpleData>
	</SchemaData></ExtendedData>
      <Point><coordinates>-57.6299526050791,-25.284485997774</coordinates></Point>
  </Placemark>
  <Placemark id="clipped.170">
	<ExtendedData><SchemaData schemaUrl="#clipped">
		<SimpleData name="Nº">331.000000</SimpleData>
		<SimpleData name="Individuo">331.000000</SimpleData>
		<SimpleData name="X">436585.000000</SimpleData>
		<SimpleData name="Y">7203393.000000</SimpleData>
	</SchemaData></ExtendedData>
      <Point><coordinates>-57.6298834991519,-25.2845675663862</coordinates></Point>
  </Placemark>
  <Placemark id="clipped.171">
	<ExtendedData><SchemaData schemaUrl="#clipped">
		<SimpleData name="Nº">332.000000</SimpleData>
		<SimpleData name="Individuo">332.000000</SimpleData>
		<SimpleData name="X">436583.000000</SimpleData>
		<SimpleData name="Y">7203393.000000</SimpleData>
	</SchemaData></ExtendedData>
      <Point><coordinates>-57.6299033636438,-25.2845674815788</coordinates></Point>
  </Placemark>
  <Placemark id="clipped.172">
	<ExtendedData><SchemaData schemaUrl="#clipped">
		<SimpleData name="Nº">333.000000</SimpleData>
		<SimpleData name="Individuo">333.000000</SimpleData>
		<SimpleData name="X">436542.000000</SimpleData>
		<SimpleData name="Y">7203445.000000</SimpleData>
	</SchemaData></ExtendedData>
      <Point><coordinates>-57.6303081588801,-25.2840961722044</coordinates></Point>
  </Placemark>
  <Placemark id="clipped.173">
	<ExtendedData><SchemaData schemaUrl="#clipped">
		<SimpleData name="Nº">334.000000</SimpleData>
		<SimpleData name="Individuo">334.000000</SimpleData>
		<SimpleData name="X">436544.000000</SimpleData>
		<SimpleData name="Y">7203443.000000</SimpleData>
	</SchemaData></ExtendedData>
      <Point><coordinates>-57.630288387802,-25.284114317459</coordinates></Point>
  </Placemark>
  <Placemark id="clipped.174">
	<ExtendedData><SchemaData schemaUrl="#clipped">
		<SimpleData name="Nº">335.000000</SimpleData>
		<SimpleData name="Individuo">335.000000</SimpleData>
		<SimpleData name="X">436543.000000</SimpleData>
		<SimpleData name="Y">7203443.000000</SimpleData>
	</SchemaData></ExtendedData>
      <Point><coordinates>-57.6302983200103,-25.2841142750291</coordinates></Point>
  </Placemark>
  <Placemark id="clipped.175">
	<ExtendedData><SchemaData schemaUrl="#clipped">
		<SimpleData name="Nº">336.000000</SimpleData>
		<SimpleData name="Individuo">336.000000</SimpleData>
		<SimpleData name="X">436543.000000</SimpleData>
		<SimpleData name="Y">7203438.000000</SimpleData>
	</SchemaData></ExtendedData>
      <Point><coordinates>-57.6302985533532,-25.2841594260144</coordinates></Point>
  </Placemark>
  <Placemark id="clipped.176">
	<ExtendedData><SchemaData schemaUrl="#clipped">
		<SimpleData name="Nº">337.000000</SimpleData>
		<SimpleData name="Individuo">337.000000</SimpleData>
		<SimpleData name="X">436547.000000</SimpleData>
		<SimpleData name="Y">7203440.000000</SimpleData>
	</SchemaData></ExtendedData>
      <Point><coordinates>-57.6302587311738,-25.2841415353361</coordinates></Point>
  </Placemark>
  <Placemark id="clipped.177">
	<ExtendedData><SchemaData schemaUrl="#clipped">
		<SimpleData name="Nº">338.000000</SimpleData>
		<SimpleData name="Individuo">338.000000</SimpleData>
		<SimpleData name="X">436551.000000</SimpleData>
		<SimpleData name="Y">7203440.000000</SimpleData>
	</SchemaData></ExtendedData>
      <Point><coordinates>-57.6302190023313,-25.2841417050412</coordinates></Point>
  </Placemark>
  <Placemark id="clipped.178">
	<ExtendedData><SchemaData schemaUrl="#clipped">
		<SimpleData name="Nº">339.000000</SimpleData>
		<SimpleData name="Individuo">339.000000</SimpleData>
		<SimpleData name="X">436545.000000</SimpleData>
		<SimpleData name="Y">7203422.000000</SimpleData>
	</SchemaData></ExtendedData>
      <Point><coordinates>-57.6302794356065,-25.2843039940255</coordinates></Point>
  </Placemark>
  <Placemark id="clipped.179">
	<ExtendedData><SchemaData schemaUrl="#clipped">
		<SimpleData name="Nº">340.000000</SimpleData>
		<SimpleData name="Individuo">340.000000</SimpleData>
		<SimpleData name="X">436537.000000</SimpleData>
		<SimpleData name="Y">7203435.000000</SimpleData>
	</SchemaData></ExtendedData>
      <Point><coordinates>-57.6303582866438,-25.2841862620113</coordinates></Point>
  </Placemark>
  <Placemark id="clipped.180">
	<ExtendedData><SchemaData schemaUrl="#clipped">
		<SimpleData name="Nº">341.000000</SimpleData>
		<SimpleData name="Individuo">341.000000</SimpleData>
		<SimpleData name="X">436536.000000</SimpleData>
		<SimpleData name="Y">7203431.000000</SimpleData>
	</SchemaData></ExtendedData>
      <Point><coordinates>-57.6303684055533,-25.284222340364</coordinates></Point>
  </Placemark>
  <Placemark id="clipped.181">
	<ExtendedData><SchemaData schemaUrl="#clipped">
		<SimpleData name="Nº">342.000000</SimpleData>
		<SimpleData name="Individuo">342.000000</SimpleData>
		<SimpleData name="X">436547.000000</SimpleData>
		<SimpleData name="Y">7203418.000000</SimpleData>
	</SchemaData></ExtendedData>
      <Point><coordinates>-57.6302597578233,-25.2843401996703</coordinates></Point>
  </Placemark>
  <Placemark id="clipped.182">
	<ExtendedData><SchemaData schemaUrl="#clipped">
		<SimpleData name="Nº">343.000000</SimpleData>
		<SimpleData name="Individuo">343.000000</SimpleData>
		<SimpleData name="X">436538.000000</SimpleData>
		<SimpleData name="Y">7203421.000000</SimpleData>
	</SchemaData></ExtendedData>
      <Point><coordinates>-57.6303490078451,-25.2843127272011</coordinates></Point>
  </Placemark>
  <Placemark id="clipped.183">
	<ExtendedData><SchemaData schemaUrl="#clipped">
		<SimpleData name="Nº">344.000000</SimpleData>
		<SimpleData name="Individuo">344.000000</SimpleData>
		<SimpleData name="X">436545.000000</SimpleData>
		<SimpleData name="Y">7203402.000000</SimpleData>
	</SchemaData></ExtendedData>
      <Point><coordinates>-57.6302803689613,-25.2844845979612</coordinates></Point>
  </Placemark>
  <Placemark id="clipped.184">
	<ExtendedData><SchemaData schemaUrl="#clipped">
		<SimpleData name="Nº">345.000000</SimpleData>
		<SimpleData name="Individuo">345.000000</SimpleData>
		<SimpleData name="X">436533.000000</SimpleData>
		<SimpleData name="Y">7203427.000000</SimpleData>
	</SchemaData></ExtendedData>
      <Point><coordinates>-57.6303983889089,-25.2842583338427</coordinates></Point>
  </Placemark>
  <Placemark id="clipped.185">
	<ExtendedData><SchemaData schemaUrl="#clipped">
		<SimpleData name="Nº">346.000000</SimpleData>
		<SimpleData name="Individuo">346.000000</SimpleData>
		<SimpleData name="X">436533.000000</SimpleData>
		<SimpleData name="Y">7203428.000000</SimpleData>
	</SchemaData></ExtendedData>
      <Point><coordinates>-57.6303983422326,-25.284249303646</coordinates></Point>
  </Placemark>
  <Placemark id="clipped.186">
	<ExtendedData><SchemaData schemaUrl="#clipped">
		<SimpleData name="Nº">347.000000</SimpleData>
		<SimpleData name="Individuo">347.000000</SimpleData>
		<SimpleData name="X">436537.000000</SimpleData>
		<SimpleData name="Y">7203427.000000</SimpleData>
	</SchemaData></ExtendedData>
      <Point><coordinates>-57.6303586600293,-25.2842585035861</coordinates></Point>
  </Placemark>
  <Placemark id="clipped.187">
	<ExtendedData><SchemaData schemaUrl="#clipped">
		<SimpleData name="Nº">348.000000</SimpleData>
		<SimpleData name="Individuo">348.000000</SimpleData>
		<SimpleData name="X">436528.000000</SimpleData>
		<SimpleData name="Y">7203429.000000</SimpleData>
	</SchemaData></ExtendedData>
      <Point><coordinates>-57.630447956648,-25.2842400612551</coordinates></Point>
  </Placemark>
  <Placemark id="clipped.188">
	<ExtendedData><SchemaData schemaUrl="#clipped">
		<SimpleData name="Nº">349.000000</SimpleData>
		<SimpleData name="Individuo">349.000000</SimpleData>
		<SimpleData name="X">436526.000000</SimpleData>
		<SimpleData name="Y">7203419.000000</SimpleData>
	</SchemaData></ExtendedData>
      <Point><coordinates>-57.6304682878988,-25.2843302783387</coordinates></Point>
  </Placemark>
  <Placemark id="clipped.189">
	<ExtendedData><SchemaData schemaUrl="#clipped">
		<SimpleData name="Nº">350.000000</SimpleData>
		<SimpleData name="Individuo">350.000000</SimpleData>
		<SimpleData name="X">436537.000000</SimpleData>
		<SimpleData name="Y">7203409.000000</SimpleData>
	</SchemaData></ExtendedData>
      <Point><coordinates>-57.6303595001521,-25.284421047127</coordinates></Point>
  </Placemark>
  <Placemark id="clipped.190">
	<ExtendedData><SchemaData schemaUrl="#clipped">
		<SimpleData name="Nº">351.000000</SimpleData>
		<SimpleData name="Individuo">351.000000</SimpleData>
		<SimpleData name="X">436535.000000</SimpleData>
		<SimpleData name="Y">7203408.000000</SimpleData>
	</SchemaData></ExtendedData>
      <Point><coordinates>-57.6303794112936,-25.2844299924526</coordinates></Point>
  </Placemark>
  <Placemark id="clipped.191">
	<ExtendedData><SchemaData schemaUrl="#clipped">
		<SimpleData name="Nº">352.000000</SimpleData>
		<SimpleData name="Individuo">352.000000</SimpleData>
		<SimpleData name="X">436529.000000</SimpleData>
		<SimpleData name="Y">7203410.000000</SimpleData>
	</SchemaData></ExtendedData>
      <Point><coordinates>-57.6304389113371,-25.2844116774305</coordinates></Point>
  </Placemark>
  <Placemark id="clipped.192">
	<ExtendedData><SchemaData schemaUrl="#clipped">
		<SimpleData name="Nº">353.000000</SimpleData>
		<SimpleData name="Individuo">353.000000</SimpleData>
		<SimpleData name="X">436531.000000</SimpleData>
		<SimpleData name="Y">7203414.000000</SimpleData>
	</SchemaData></ExtendedData>
      <Point><coordinates>-57.6304188601604,-25.2843756415233</coordinates></Point>
  </Placemark>
  <Placemark id="clipped.193">
	<ExtendedData><SchemaData schemaUrl="#clipped">
		<SimpleData name="Nº">354.000000</SimpleData>
		<SimpleData name="Individuo">354.000000</SimpleData>
		<SimpleData name="X">436536.000000</SimpleData>
		<SimpleData name="Y">7203411.000000</SimpleData>
	</SchemaData></ExtendedData>
      <Point><coordinates>-57.6303693390365,-25.2844029442986</coordinates></Point>
  </Placemark>
  <Placemark id="clipped.194">
	<ExtendedData><SchemaData schemaUrl="#clipped">
		<SimpleData name="Nº">355.000000</SimpleData>
		<SimpleData name="Individuo">355.000000</SimpleData>
		<SimpleData name="X">436529.000000</SimpleData>
		<SimpleData name="Y">7203408.000000</SimpleData>
	</SchemaData></ExtendedData>
      <Point><coordinates>-57.6304390046962,-25.2844297378235</coordinates></Point>
  </Placemark>
  <Placemark id="clipped.195">
	<ExtendedData><SchemaData schemaUrl="#clipped">
		<SimpleData name="Nº">356.000000</SimpleData>
		<SimpleData name="Individuo">356.000000</SimpleData>
		<SimpleData name="X">436521.000000</SimpleData>
		<SimpleData name="Y">7203409.000000</SimpleData>
	</SchemaData></ExtendedData>
      <Point><coordinates>-57.6305184158798,-25.2844203680842</coordinates></Point>
  </Placemark>
  <Placemark id="clipped.196">
	<ExtendedData><SchemaData schemaUrl="#clipped">
		<SimpleData name="Nº">357.000000</SimpleData>
		<SimpleData name="Individuo">357.000000</SimpleData>
		<SimpleData name="X">436535.000000</SimpleData>
		<SimpleData name="Y">7203401.000000</SimpleData>
	</SchemaData></ExtendedData>
      <Point><coordinates>-57.6303797380204,-25.2844932038283</coordinates></Point>
  </Placemark>
  <Placemark id="clipped.197">
	<ExtendedData><SchemaData schemaUrl="#clipped">
		<SimpleData name="Nº">358.000000</SimpleData>
		<SimpleData name="Individuo">358.000000</SimpleData>
		<SimpleData name="X">436520.000000</SimpleData>
		<SimpleData name="Y">7203403.000000</SimpleData>
	</SchemaData></ExtendedData>
      <Point><coordinates>-57.6305286282301,-25.2844745068161</coordinates></Point>
  </Placemark>
  <Placemark id="clipped.198">
	<ExtendedData><SchemaData schemaUrl="#clipped">
		<SimpleData name="Nº">359.000000</SimpleData>
		<SimpleData name="Individuo">359.000000</SimpleData>
		<SimpleData name="X">436525.000000</SimpleData>
		<SimpleData name="Y">7203395.000000</SimpleData>
	</SchemaData></ExtendedData>
      <Point><coordinates>-57.6304793405058,-25.2845469606095</coordinates></Point>
  </Placemark>
  <Placemark id="clipped.199">
	<ExtendedData><SchemaData schemaUrl="#clipped">
		<SimpleData name="Nº">360.000000</SimpleData>
		<SimpleData name="Individuo">360.000000</SimpleData>
		<SimpleData name="X">436525.000000</SimpleData>
		<SimpleData name="Y">7203389.000000</SimpleData>
	</SchemaData></ExtendedData>
      <Point><coordinates>-57.6304796206032,-25.2846011417869</coordinates></Point>
  </Placemark>
  <Placemark id="clipped.200">
	<ExtendedData><SchemaData schemaUrl="#clipped">
		<SimpleData name="Nº">361.000000</SimpleData>
		<SimpleData name="Individuo">361.000000</SimpleData>
		<SimpleData name="X">436521.000000</SimpleData>
		<SimpleData name="Y">7203385.000000</SimpleData>
	</SchemaData></ExtendedData>
      <Point><coordinates>-57.6305195363371,-25.2846370927931</coordinates></Point>
  </Placemark>
  <Placemark id="clipped.201">
	<ExtendedData><SchemaData schemaUrl="#clipped">
		<SimpleData name="Nº">362.000000</SimpleData>
		<SimpleData name="Individuo">362.000000</SimpleData>
		<SimpleData name="X">436516.000000</SimpleData>
		<SimpleData name="Y">7203387.000000</SimpleData>
	</SchemaData></ExtendedData>
      <Point><coordinates>-57.6305691042098,-25.2846188201631</coordinates></Point>
  </Placemark>
  <Placemark id="clipped.202">
	<ExtendedData><SchemaData schemaUrl="#clipped">
		<SimpleData name="Nº">363.000000</SimpleData>
		<SimpleData name="Individuo">363.000000</SimpleData>
		<SimpleData name="X">436517.000000</SimpleData>
		<SimpleData name="Y">7203393.000000</SimpleData>
	</SchemaData></ExtendedData>
      <Point><coordinates>-57.630558891828,-25.2845646814356</coordinates></Point>
  </Placemark>
  <Placemark id="clipped.203">
	<ExtendedData><SchemaData schemaUrl="#clipped">
		<SimpleData name="Nº">364.000000</SimpleData>
		<SimpleData name="Individuo">364.000000</SimpleData>
		<SimpleData name="X">436515.000000</SimpleData>
		<SimpleData name="Y">7203393.000000</SimpleData>
	</SchemaData></ExtendedData>
      <Point><coordinates>-57.6305787563169,-25.2845645965373</coordinates></Point>
  </Placemark>
  <Placemark id="clipped.204">
	<ExtendedData><SchemaData schemaUrl="#clipped">
		<SimpleData name="Nº">365.000000</SimpleData>
		<SimpleData name="Individuo">365.000000</SimpleData>
		<SimpleData name="X">436515.000000</SimpleData>
		<SimpleData name="Y">7203397.000000</SimpleData>
	</SchemaData></ExtendedData>
      <Point><coordinates>-57.6305785695561,-25.284528475753</coordinates></Point>
  </Placemark>
  <Placemark id="clipped.205">
	<ExtendedData><SchemaData schemaUrl="#clipped">
		<SimpleData name="Nº">366.000000</SimpleData>
		<SimpleData name="Individuo">366.000000</SimpleData>
		<SimpleData name="X">436553.000000</SimpleData>
		<SimpleData name="Y">7203386.000000</SimpleData>
	</SchemaData></ExtendedData>
      <Point><coordinates>-57.6302016576489,-25.2846294205242</coordinates></Point>
  </Placemark>
  <Placemark id="clipped.206">
	<ExtendedData><SchemaData schemaUrl="#clipped">
		<SimpleData name="Nº">367.000000</SimpleData>
		<SimpleData name="Individuo">367.000000</SimpleData>
		<SimpleData name="X">436552.000000</SimpleData>
		<SimpleData name="Y">7203396.000000</SimpleData>
	</SchemaData></ExtendedData>
      <Point><coordinates>-57.6302111232687,-25.2845390761326</coordinates></Point>
  </Placemark>
  <Placemark id="clipped.207">
	<ExtendedData><SchemaData schemaUrl="#clipped">
		<SimpleData name="Nº">368.000000</SimpleData>
		<SimpleData name="Individuo">368.000000</SimpleData>
		<SimpleData name="X">436551.000000</SimpleData>
		<SimpleData name="Y">7203395.000000</SimpleData>
	</SchemaData></ExtendedData>
      <Point><coordinates>-57.6302211021754,-25.2845480639039</coordinates></Point>
  </Placemark>
  <Placemark id="clipped.208">
	<ExtendedData><SchemaData schemaUrl="#clipped">
		<SimpleData name="Nº">369.000000</SimpleData>
		<SimpleData name="Individuo">369.000000</SimpleData>
		<SimpleData name="X">436551.000000</SimpleData>
		<SimpleData name="Y">7203399.000000</SimpleData>
	</SchemaData></ExtendedData>
      <Point><coordinates>-57.6302209155208,-25.2845119431171</coordinates></Point>
  </Placemark>
  <Placemark id="clipped.209">
	<ExtendedData><SchemaData schemaUrl="#clipped">
		<SimpleData name="Nº">370.000000</SimpleData>
		<SimpleData name="Individuo">370.000000</SimpleData>
		<SimpleData name="X">436546.000000</SimpleData>
		<SimpleData name="Y">7203404.000000</SimpleData>
	</SchemaData></ExtendedData>
      <Point><coordinates>-57.6302703433884,-25.2844665799971</coordinates></Point>
  </Placemark>
  <Placemark id="clipped.210">
	<ExtendedData><SchemaData schemaUrl="#clipped">
		<SimpleData name="Nº">371.000000</SimpleData>
		<SimpleData name="Individuo">371.000000</SimpleData>
		<SimpleData name="X">436541.000000</SimpleData>
		<SimpleData name="Y">7203407.000000</SimpleData>
	</SchemaData></ExtendedData>
      <Point><coordinates>-57.6303198645608,-25.2844392772543</coordinates></Point>
  </Placemark>
  <Placemark id="clipped.211">
	<ExtendedData><SchemaData schemaUrl="#clipped">
		<SimpleData name="Nº">372.000000</SimpleData>
		<SimpleData name="Individuo">372.000000</SimpleData>
		<SimpleData name="X">436544.000000</SimpleData>
		<SimpleData name="Y">7203395.000000</SimpleData>
	</SchemaData></ExtendedData>
      <Point><coordinates>-57.6302906278813,-25.2845477669076</coordinates></Point>
  </Placemark>
  <Placemark id="clipped.212">
	<ExtendedData><SchemaData schemaUrl="#clipped">
		<SimpleData name="Nº">373.000000</SimpleData>
		<SimpleData name="Individuo">373.000000</SimpleData>
		<SimpleData name="X">436545.000000</SimpleData>
		<SimpleData name="Y">7203390.000000</SimpleData>
	</SchemaData></ExtendedData>
      <Point><coordinates>-57.6302809289785,-25.2845929603205</coordinates></Point>
  </Placemark>
  <Placemark id="clipped.213">
	<ExtendedData><SchemaData schemaUrl="#clipped">
		<SimpleData name="Nº">374.000000</SimpleData>
		<SimpleData name="Individuo">374.000000</SimpleData>
		<SimpleData name="X">436548.000000</SimpleData>
		<SimpleData name="Y">7203393.000000</SimpleData>
	</SchemaData></ExtendedData>
      <Point><coordinates>-57.6302509922385,-25.2845659970171</coordinates></Point>
  </Placemark>
  <Placemark id="clipped.214">
	<ExtendedData><SchemaData schemaUrl="#clipped">
		<SimpleData name="Nº">375.000000</SimpleData>
		<SimpleData name="Individuo">375.000000</SimpleData>
		<SimpleData name="X">436554.000000</SimpleData>
		<SimpleData name="Y">7203387.000000</SimpleData>
	</SchemaData></ExtendedData>
      <Point><coordinates>-57.6301916787368,-25.2846204327517</coordinates></Point>
  </Placemark>
  <Placemark id="clipped.215">
	<ExtendedData><SchemaData schemaUrl="#clipped">
		<SimpleData name="Nº">376.000000</SimpleData>
		<SimpleData name="Individuo">376.000000</SimpleData>
		<SimpleData name="X">436542.000000</SimpleData>
		<SimpleData name="Y">7203391.000000</SimpleData>
	</SchemaData></ExtendedData>
      <Point><coordinates>-57.6303106790499,-25.2845838028316</coordinates></Point>
  </Placemark>
  <Placemark id="clipped.216">
	<ExtendedData><SchemaData schemaUrl="#clipped">
		<SimpleData name="Nº">377.000000</SimpleData>
		<SimpleData name="Individuo">377.000000</SimpleData>
		<SimpleData name="X">436538.000000</SimpleData>
		<SimpleData name="Y">7203393.000000</SimpleData>
	</SchemaData></ExtendedData>
      <Point><coordinates>-57.6303503146891,-25.2845655727062</coordinates></Point>
  </Placemark>
  <Placemark id="clipped.217">
	<ExtendedData><SchemaData schemaUrl="#clipped">
		<SimpleData name="Nº">378.000000</SimpleData>
		<SimpleData name="Individuo">378.000000</SimpleData>
		<SimpleData name="X">436534.000000</SimpleData>
		<SimpleData name="Y">7203392.000000</SimpleData>
	</SchemaData></ExtendedData>
      <Point><coordinates>-57.630390090345,-25.2845744331595</coordinates></Point>
  </Placemark>
  <Placemark id="clipped.218">
	<ExtendedData><SchemaData schemaUrl="#clipped">
		<SimpleData name="Nº">379.000000</SimpleData>
		<SimpleData name="Individuo">379.000000</SimpleData>
		<SimpleData name="X">436533.000000</SimpleData>
		<SimpleData name="Y">7203399.000000</SimpleData>
	</SchemaData></ExtendedData>
      <Point><coordinates>-57.630399695852,-25.2845111793472</coordinates></Point>
  </Placemark>
  <Placemark id="clipped.219">
	<ExtendedData><SchemaData schemaUrl="#clipped">
		<SimpleData name="Nº">380.000000</SimpleData>
		<SimpleData name="Individuo">380.000000</SimpleData>
		<SimpleData name="X">436540.000000</SimpleData>
		<SimpleData name="Y">7203387.000000</SimpleData>
	</SchemaData></ExtendedData>
      <Point><coordinates>-57.6303307302306,-25.2846198387524</coordinates></Point>
  </Placemark>
  <Placemark id="clipped.220">
	<ExtendedData><SchemaData schemaUrl="#clipped">
		<SimpleData name="Nº">381.000000</SimpleData>
		<SimpleData name="Individuo">381.000000</SimpleData>
		<SimpleData name="X">436540.000000</SimpleData>
		<SimpleData name="Y">7203384.000000</SimpleData>
	</SchemaData></ExtendedData>
      <Point><coordinates>-57.6303308702467,-25.2846469293416</coordinates></Point>
  </Placemark>
  <Placemark id="clipped.221">
	<ExtendedData><SchemaData schemaUrl="#clipped">
		<SimpleData name="Nº">382.000000</SimpleData>
		<SimpleData name="Individuo">382.000000</SimpleData>
		<SimpleData name="X">436538.000000</SimpleData>
		<SimpleData name="Y">7203385.000000</SimpleData>
	</SchemaData></ExtendedData>
      <Point><coordinates>-57.6303506880763,-25.2846378142774</coordinates></Point>
  </Placemark>
  <Placemark id="clipped.222">
	<ExtendedData><SchemaData schemaUrl="#clipped">
		<SimpleData name="Nº">383.000000</SimpleData>
		<SimpleData name="Individuo">383.000000</SimpleData>
		<SimpleData name="X">436536.000000</SimpleData>
		<SimpleData name="Y">7203379.000000</SimpleData>
	</SchemaData></ExtendedData>
      <Point><coordinates>-57.6303708326281,-25.2846919105847</coordinates></Point>
  </Placemark>
  <Placemark id="clipped.223">
	<ExtendedData><SchemaData schemaUrl="#clipped">
		<SimpleData name="Nº">384.000000</SimpleData>
		<SimpleData name="Individuo">384.000000</SimpleData>
		<SimpleData name="X">436534.000000</SimpleData>
		<SimpleData name="Y">7203384.000000</SimpleData>
	</SchemaData></ExtendedData>
      <Point><coordinates>-57.6303904637559,-25.2846466747301</coordinates></Point>
  </Placemark>
  <Placemark id="clipped.224">
	<ExtendedData><SchemaData schemaUrl="#clipped">
		<SimpleData name="Nº">385.000000</SimpleData>
		<SimpleData name="Individuo">385.000000</SimpleData>
		<SimpleData name="X">436529.000000</SimpleData>
		<SimpleData name="Y">7203385.000000</SimpleData>
	</SchemaData></ExtendedData>
      <Point><coordinates>-57.6304400783329,-25.2846374323392</coordinates></Point>
  </Placemark>
  <Placemark id="clipped.225">
	<ExtendedData><SchemaData schemaUrl="#clipped">
		<SimpleData name="Nº">386.000000</SimpleData>
		<SimpleData name="Individuo">386.000000</SimpleData>
		<SimpleData name="X">436514.000000</SimpleData>
		<SimpleData name="Y">7203385.000000</SimpleData>
	</SchemaData></ExtendedData>
      <Point><coordinates>-57.6305890620897,-25.2846367956552</coordinates></Point>
  </Placemark>
  <Placemark id="clipped.226">
	<ExtendedData><SchemaData schemaUrl="#clipped">
		<SimpleData name="Nº">387.000000</SimpleData>
		<SimpleData name="Individuo">387.000000</SimpleData>
		<SimpleData name="X">436514.000000</SimpleData>
		<SimpleData name="Y">7203384.000000</SimpleData>
	</SchemaData></ExtendedData>
      <Point><coordinates>-57.6305891087809,-25.2846458258511</coordinates></Point>
  </Placemark>
  <Placemark id="clipped.227">
	<ExtendedData><SchemaData schemaUrl="#clipped">
		<SimpleData name="Nº">388.000000</SimpleData>
		<SimpleData name="Individuo">388.000000</SimpleData>
		<SimpleData name="X">436515.000000</SimpleData>
		<SimpleData name="Y">7203384.000000</SimpleData>
	</SchemaData></ExtendedData>
      <Point><coordinates>-57.6305791765298,-25.2846458683014</coordinates></Point>
  </Placemark>
  <Placemark id="clipped.228">
	<ExtendedData><SchemaData schemaUrl="#clipped">
		<SimpleData name="Nº">389.000000</SimpleData>
		<SimpleData name="Individuo">389.000000</SimpleData>
		<SimpleData name="X">436508.000000</SimpleData>
		<SimpleData name="Y">7203389.000000</SimpleData>
	</SchemaData></ExtendedData>
      <Point><coordinates>-57.630648468809,-25.284600420156</coordinates></Point>
  </Placemark>
  <Placemark id="clipped.229">
	<ExtendedData><SchemaData schemaUrl="#clipped">
		<SimpleData name="Nº">390.000000</SimpleData>
		<SimpleData name="Individuo">390.000000</SimpleData>
		<SimpleData name="X">436507.000000</SimpleData>
		<SimpleData name="Y">7203390.000000</SimpleData>
	</SchemaData></ExtendedData>
      <Point><coordinates>-57.63065835436,-25.2845913475052</coordinates></Point>
  </Placemark>
  <Placemark id="clipped.230">
	<ExtendedData><SchemaData schemaUrl="#clipped">
		<SimpleData name="Nº">391.000000</SimpleData>
		<SimpleData name="Individuo">391.000000</SimpleData>
		<SimpleData name="X">436513.000000</SimpleData>
		<SimpleData name="Y">7203381.000000</SimpleData>
	</SchemaData></ExtendedData>
      <Point><coordinates>-57.6305991811077,-25.2846728739878</coordinates></Point>
  </Placemark>
  <Placemark id="clipped.231">
	<ExtendedData><SchemaData schemaUrl="#clipped">
		<SimpleData name="Nº">392.000000</SimpleData>
		<SimpleData name="Individuo">392.000000</SimpleData>
		<SimpleData name="X">436511.000000</SimpleData>
		<SimpleData name="Y">7203383.000000</SimpleData>
	</SchemaData></ExtendedData>
      <Point><coordinates>-57.6306189522272,-25.2846547286921</coordinates></Point>
  </Placemark>
  <Placemark id="clipped.232">
	<ExtendedData><SchemaData schemaUrl="#clipped">
		<SimpleData name="Nº">393.000000</SimpleData>
		<SimpleData name="Individuo">393.000000</SimpleData>
		<SimpleData name="X">436509.000000</SimpleData>
		<SimpleData name="Y">7203382.000000</SimpleData>
	</SchemaData></ExtendedData>
      <Point><coordinates>-57.6306388634254,-25.2846636739813</coordinates></Point>
  </Placemark>
  <Placemark id="clipped.233">
	<ExtendedData><SchemaData schemaUrl="#clipped">
		<SimpleData name="Nº">394.000000</SimpleData>
		<SimpleData name="Individuo">394.000000</SimpleData>
		<SimpleData name="X">436512.000000</SimpleData>
		<SimpleData name="Y">7203382.000000</SimpleData>
	</SchemaData></ExtendedData>
      <Point><coordinates>-57.6306090666682,-25.2846638013403</coordinates></Point>
  </Placemark>
  <Placemark id="clipped.234">
	<ExtendedData><SchemaData schemaUrl="#clipped">
		<SimpleData name="Nº">395.000000</SimpleData>
		<SimpleData name="Individuo">395.000000</SimpleData>
		<SimpleData name="X">436502.000000</SimpleData>
		<SimpleData name="Y">7203383.000000</SimpleData>
	</SchemaData></ExtendedData>
      <Point><coordinates>-57.6307083424915,-25.2846543465911</coordinates></Point>
  </Placemark>
  <Placemark id="clipped.235">
	<ExtendedData><SchemaData schemaUrl="#clipped">
		<SimpleData name="Nº">396.000000</SimpleData>
		<SimpleData name="Individuo">396.000000</SimpleData>
		<SimpleData name="X">436502.000000</SimpleData>
		<SimpleData name="Y">7203378.000000</SimpleData>
	</SchemaData></ExtendedData>
      <Point><coordinates>-57.6307085759918,-25.2846994975695</coordinates></Point>
  </Placemark>
  <Placemark id="clipped.236">
	<ExtendedData><SchemaData schemaUrl="#clipped">
		<SimpleData name="Nº">397.000000</SimpleData>
		<SimpleData name="Individuo">397.000000</SimpleData>
		<SimpleData name="X">436502.000000</SimpleData>
		<SimpleData name="Y">7203382.000000</SimpleData>
	</SchemaData></ExtendedData>
      <Point><coordinates>-57.6307083891915,-25.2846633767868</coordinates></Point>
  </Placemark>
  <Placemark id="clipped.237">
	<ExtendedData><SchemaData schemaUrl="#clipped">
		<SimpleData name="Nº">398.000000</SimpleData>
		<SimpleData name="Individuo">398.000000</SimpleData>
		<SimpleData name="X">436502.000000</SimpleData>
		<SimpleData name="Y">7203376.000000</SimpleData>
	</SchemaData></ExtendedData>
      <Point><coordinates>-57.6307086693921,-25.2847175579609</coordinates></Point>
  </Placemark>
  <Placemark id="clipped.238">
	<ExtendedData><SchemaData schemaUrl="#clipped">
		<SimpleData name="Nº">399.000000</SimpleData>
		<SimpleData name="Individuo">399.000000</SimpleData>
		<SimpleData name="X">436502.000000</SimpleData>
		<SimpleData name="Y">7203378.000000</SimpleData>
	</SchemaData></ExtendedData>
      <Point><coordinates>-57.6307085759918,-25.2846994975695</coordinates></Point>
  </Placemark>
  <Placemark id="clipped.239">
	<ExtendedData><SchemaData schemaUrl="#clipped">
		<SimpleData name="Nº">400.000000</SimpleData>
		<SimpleData name="Individuo">400.000000</SimpleData>
		<SimpleData name="X">436505.000000</SimpleData>
		<SimpleData name="Y">7203375.000000</SimpleData>
	</SchemaData></ExtendedData>
      <Point><coordinates>-57.6306789193201,-25.2847267155299</coordinates></Point>
  </Placemark>
  <Placemark id="clipped.240">
	<ExtendedData><SchemaData schemaUrl="#clipped">
		<SimpleData name="Nº">401.000000</SimpleData>
		<SimpleData name="Individuo">401.000000</SimpleData>
		<SimpleData name="X">436498.000000</SimpleData>
		<SimpleData name="Y">7203370.000000</SimpleData>
	</SchemaData></ExtendedData>
      <Point><coordinates>-57.6307486786375,-25.2847715692936</coordinates></Point>
  </Placemark>
  <Placemark id="clipped.241">
	<ExtendedData><SchemaData schemaUrl="#clipped">
		<SimpleData name="Nº">402.000000</SimpleData>
		<SimpleData name="Individuo">402.000000</SimpleData>
		<SimpleData name="X">436497.000000</SimpleData>
		<SimpleData name="Y">7203369.000000</SimpleData>
	</SchemaData></ExtendedData>
      <Point><coordinates>-57.6307586576025,-25.2847805570271</coordinates></Point>
  </Placemark>
  <Placemark id="clipped.242">
	<ExtendedData><SchemaData schemaUrl="#clipped">
		<SimpleData name="Nº">403.000000</SimpleData>
		<SimpleData name="Individuo">403.000000</SimpleData>
		<SimpleData name="X">436499.000000</SimpleData>
		<SimpleData name="Y">7203370.000000</SimpleData>
	</SchemaData></ExtendedData>
      <Point><coordinates>-57.6307387463766,-25.2847716117548</coordinates></Point>
  </Placemark>
  <Placemark id="clipped.243">
	<ExtendedData><SchemaData schemaUrl="#clipped">
		<SimpleData name="Nº">404.000000</SimpleData>
		<SimpleData name="Individuo">404.000000</SimpleData>
		<SimpleData name="X">436499.000000</SimpleData>
		<SimpleData name="Y">7203369.000000</SimpleData>
	</SchemaData></ExtendedData>
      <Point><coordinates>-57.6307387930791,-25.2847806419503</coordinates></Point>
  </Placemark>
  <Placemark id="clipped.244">
	<ExtendedData><SchemaData schemaUrl="#clipped">
		<SimpleData name="Nº">405.000000</SimpleData>
		<SimpleData name="Individuo">405.000000</SimpleData>
		<SimpleData name="X">436498.000000</SimpleData>
		<SimpleData name="Y">7203372.000000</SimpleData>
	</SchemaData></ExtendedData>
      <Point><coordinates>-57.6307485852311,-25.2847535089025</coordinates></Point>
  </Placemark>
  <Placemark id="clipped.245">
	<ExtendedData><SchemaData schemaUrl="#clipped">
		<SimpleData name="Nº">406.000000</SimpleData>
		<SimpleData name="Individuo">406.000000</SimpleData>
		<SimpleData name="X">436500.000000</SimpleData>
		<SimpleData name="Y">7203372.000000</SimpleData>
	</SchemaData></ExtendedData>
      <Point><coordinates>-57.6307287207121,-25.2847535938243</coordinates></Point>
  </Placemark>
  <Placemark id="clipped.246">
	<ExtendedData><SchemaData schemaUrl="#clipped">
		<SimpleData name="Nº">407.000000</SimpleData>
		<SimpleData name="Individuo">407.000000</SimpleData>
		<SimpleData name="X">436499.000000</SimpleData>
		<SimpleData name="Y">7203370.000000</SimpleData>
	</SchemaData></ExtendedData>
      <Point><coordinates>-57.6307387463766,-25.2847716117548</coordinates></Point>
  </Placemark>
  <Placemark id="clipped.247">
	<ExtendedData><SchemaData schemaUrl="#clipped">
		<SimpleData name="Nº">408.000000</SimpleData>
		<SimpleData name="Individuo">408.000000</SimpleData>
		<SimpleData name="X">436498.000000</SimpleData>
		<SimpleData name="Y">7203363.000000</SimpleData>
	</SchemaData></ExtendedData>
      <Point><coordinates>-57.6307490055608,-25.2848347806618</coordinates></Point>
  </Placemark>
  <Placemark id="clipped.248">
	<ExtendedData><SchemaData schemaUrl="#clipped">
		<SimpleData name="Nº">409.000000</SimpleData>
		<SimpleData name="Individuo">409.000000</SimpleData>
		<SimpleData name="X">436509.000000</SimpleData>
		<SimpleData name="Y">7203374.000000</SimpleData>
	</SchemaData></ExtendedData>
      <Point><coordinates>-57.6306392369852,-25.2847359155475</coordinates></Point>
  </Placemark>
  <Placemark id="clipped.249">
	<ExtendedData><SchemaData schemaUrl="#clipped">
		<SimpleData name="Nº">410.000000</SimpleData>
		<SimpleData name="Individuo">410.000000</SimpleData>
		<SimpleData name="X">436507.000000</SimpleData>
		<SimpleData name="Y">7203365.000000</SimpleData>
	</SchemaData></ExtendedData>
      <Point><coordinates>-57.6306595217714,-25.2848171023988</coordinates></Point>
  </Placemark>
  <Placemark id="clipped.250">
	<ExtendedData><SchemaData schemaUrl="#clipped">
		<SimpleData name="Nº">411.000000</SimpleData>
		<SimpleData name="Individuo">411.000000</SimpleData>
		<SimpleData name="X">436506.000000</SimpleData>
		<SimpleData name="Y">7203364.000000</SimpleData>
	</SchemaData></ExtendedData>
      <Point><coordinates>-57.6306695007337,-25.2848260901384</coordinates></Point>
  </Placemark>
  <Placemark id="clipped.251">
	<ExtendedData><SchemaData schemaUrl="#clipped">
		<SimpleData name="Nº">412.000000</SimpleData>
		<SimpleData name="Individuo">412.000000</SimpleData>
		<SimpleData name="X">436502.000000</SimpleData>
		<SimpleData name="Y">7203360.000000</SimpleData>
	</SchemaData></ExtendedData>
      <Point><coordinates>-57.6307094165977,-25.2848620410897</coordinates></Point>
  </Placemark>
  <Placemark id="clipped.252">
	<ExtendedData><SchemaData schemaUrl="#clipped">
		<SimpleData name="Nº">413.000000</SimpleData>
		<SimpleData name="Individuo">413.000000</SimpleData>
		<SimpleData name="X">436501.000000</SimpleData>
		<SimpleData name="Y">7203359.000000</SimpleData>
	</SchemaData></ExtendedData>
      <Point><coordinates>-57.6307193955673,-25.2848710288257</coordinates></Point>
  </Placemark>
  <Placemark id="clipped.253">
	<ExtendedData><SchemaData schemaUrl="#clipped">
		<SimpleData name="Nº">414.000000</SimpleData>
		<SimpleData name="Individuo">414.000000</SimpleData>
		<SimpleData name="X">436500.000000</SimpleData>
		<SimpleData name="Y">7203362.000000</SimpleData>
	</SchemaData></ExtendedData>
      <Point><coordinates>-57.6307291877305,-25.2848438957793</coordinates></Point>
  </Placemark>
  <Placemark id="clipped.254">
	<ExtendedData><SchemaData schemaUrl="#clipped">
		<SimpleData name="Nº">415.000000</SimpleData>
		<SimpleData name="Individuo">415.000000</SimpleData>
		<SimpleData name="X">436500.000000</SimpleData>
		<SimpleData name="Y">7203365.000000</SimpleData>
	</SchemaData></ExtendedData>
      <Point><coordinates>-57.6307290476247,-25.2848168051929</coordinates></Point>
  </Placemark>
  <Placemark id="clipped.255">
	<ExtendedData><SchemaData schemaUrl="#clipped">
		<SimpleData name="Nº">416.000000</SimpleData>
		<SimpleData name="Individuo">416.000000</SimpleData>
		<SimpleData name="X">436497.000000</SimpleData>
		<SimpleData name="Y">7203366.000000</SimpleData>
	</SchemaData></ExtendedData>
      <Point><coordinates>-57.6307587977146,-25.2848076476135</coordinates></Point>
  </Placemark>
  <Placemark id="clipped.256">
	<ExtendedData><SchemaData schemaUrl="#clipped">
		<SimpleData name="Nº">417.000000</SimpleData>
		<SimpleData name="Individuo">417.000000</SimpleData>
		<SimpleData name="X">436498.000000</SimpleData>
		<SimpleData name="Y">7203361.000000</SimpleData>
	</SchemaData></ExtendedData>
      <Point><coordinates>-57.6307490989676,-25.2848528410527</coordinates></Point>
  </Placemark>
  <Placemark id="clipped.257">
	<ExtendedData><SchemaData schemaUrl="#clipped">
		<SimpleData name="Nº">418.000000</SimpleData>
		<SimpleData name="Individuo">418.000000</SimpleData>
		<SimpleData name="X">436495.000000</SimpleData>
		<SimpleData name="Y">7203366.000000</SimpleData>
	</SchemaData></ExtendedData>
      <Point><coordinates>-57.6307786622423,-25.2848075626876</coordinates></Point>
  </Placemark>
  <Placemark id="clipped.258">
	<ExtendedData><SchemaData schemaUrl="#clipped">
		<SimpleData name="Nº">419.000000</SimpleData>
		<SimpleData name="Individuo">419.000000</SimpleData>
		<SimpleData name="X">436494.000000</SimpleData>
		<SimpleData name="Y">7203364.000000</SimpleData>
	</SchemaData></ExtendedData>
      <Point><coordinates>-57.6307886879187,-25.2848255806144</coordinates></Point>
  </Placemark>
  <Placemark id="clipped.259">
	<ExtendedData><SchemaData schemaUrl="#clipped">
		<SimpleData name="Nº">420.000000</SimpleData>
		<SimpleData name="Individuo">420.000000</SimpleData>
		<SimpleData name="X">436495.000000</SimpleData>
		<SimpleData name="Y">7203367.000000</SimpleData>
	</SchemaData></ExtendedData>
      <Point><coordinates>-57.6307786155368,-25.2847985324922</coordinates></Point>
  </Placemark>
  <Placemark id="clipped.260">
	<ExtendedData><SchemaData schemaUrl="#clipped">
		<SimpleData name="Nº">421.000000</SimpleData>
		<SimpleData name="Individuo">421.000000</SimpleData>
		<SimpleData name="X">436493.000000</SimpleData>
		<SimpleData name="Y">7203367.000000</SimpleData>
	</SchemaData></ExtendedData>
      <Point><coordinates>-57.6307984800629,-25.2847984475636</coordinates></Point>
  </Placemark>
  <Placemark id="clipped.261">
	<ExtendedData><SchemaData schemaUrl="#clipped">
		<SimpleData name="Nº">422.000000</SimpleData>
		<SimpleData name="Individuo">422.000000</SimpleData>
		<SimpleData name="X">436489.000000</SimpleData>
		<SimpleData name="Y">7203363.000000</SimpleData>
	</SchemaData></ExtendedData>
      <Point><coordinates>-57.6308383959548,-25.2848343984795</coordinates></Point>
  </Placemark>
  <Placemark id="clipped.262">
	<ExtendedData><SchemaData schemaUrl="#clipped">
		<SimpleData name="Nº">423.000000</SimpleData>
		<SimpleData name="Individuo">423.000000</SimpleData>
		<SimpleData name="X">436494.000000</SimpleData>
		<SimpleData name="Y">7203362.000000</SimpleData>
	</SchemaData></ExtendedData>
      <Point><coordinates>-57.6307887813314,-25.2848436410051</coordinates></Point>
  </Placemark>
  <Placemark id="clipped.263">
	<ExtendedData><SchemaData schemaUrl="#clipped">
		<SimpleData name="Nº">424.000000</SimpleData>
		<SimpleData name="Individuo">424.000000</SimpleData>
		<SimpleData name="X">436493.000000</SimpleData>
		<SimpleData name="Y">7203361.000000</SimpleData>
	</SchemaData></ExtendedData>
      <Point><coordinates>-57.6307987603052,-25.2848526287357</coordinates></Point>
  </Placemark>
  <Placemark id="clipped.264">
	<ExtendedData><SchemaData schemaUrl="#clipped">
		<SimpleData name="Nº">425.000000</SimpleData>
		<SimpleData name="Individuo">425.000000</SimpleData>
		<SimpleData name="X">436495.000000</SimpleData>
		<SimpleData name="Y">7203364.000000</SimpleData>
	</SchemaData></ExtendedData>
      <Point><coordinates>-57.6307787556534,-25.2848256230784</coordinates></Point>
  </Placemark>
  <Placemark id="clipped.265">
	<ExtendedData><SchemaData schemaUrl="#clipped">
		<SimpleData name="Nº">426.000000</SimpleData>
		<SimpleData name="Individuo">426.000000</SimpleData>
		<SimpleData name="X">436489.000000</SimpleData>
		<SimpleData name="Y">7203361.000000</SimpleData>
	</SchemaData></ExtendedData>
      <Point><coordinates>-57.6308384893749,-25.2848524588701</coordinates></Point>
  </Placemark>
  <Placemark id="clipped.266">
	<ExtendedData><SchemaData schemaUrl="#clipped">
		<SimpleData name="Nº">427.000000</SimpleData>
		<SimpleData name="Individuo">427.000000</SimpleData>
		<SimpleData name="X">436491.000000</SimpleData>
		<SimpleData name="Y">7203364.000000</SimpleData>
	</SchemaData></ExtendedData>
      <Point><coordinates>-57.6308184847144,-25.2848254532183</coordinates></Point>
  </Placemark>
  <Placemark id="clipped.267">
	<ExtendedData><SchemaData schemaUrl="#clipped">
		<SimpleData name="Nº">428.000000</SimpleData>
		<SimpleData name="Individuo">428.000000</SimpleData>
		<SimpleData name="X">436500.000000</SimpleData>
		<SimpleData name="Y">7203353.000000</SimpleData>
	</SchemaData></ExtendedData>
      <Point><coordinates>-57.630729608049,-25.284925167538</coordinates></Point>
  </Placemark>
  <Placemark id="clipped.268">
	<ExtendedData><SchemaData schemaUrl="#clipped">
		<SimpleData name="Nº">429.000000</SimpleData>
		<SimpleData name="Individuo">429.000000</SimpleData>
		<SimpleData name="X">436509.000000</SimpleData>
		<SimpleData name="Y">7203358.000000</SimpleData>
	</SchemaData></ExtendedData>
      <Point><coordinates>-57.6306399841091,-25.284880398678</coordinates></Point>
  </Placemark>
  <Placemark id="clipped.269">
	<ExtendedData><SchemaData schemaUrl="#clipped">
		<SimpleData name="Nº">430.000000</SimpleData>
		<SimpleData name="Individuo">430.000000</SimpleData>
		<SimpleData name="X">436515.000000</SimpleData>
		<SimpleData name="Y">7203368.000000</SimpleData>
	</SchemaData></ExtendedData>
      <Point><coordinates>-57.6305799235795,-25.2847903514353</coordinates></Point>
  </Placemark>
  <Placemark id="clipped.270">
	<ExtendedData><SchemaData schemaUrl="#clipped">
		<SimpleData name="Nº">431.000000</SimpleData>
		<SimpleData name="Individuo">431.000000</SimpleData>
		<SimpleData name="X">436519.000000</SimpleData>
		<SimpleData name="Y">7203369.000000</SimpleData>
	</SchemaData></ExtendedData>
      <Point><coordinates>-57.6305401478403,-25.284781491035</coordinates></Point>
  </Placemark>
  <Placemark id="clipped.271">
	<ExtendedData><SchemaData schemaUrl="#clipped">
		<SimpleData name="Nº">432.000000</SimpleData>
		<SimpleData name="Individuo">432.000000</SimpleData>
		<SimpleData name="X">436518.000000</SimpleData>
		<SimpleData name="Y">7203367.000000</SimpleData>
	</SchemaData></ExtendedData>
      <Point><coordinates>-57.6305501734796,-25.2847995089788</coordinates></Point>
  </Placemark>
  <Placemark id="clipped.272">
	<ExtendedData><SchemaData schemaUrl="#clipped">
		<SimpleData name="Nº">433.000000</SimpleData>
		<SimpleData name="Individuo">433.000000</SimpleData>
		<SimpleData name="X">436516.000000</SimpleData>
		<SimpleData name="Y">7203379.000000</SimpleData>
	</SchemaData></ExtendedData>
      <Point><coordinates>-57.6305694777275,-25.2846910617308</coordinates></Point>
  </Placemark>
  <Placemark id="clipped.273">
	<ExtendedData><SchemaData schemaUrl="#clipped">
		<SimpleData name="Nº">434.000000</SimpleData>
		<SimpleData name="Individuo">434.000000</SimpleData>
		<SimpleData name="X">436520.000000</SimpleData>
		<SimpleData name="Y">7203383.000000</SimpleData>
	</SchemaData></ExtendedData>
      <Point><coordinates>-57.6305295619611,-25.2846551107389</coordinates></Point>
  </Placemark>
  <Placemark id="clipped.274">
	<ExtendedData><SchemaData schemaUrl="#clipped">
		<SimpleData name="Nº">435.000000</SimpleData>
		<SimpleData name="Individuo">435.000000</SimpleData>
		<SimpleData name="X">436521.000000</SimpleData>
		<SimpleData name="Y">7203375.000000</SimpleData>
	</SchemaData></ExtendedData>
      <Point><coordinates>-57.6305200031982,-25.2847273947533</coordinates></Point>
  </Placemark>
  <Placemark id="clipped.275">
	<ExtendedData><SchemaData schemaUrl="#clipped">
		<SimpleData name="Nº">436.000000</SimpleData>
		<SimpleData name="Individuo">436.000000</SimpleData>
		<SimpleData name="X">436519.000000</SimpleData>
		<SimpleData name="Y">7203375.000000</SimpleData>
	</SchemaData></ExtendedData>
      <Point><coordinates>-57.6305398677138,-25.2847273098597</coordinates></Point>
  </Placemark>
  <Placemark id="clipped.276">
	<ExtendedData><SchemaData schemaUrl="#clipped">
		<SimpleData name="Nº">437.000000</SimpleData>
		<SimpleData name="Individuo">437.000000</SimpleData>
		<SimpleData name="X">436531.000000</SimpleData>
		<SimpleData name="Y">7203374.000000</SimpleData>
	</SchemaData></ExtendedData>
      <Point><coordinates>-57.630420727298,-25.284736849377</coordinates></Point>
  </Placemark>
  <Placemark id="clipped.277">
	<ExtendedData><SchemaData schemaUrl="#clipped">
		<SimpleData name="Nº">438.000000</SimpleData>
		<SimpleData name="Individuo">438.000000</SimpleData>
		<SimpleData name="X">436531.000000</SimpleData>
		<SimpleData name="Y">7203373.000000</SimpleData>
	</SchemaData></ExtendedData>
      <Point><coordinates>-57.6304207739769,-25.2847458795732</coordinates></Point>
  </Placemark>
  <Placemark id="clipped.278">
	<ExtendedData><SchemaData schemaUrl="#clipped">
		<SimpleData name="Nº">439.000000</SimpleData>
		<SimpleData name="Individuo">439.000000</SimpleData>
		<SimpleData name="X">436534.000000</SimpleData>
		<SimpleData name="Y">7203374.000000</SimpleData>
	</SchemaData></ExtendedData>
      <Point><coordinates>-57.6303909305216,-25.2847369766924</coordinates></Point>
  </Placemark>
  <Placemark id="clipped.279">
	<ExtendedData><SchemaData schemaUrl="#clipped">
		<SimpleData name="Nº">440.000000</SimpleData>
		<SimpleData name="Individuo">440.000000</SimpleData>
		<SimpleData name="X">436535.000000</SimpleData>
		<SimpleData name="Y">7203370.000000</SimpleData>
	</SchemaData></ExtendedData>
      <Point><coordinates>-57.6303811849667,-25.2847731399141</coordinates></Point>
  </Placemark>
  <Placemark id="clipped.280">
	<ExtendedData><SchemaData schemaUrl="#clipped">
		<SimpleData name="Nº">441.000000</SimpleData>
		<SimpleData name="Individuo">441.000000</SimpleData>
		<SimpleData name="X">436534.000000</SimpleData>
		<SimpleData name="Y">7203369.000000</SimpleData>
	</SchemaData></ExtendedData>
      <Point><coordinates>-57.6303911639053,-25.2847821276731</coordinates></Point>
  </Placemark>
  <Placemark id="clipped.281">
	<ExtendedData><SchemaData schemaUrl="#clipped">
		<SimpleData name="Nº">442.000000</SimpleData>
		<SimpleData name="Individuo">442.000000</SimpleData>
		<SimpleData name="X">436531.000000</SimpleData>
		<SimpleData name="Y">7203372.000000</SimpleData>
	</SchemaData></ExtendedData>
      <Point><coordinates>-57.6304208206558,-25.2847549097693</coordinates></Point>
  </Placemark>
  <Placemark id="clipped.282">
	<ExtendedData><SchemaData schemaUrl="#clipped">
		<SimpleData name="Nº">443.000000</SimpleData>
		<SimpleData name="Individuo">443.000000</SimpleData>
		<SimpleData name="X">436530.000000</SimpleData>
		<SimpleData name="Y">7203371.000000</SimpleData>
	</SchemaData></ExtendedData>
      <Point><coordinates>-57.6304307995957,-25.2847638975255</coordinates></Point>
  </Placemark>
  <Placemark id="clipped.283">
	<ExtendedData><SchemaData schemaUrl="#clipped">
		<SimpleData name="Nº">444.000000</SimpleData>
		<SimpleData name="Individuo">444.000000</SimpleData>
		<SimpleData name="X">436533.000000</SimpleData>
		<SimpleData name="Y">7203371.000000</SimpleData>
	</SchemaData></ExtendedData>
      <Point><coordinates>-57.6304010028128,-25.284764024843</coordinates></Point>
  </Placemark>
  <Placemark id="clipped.284">
	<ExtendedData><SchemaData schemaUrl="#clipped">
		<SimpleData name="Nº">445.000000</SimpleData>
		<SimpleData name="Individuo">445.000000</SimpleData>
		<SimpleData name="X">436531.000000</SimpleData>
		<SimpleData name="Y">7203371.000000</SimpleData>
	</SchemaData></ExtendedData>
      <Point><coordinates>-57.6304208673347,-25.2847639399654</coordinates></Point>
  </Placemark>
  <Placemark id="clipped.285">
	<ExtendedData><SchemaData schemaUrl="#clipped">
		<SimpleData name="Nº">446.000000</SimpleData>
		<SimpleData name="Individuo">446.000000</SimpleData>
		<SimpleData name="X">436528.000000</SimpleData>
		<SimpleData name="Y">7203369.000000</SimpleData>
	</SchemaData></ExtendedData>
      <Point><coordinates>-57.6304507574799,-25.2847818730359</coordinates></Point>
  </Placemark>
  <Placemark id="clipped.286">
	<ExtendedData><SchemaData schemaUrl="#clipped">
		<SimpleData name="Nº">447.000000</SimpleData>
		<SimpleData name="Individuo">447.000000</SimpleData>
		<SimpleData name="X">436531.000000</SimpleData>
		<SimpleData name="Y">7203369.000000</SimpleData>
	</SchemaData></ExtendedData>
      <Point><coordinates>-57.6304209606927,-25.2847820003575</coordinates></Point>
  </Placemark>
  <Placemark id="clipped.287">
	<ExtendedData><SchemaData schemaUrl="#clipped">
		<SimpleData name="Nº">448.000000</SimpleData>
		<SimpleData name="Individuo">448.000000</SimpleData>
		<SimpleData name="X">436513.000000</SimpleData>
		<SimpleData name="Y">7203356.000000</SimpleData>
	</SchemaData></ExtendedData>
      <Point><coordinates>-57.6306003484138,-25.2848986288816</coordinates></Point>
  </Placemark>
  <Placemark id="clipped.288">
	<ExtendedData><SchemaData schemaUrl="#clipped">
		<SimpleData name="Nº">449.000000</SimpleData>
		<SimpleData name="Individuo">449.000000</SimpleData>
		<SimpleData name="X">436520.000000</SimpleData>
		<SimpleData name="Y">7203355.000000</SimpleData>
	</SchemaData></ExtendedData>
      <Point><coordinates>-57.6305308691996,-25.2849079562234</coordinates></Point>
  </Placemark>
  <Placemark id="clipped.289">
	<ExtendedData><SchemaData schemaUrl="#clipped">
		<SimpleData name="Nº">450.000000</SimpleData>
		<SimpleData name="Individuo">450.000000</SimpleData>
		<SimpleData name="X">436522.000000</SimpleData>
		<SimpleData name="Y">7203355.000000</SimpleData>
	</SchemaData></ExtendedData>
      <Point><coordinates>-57.6305110046546,-25.2849080411163</coordinates></Point>
  </Placemark>
  <Placemark id="clipped.290">
	<ExtendedData><SchemaData schemaUrl="#clipped">
		<SimpleData name="Nº">451.000000</SimpleData>
		<SimpleData name="Individuo">451.000000</SimpleData>
		<SimpleData name="X">436528.000000</SimpleData>
		<SimpleData name="Y">7203356.000000</SimpleData>
	</SchemaData></ExtendedData>
      <Point><coordinates>-57.6304513643375,-25.2848992655832</coordinates></Point>
  </Placemark>
  <Placemark id="clipped.291">
	<ExtendedData><SchemaData schemaUrl="#clipped">
		<SimpleData name="Nº">452.000000</SimpleData>
		<SimpleData name="Individuo">452.000000</SimpleData>
		<SimpleData name="X">436528.000000</SimpleData>
		<SimpleData name="Y">7203357.000000</SimpleData>
	</SchemaData></ExtendedData>
      <Point><coordinates>-57.630451317656,-25.2848902353873</coordinates></Point>
  </Placemark>
  <Placemark id="clipped.292">
	<ExtendedData><SchemaData schemaUrl="#clipped">
		<SimpleData name="Nº">453.000000</SimpleData>
		<SimpleData name="Individuo">453.000000</SimpleData>
		<SimpleData name="X">436538.000000</SimpleData>
		<SimpleData name="Y">7203353.000000</SimpleData>
	</SchemaData></ExtendedData>
      <Point><coordinates>-57.6303521816396,-25.2849267805554</coordinates></Point>
  </Placemark>
  <Placemark id="clipped.293">
	<ExtendedData><SchemaData schemaUrl="#clipped">
		<SimpleData name="Nº">454.000000</SimpleData>
		<SimpleData name="Individuo">454.000000</SimpleData>
		<SimpleData name="X">436543.000000</SimpleData>
		<SimpleData name="Y">7203355.000000</SimpleData>
	</SchemaData></ExtendedData>
      <Point><coordinates>-57.6303024269266,-25.2849089323304</coordinates></Point>
  </Placemark>
  <Placemark id="clipped.294">
	<ExtendedData><SchemaData schemaUrl="#clipped">
		<SimpleData name="Nº">455.000000</SimpleData>
		<SimpleData name="Individuo">455.000000</SimpleData>
		<SimpleData name="X">436545.000000</SimpleData>
		<SimpleData name="Y">7203353.000000</SimpleData>
	</SchemaData></ExtendedData>
      <Point><coordinates>-57.6302826557186,-25.2849270775849</coordinates></Point>
  </Placemark>
  <Placemark id="clipped.295">
	<ExtendedData><SchemaData schemaUrl="#clipped">
		<SimpleData name="Nº">456.000000</SimpleData>
		<SimpleData name="Individuo">456.000000</SimpleData>
		<SimpleData name="X">436556.000000</SimpleData>
		<SimpleData name="Y">7203354.000000</SimpleData>
	</SchemaData></ExtendedData>
      <Point><coordinates>-57.6301733540366,-25.284918514083</coordinates></Point>
  </Placemark>
  <Placemark id="clipped.296">
	<ExtendedData><SchemaData schemaUrl="#clipped">
		<SimpleData name="Nº">457.000000</SimpleData>
		<SimpleData name="Individuo">457.000000</SimpleData>
		<SimpleData name="X">436558.000000</SimpleData>
		<SimpleData name="Y">7203358.000000</SimpleData>
	</SchemaData></ExtendedData>
      <Point><coordinates>-57.6301533028508,-25.2848824781423</coordinates></Point>
  </Placemark>
  <Placemark id="clipped.297">
	<ExtendedData><SchemaData schemaUrl="#clipped">
		<SimpleData name="Nº">458.000000</SimpleData>
		<SimpleData name="Individuo">458.000000</SimpleData>
		<SimpleData name="X">436546.000000</SimpleData>
		<SimpleData name="Y">7203359.000000</SimpleData>
	</SchemaData></ExtendedData>
      <Point><coordinates>-57.6302724434345,-25.2848729388379</coordinates></Point>
  </Placemark>
  <Placemark id="clipped.298">
	<ExtendedData><SchemaData schemaUrl="#clipped">
		<SimpleData name="Nº">459.000000</SimpleData>
		<SimpleData name="Individuo">459.000000</SimpleData>
		<SimpleData name="X">436546.000000</SimpleData>
		<SimpleData name="Y">7203362.000000</SimpleData>
	</SchemaData></ExtendedData>
      <Point><coordinates>-57.63027230343,-25.2848458482492</coordinates></Point>
  </Placemark>
  <Placemark id="clipped.299">
	<ExtendedData><SchemaData schemaUrl="#clipped">
		<SimpleData name="Nº">460.000000</SimpleData>
		<SimpleData name="Individuo">460.000000</SimpleData>
		<SimpleData name="X">436545.000000</SimpleData>
		<SimpleData name="Y">7203367.000000</SimpleData>
	</SchemaData></ExtendedData>
      <Point><coordinates>-57.6302820023539,-25.284800654838</coordinates></Point>
  </Placemark>
  <Placemark id="clipped.300">
	<ExtendedData><SchemaData schemaUrl="#clipped">
		<SimpleData name="Nº">461.000000</SimpleData>
		<SimpleData name="Individuo">461.000000</SimpleData>
		<SimpleData name="X">436543.000000</SimpleData>
		<SimpleData name="Y">7203362.000000</SimpleData>
	</SchemaData></ExtendedData>
      <Point><coordinates>-57.6303021002337,-25.2848457209573</coordinates></Point>
  </Placemark>
  <Placemark id="clipped.301">
	<ExtendedData><SchemaData schemaUrl="#clipped">
		<SimpleData name="Nº">462.000000</SimpleData>
		<SimpleData name="Individuo">462.000000</SimpleData>
		<SimpleData name="X">436540.000000</SimpleData>
		<SimpleData name="Y">7203363.000000</SimpleData>
	</SchemaData></ExtendedData>
      <Point><coordinates>-57.6303318503646,-25.2848365634633</coordinates></Point>
  </Placemark>
  <Placemark id="clipped.302">
	<ExtendedData><SchemaData schemaUrl="#clipped">
		<SimpleData name="Nº">463.000000</SimpleData>
		<SimpleData name="Individuo">463.000000</SimpleData>
		<SimpleData name="X">436546.000000</SimpleData>
		<SimpleData name="Y">7203354.000000</SimpleData>
	</SchemaData></ExtendedData>
      <Point><coordinates>-57.6302726767758,-25.2849180898188</coordinates></Point>
  </Placemark>
  <Placemark id="clipped.303">
	<ExtendedData><SchemaData schemaUrl="#clipped">
		<SimpleData name="Nº">464.000000</SimpleData>
		<SimpleData name="Individuo">464.000000</SimpleData>
		<SimpleData name="X">436551.000000</SimpleData>
		<SimpleData name="Y">7203382.000000</SimpleData>
	</SchemaData></ExtendedData>
      <Point><coordinates>-57.6302217088056,-25.2846654564601</coordinates></Point>
  </Placemark>
  <Placemark id="clipped.304">
	<ExtendedData><SchemaData schemaUrl="#clipped">
		<SimpleData name="Nº">465.000000</SimpleData>
		<SimpleData name="Individuo">465.000000</SimpleData>
		<SimpleData name="X">436552.000000</SimpleData>
		<SimpleData name="Y">7203385.000000</SimpleData>
	</SchemaData></ExtendedData>
      <Point><coordinates>-57.6302116365625,-25.2846384082959</coordinates></Point>
  </Placemark>
  <Placemark id="clipped.305">
	<ExtendedData><SchemaData schemaUrl="#clipped">
		<SimpleData name="Nº">466.000000</SimpleData>
		<SimpleData name="Individuo">466.000000</SimpleData>
		<SimpleData name="X">436557.000000</SimpleData>
		<SimpleData name="Y">7203384.000000</SimpleData>
	</SchemaData></ExtendedData>
      <Point><coordinates>-57.6301620219661,-25.2846476506103</coordinates></Point>
  </Placemark>
  <Placemark id="clipped.306">
	<ExtendedData><SchemaData schemaUrl="#clipped">
		<SimpleData name="Nº">467.000000</SimpleData>
		<SimpleData name="Individuo">467.000000</SimpleData>
		<SimpleData name="X">436560.000000</SimpleData>
		<SimpleData name="Y">7203383.000000</SimpleData>
	</SchemaData></ExtendedData>
      <Point><coordinates>-57.6301322718674,-25.2846568080697</coordinates></Point>
  </Placemark>
  <Placemark id="clipped.307">
	<ExtendedData><SchemaData schemaUrl="#clipped">
		<SimpleData name="Nº">468.000000</SimpleData>
		<SimpleData name="Individuo">468.000000</SimpleData>
		<SimpleData name="X">436559.000000</SimpleData>
		<SimpleData name="Y">7203385.000000</SimpleData>
	</SchemaData></ExtendedData>
      <Point><coordinates>-57.630142110804,-25.284638705256</coordinates></Point>
  </Placemark>
  <Placemark id="clipped.308">
	<ExtendedData><SchemaData schemaUrl="#clipped">
		<SimpleData name="Nº">469.000000</SimpleData>
		<SimpleData name="Individuo">469.000000</SimpleData>
		<SimpleData name="X">436560.000000</SimpleData>
		<SimpleData name="Y">7203392.000000</SimpleData>
	</SchemaData></ExtendedData>
      <Point><coordinates>-57.630131851952,-25.2845755362988</coordinates></Point>
  </Placemark>
  <Placemark id="clipped.309">
	<ExtendedData><SchemaData schemaUrl="#clipped">
		<SimpleData name="Nº">470.000000</SimpleData>
		<SimpleData name="Individuo">470.000000</SimpleData>
		<SimpleData name="X">436564.000000</SimpleData>
		<SimpleData name="Y">7203382.000000</SimpleData>
	</SchemaData></ExtendedData>
      <Point><coordinates>-57.6300925895105,-25.2846660079407</coordinates></Point>
  </Placemark>
  <Placemark id="clipped.310">
	<ExtendedData><SchemaData schemaUrl="#clipped">
		<SimpleData name="Nº">471.000000</SimpleData>
		<SimpleData name="Individuo">471.000000</SimpleData>
		<SimpleData name="X">436561.000000</SimpleData>
		<SimpleData name="Y">7203380.000000</SimpleData>
	</SchemaData></ExtendedData>
      <Point><coordinates>-57.6301224795846,-25.2846839410794</coordinates></Point>
  </Placemark>
  <Placemark id="clipped.311">
	<ExtendedData><SchemaData schemaUrl="#clipped">
		<SimpleData name="Nº">472.000000</SimpleData>
		<SimpleData name="Individuo">472.000000</SimpleData>
		<SimpleData name="X">436562.000000</SimpleData>
		<SimpleData name="Y">7203372.000000</SimpleData>
	</SchemaData></ExtendedData>
      <Point><coordinates>-57.6301129205779,-25.2847562250718</coordinates></Point>
  </Placemark>
  <Placemark id="clipped.312">
	<ExtendedData><SchemaData schemaUrl="#clipped">
		<SimpleData name="Nº">473.000000</SimpleData>
		<SimpleData name="Individuo">473.000000</SimpleData>
		<SimpleData name="X">436561.000000</SimpleData>
		<SimpleData name="Y">7203381.000000</SimpleData>
	</SchemaData></ExtendedData>
      <Point><coordinates>-57.6301224329279,-25.2846749108827</coordinates></Point>
  </Placemark>
  <Placemark id="clipped.313">
	<ExtendedData><SchemaData schemaUrl="#clipped">
		<SimpleData name="Nº">474.000000</SimpleData>
		<SimpleData name="Individuo">474.000000</SimpleData>
		<SimpleData name="X">436563.000000</SimpleData>
		<SimpleData name="Y">7203379.000000</SimpleData>
	</SchemaData></ExtendedData>
      <Point><coordinates>-57.6301026617297,-25.2846930561134</coordinates></Point>
  </Placemark>
  <Placemark id="clipped.314">
	<ExtendedData><SchemaData schemaUrl="#clipped">
		<SimpleData name="Nº">475.000000</SimpleData>
		<SimpleData name="Individuo">475.000000</SimpleData>
		<SimpleData name="X">436567.000000</SimpleData>
		<SimpleData name="Y">7203376.000000</SimpleData>
	</SchemaData></ExtendedData>
      <Point><coordinates>-57.6300630726633,-25.2847203163702</coordinates></Point>
  </Placemark>
  <Placemark id="clipped.315">
	<ExtendedData><SchemaData schemaUrl="#clipped">
		<SimpleData name="Nº">476.000000</SimpleData>
		<SimpleData name="Individuo">476.000000</SimpleData>
		<SimpleData name="X">436567.000000</SimpleData>
		<SimpleData name="Y">7203374.000000</SimpleData>
	</SchemaData></ExtendedData>
      <Point><coordinates>-57.6300631659681,-25.2847383767637</coordinates></Point>
  </Placemark>
  <Placemark id="clipped.316">
	<ExtendedData><SchemaData schemaUrl="#clipped">
		<SimpleData name="Nº">477.000000</SimpleData>
		<SimpleData name="Individuo">477.000000</SimpleData>
		<SimpleData name="X">436570.000000</SimpleData>
		<SimpleData name="Y">7203380.000000</SimpleData>
	</SchemaData></ExtendedData>
      <Point><coordinates>-57.6300330892885,-25.2846843228259</coordinates></Point>
  </Placemark>
  <Placemark id="clipped.317">
	<ExtendedData><SchemaData schemaUrl="#clipped">
		<SimpleData name="Nº">478.000000</SimpleData>
		<SimpleData name="Individuo">478.000000</SimpleData>
		<SimpleData name="X">436549.000000</SimpleData>
		<SimpleData name="Y">7203379.000000</SimpleData>
	</SchemaData></ExtendedData>
      <Point><coordinates>-57.6302417133087,-25.2846924621964</coordinates></Point>
  </Placemark>
  <Placemark id="clipped.318">
	<ExtendedData><SchemaData schemaUrl="#clipped">
		<SimpleData name="Nº">479.000000</SimpleData>
		<SimpleData name="Individuo">479.000000</SimpleData>
		<SimpleData name="X">436556.000000</SimpleData>
		<SimpleData name="Y">7203373.000000</SimpleData>
	</SchemaData></ExtendedData>
      <Point><coordinates>-57.6301724674825,-25.2847469403507</coordinates></Point>
  </Placemark>
  <Placemark id="clipped.319">
	<ExtendedData><SchemaData schemaUrl="#clipped">
		<SimpleData name="Nº">480.000000</SimpleData>
		<SimpleData name="Individuo">480.000000</SimpleData>
		<SimpleData name="X">436552.000000</SimpleData>
		<SimpleData name="Y">7203375.000000</SimpleData>
	</SchemaData></ExtendedData>
      <Point><coordinates>-57.6302121031957,-25.2847287102614</coordinates></Point>
  </Placemark>
  <Placemark id="clipped.320">
	<ExtendedData><SchemaData schemaUrl="#clipped">
		<SimpleData name="Nº">481.000000</SimpleData>
		<SimpleData name="Individuo">481.000000</SimpleData>
		<SimpleData name="X">436564.000000</SimpleData>
		<SimpleData name="Y">7203373.000000</SimpleData>
	</SchemaData></ExtendedData>
      <Point><coordinates>-57.6300930094014,-25.2847472797113</coordinates></Point>
  </Placemark>
  <Placemark id="clipped.321">
	<ExtendedData><SchemaData schemaUrl="#clipped">
		<SimpleData name="Nº">482.000000</SimpleData>
		<SimpleData name="Individuo">482.000000</SimpleData>
		<SimpleData name="X">436561.000000</SimpleData>
		<SimpleData name="Y">7203367.000000</SimpleData>
	</SchemaData></ExtendedData>
      <Point><coordinates>-57.6301230861235,-25.2848013336357</coordinates></Point>
  </Placemark>
  <Placemark id="clipped.322">
	<ExtendedData><SchemaData schemaUrl="#clipped">
		<SimpleData name="Nº">483.000000</SimpleData>
		<SimpleData name="Individuo">483.000000</SimpleData>
		<SimpleData name="X">436568.000000</SimpleData>
		<SimpleData name="Y">7203364.000000</SimpleData>
	</SchemaData></ExtendedData>
      <Point><coordinates>-57.6300537002265,-25.2848287211458</coordinates></Point>
  </Placemark>
  <Placemark id="clipped.323">
	<ExtendedData><SchemaData schemaUrl="#clipped">
		<SimpleData name="Nº">484.000000</SimpleData>
		<SimpleData name="Individuo">484.000000</SimpleData>
		<SimpleData name="X">436574.000000</SimpleData>
		<SimpleData name="Y">7203371.000000</SimpleData>
	</SchemaData></ExtendedData>
      <Point><coordinates>-57.6299937800925,-25.2847657642455</coordinates></Point>
  </Placemark>
  <Placemark id="clipped.324">
	<ExtendedData><SchemaData schemaUrl="#clipped">
		<SimpleData name="Nº">485.000000</SimpleData>
		<SimpleData name="Individuo">485.000000</SimpleData>
		<SimpleData name="X">436568.000000</SimpleData>
		<SimpleData name="Y">7203378.000000</SimpleData>
	</SchemaData></ExtendedData>
      <Point><coordinates>-57.630053047102,-25.2847022983917</coordinates></Point>
  </Placemark>
  <Placemark id="clipped.325">
	<ExtendedData><SchemaData schemaUrl="#clipped">
		<SimpleData name="Nº">486.000000</SimpleData>
		<SimpleData name="Individuo">486.000000</SimpleData>
		<SimpleData name="X">436558.000000</SimpleData>
		<SimpleData name="Y">7203346.000000</SimpleData>
	</SchemaData></ExtendedData>
      <Point><coordinates>-57.6301538627651,-25.2849908404984</coordinates></Point>
  </Placemark>
  <Placemark id="clipped.326">
	<ExtendedData><SchemaData schemaUrl="#clipped">
		<SimpleData name="Nº">487.000000</SimpleData>
		<SimpleData name="Individuo">487.000000</SimpleData>
		<SimpleData name="X">436580.000000</SimpleData>
		<SimpleData name="Y">7203374.000000</SimpleData>
	</SchemaData></ExtendedData>
      <Point><coordinates>-57.6299340465919,-25.2847389281071</coordinates></Point>
  </Placemark>
  <Placemark id="clipped.327">
	<ExtendedData><SchemaData schemaUrl="#clipped">
		<SimpleData name="Nº">488.000000</SimpleData>
		<SimpleData name="Individuo">488.000000</SimpleData>
		<SimpleData name="X">436585.000000</SimpleData>
		<SimpleData name="Y">7203380.000000</SimpleData>
	</SchemaData></ExtendedData>
      <Point><coordinates>-57.6298841054576,-25.2846849589497</coordinates></Point>
  </Placemark>
  <Placemark id="clipped.328">
	<ExtendedData><SchemaData schemaUrl="#clipped">
		<SimpleData name="Nº">489.000000</SimpleData>
		<SimpleData name="Individuo">489.000000</SimpleData>
		<SimpleData name="X">436584.000000</SimpleData>
		<SimpleData name="Y">7203383.000000</SimpleData>
	</SchemaData></ExtendedData>
      <Point><coordinates>-57.6298938977939,-25.2846578259547</coordinates></Point>
  </Placemark>
  <Placemark id="clipped.329">
	<ExtendedData><SchemaData schemaUrl="#clipped">
		<SimpleData name="Nº">490.000000</SimpleData>
		<SimpleData name="Individuo">490.000000</SimpleData>
		<SimpleData name="X">436580.000000</SimpleData>
		<SimpleData name="Y">7203387.000000</SimpleData>
	</SchemaData></ExtendedData>
      <Point><coordinates>-57.6299334402366,-25.2846215355456</coordinates></Point>
  </Placemark>
  <Placemark id="clipped.330">
	<ExtendedData><SchemaData schemaUrl="#clipped">
		<SimpleData name="Nº">491.000000</SimpleData>
		<SimpleData name="Individuo">491.000000</SimpleData>
		<SimpleData name="X">436576.000000</SimpleData>
		<SimpleData name="Y">7203381.000000</SimpleData>
	</SchemaData></ExtendedData>
      <Point><coordinates>-57.6299734491111,-25.2846755470965</coordinates></Point>
  </Placemark>
  <Placemark id="clipped.331">
	<ExtendedData><SchemaData schemaUrl="#clipped">
		<SimpleData name="Nº">492.000000</SimpleData>
		<SimpleData name="Individuo">492.000000</SimpleData>
		<SimpleData name="X">436583.000000</SimpleData>
		<SimpleData name="Y">7203393.000000</SimpleData>
	</SchemaData></ExtendedData>
      <Point><coordinates>-57.6299033636438,-25.2845674815788</coordinates></Point>
  </Placemark>
  <Placemark id="clipped.332">
	<ExtendedData><SchemaData schemaUrl="#clipped">
		<SimpleData name="Nº">493.000000</SimpleData>
		<SimpleData name="Individuo">493.000000</SimpleData>
		<SimpleData name="X">436606.000000</SimpleData>
		<SimpleData name="Y">7203382.000000</SimpleData>
	</SchemaData></ExtendedData>
      <Point><coordinates>-57.6296754348387,-25.2846677888753</coordinates></Point>
  </Placemark>
  <Placemark id="clipped.333">
	<ExtendedData><SchemaData schemaUrl="#clipped">
		<SimpleData name="Nº">494.000000</SimpleData>
		<SimpleData name="Individuo">494.000000</SimpleData>
		<SimpleData name="X">436604.000000</SimpleData>
		<SimpleData name="Y">7203390.000000</SimpleData>
	</SchemaData></ExtendedData>
      <Point><coordinates>-57.6296949263483,-25.2845954625155</coordinates></Point>
  </Placemark>
  <Placemark id="clipped.334">
	<ExtendedData><SchemaData schemaUrl="#clipped">
		<SimpleData name="Nº">495.000000</SimpleData>
		<SimpleData name="Individuo">495.000000</SimpleData>
		<SimpleData name="X">436608.000000</SimpleData>
		<SimpleData name="Y">7203400.000000</SimpleData>
	</SchemaData></ExtendedData>
      <Point><coordinates>-57.6296547311356,-25.2845053300948</coordinates></Point>
  </Placemark>
  <Placemark id="clipped.335">
	<ExtendedData><SchemaData schemaUrl="#clipped">
		<SimpleData name="Nº">496.000000</SimpleData>
		<SimpleData name="Individuo">496.000000</SimpleData>
		<SimpleData name="X">436608.000000</SimpleData>
		<SimpleData name="Y">7203378.000000</SimpleData>
	</SchemaData></ExtendedData>
      <Point><coordinates>-57.6296557568181,-25.2847039944423</coordinates></Point>
  </Placemark>
  <Placemark id="clipped.336">
	<ExtendedData><SchemaData schemaUrl="#clipped">
		<SimpleData name="Nº">497.000000</SimpleData>
		<SimpleData name="Individuo">497.000000</SimpleData>
		<SimpleData name="X">436609.000000</SimpleData>
		<SimpleData name="Y">7203393.000000</SimpleData>
	</SchemaData></ExtendedData>
      <Point><coordinates>-57.6296451252414,-25.284568583866</coordinates></Point>
  </Placemark>
  <Placemark id="clipped.337">
	<ExtendedData><SchemaData schemaUrl="#clipped">
		<SimpleData name="Nº">498.000000</SimpleData>
		<SimpleData name="Individuo">498.000000</SimpleData>
		<SimpleData name="X">436610.000000</SimpleData>
		<SimpleData name="Y">7203381.000000</SimpleData>
	</SchemaData></ExtendedData>
      <Point><coordinates>-57.6296357524409,-25.2846769886241</coordinates></Point>
  </Placemark>
  <Placemark id="clipped.338">
	<ExtendedData><SchemaData schemaUrl="#clipped">
		<SimpleData name="Nº">499.000000</SimpleData>
		<SimpleData name="Individuo">499.000000</SimpleData>
		<SimpleData name="X">436618.000000</SimpleData>
		<SimpleData name="Y">7203362.000000</SimpleData>
	</SchemaData></ExtendedData>
      <Point><coordinates>-57.6295571800816,-25.284848901449</coordinates></Point>
  </Placemark>
  <Placemark id="clipped.339">
	<ExtendedData><SchemaData schemaUrl="#clipped">
		<SimpleData name="Nº">500.000000</SimpleData>
		<SimpleData name="Individuo">500.000000</SimpleData>
		<SimpleData name="X">436618.000000</SimpleData>
		<SimpleData name="Y">7203363.000000</SimpleData>
	</SchemaData></ExtendedData>
      <Point><coordinates>-57.6295571334664,-25.2848398712516</coordinates></Point>
  </Placemark>
  <Placemark id="clipped.340">
	<ExtendedData><SchemaData schemaUrl="#clipped">
		<SimpleData name="Nº">501.000000</SimpleData>
		<SimpleData name="Individuo">501.000000</SimpleData>
		<SimpleData name="X">436614.000000</SimpleData>
		<SimpleData name="Y">7203369.000000</SimpleData>
	</SchemaData></ExtendedData>
      <Point><coordinates>-57.6295965828332,-25.2847855205356</coordinates></Point>
  </Placemark>
  <Placemark id="clipped.341">
	<ExtendedData><SchemaData schemaUrl="#clipped">
		<SimpleData name="Nº">502.000000</SimpleData>
		<SimpleData name="Individuo">502.000000</SimpleData>
		<SimpleData name="X">436620.000000</SimpleData>
		<SimpleData name="Y">7203355.000000</SimpleData>
	</SchemaData></ExtendedData>
      <Point><coordinates>-57.629537641839,-25.2849121975931</coordinates></Point>
  </Placemark>
  <Placemark id="clipped.342">
	<ExtendedData><SchemaData schemaUrl="#clipped">
		<SimpleData name="Nº">503.000000</SimpleData>
		<SimpleData name="Individuo">503.000000</SimpleData>
		<SimpleData name="X">436622.000000</SimpleData>
		<SimpleData name="Y">7203381.000000</SimpleData>
	</SchemaData></ExtendedData>
      <Point><coordinates>-57.6295165653747,-25.2846774972141</coordinates></Point>
  </Placemark>
  <Placemark id="clipped.343">
	<ExtendedData><SchemaData schemaUrl="#clipped">
		<SimpleData name="Nº">504.000000</SimpleData>
		<SimpleData name="Individuo">504.000000</SimpleData>
		<SimpleData name="X">436583.000000</SimpleData>
		<SimpleData name="Y">7203351.000000</SimpleData>
	</SchemaData></ExtendedData>
      <Point><coordinates>-57.6299053225531,-25.2849467498526</coordinates></Point>
  </Placemark>
  <Placemark id="clipped.344">
	<ExtendedData><SchemaData schemaUrl="#clipped">
		<SimpleData name="Nº">505.000000</SimpleData>
		<SimpleData name="Individuo">505.000000</SimpleData>
		<SimpleData name="X">436599.000000</SimpleData>
		<SimpleData name="Y">7203367.000000</SimpleData>
	</SchemaData></ExtendedData>
      <Point><coordinates>-57.6297456600532,-25.2848029450942</coordinates></Point>
  </Placemark>
  <Placemark id="clipped.345">
	<ExtendedData><SchemaData schemaUrl="#clipped">
		<SimpleData name="Nº">506.000000</SimpleData>
		<SimpleData name="Individuo">506.000000</SimpleData>
		<SimpleData name="X">436568.000000</SimpleData>
		<SimpleData name="Y">7203328.000000</SimpleData>
	</SchemaData></ExtendedData>
      <Point><coordinates>-57.6300553797097,-25.2851538082179</coordinates></Point>
  </Placemark>
  <Placemark id="clipped.346">
	<ExtendedData><SchemaData schemaUrl="#clipped">
		<SimpleData name="Nº">507.000000</SimpleData>
		<SimpleData name="Individuo">507.000000</SimpleData>
		<SimpleData name="X">436563.000000</SimpleData>
		<SimpleData name="Y">7203322.000000</SimpleData>
	</SchemaData></ExtendedData>
      <Point><coordinates>-57.6301053211153,-25.2852077773088</coordinates></Point>
  </Placemark>
  <Placemark id="clipped.347">
	<ExtendedData><SchemaData schemaUrl="#clipped">
		<SimpleData name="Nº">508.000000</SimpleData>
		<SimpleData name="Individuo">508.000000</SimpleData>
		<SimpleData name="X">436590.000000</SimpleData>
		<SimpleData name="Y">7203379.000000</SimpleData>
	</SchemaData></ExtendedData>
      <Point><coordinates>-57.6298344908149,-25.2846942011547</coordinates></Point>
  </Placemark>
  <Placemark id="clipped.348">
	<ExtendedData><SchemaData schemaUrl="#clipped">
		<SimpleData name="Nº">509.000000</SimpleData>
		<SimpleData name="Individuo">509.000000</SimpleData>
		<SimpleData name="X">436594.000000</SimpleData>
		<SimpleData name="Y">7203368.000000</SimpleData>
	</SchemaData></ExtendedData>
      <Point><coordinates>-57.6297952747474,-25.2847937029182</coordinates></Point>
  </Placemark>
  <Placemark id="clipped.349">
	<ExtendedData><SchemaData schemaUrl="#clipped">
		<SimpleData name="Nº">510.000000</SimpleData>
		<SimpleData name="Individuo">510.000000</SimpleData>
		<SimpleData name="X">436592.000000</SimpleData>
		<SimpleData name="Y">7203360.000000</SimpleData>
	</SchemaData></ExtendedData>
      <Point><coordinates>-57.6298155123506,-25.2848658596985</coordinates></Point>
  </Placemark>
  <Placemark id="clipped.350">
	<ExtendedData><SchemaData schemaUrl="#clipped">
		<SimpleData name="Nº">511.000000</SimpleData>
		<SimpleData name="Individuo">511.000000</SimpleData>
		<SimpleData name="X">436598.000000</SimpleData>
		<SimpleData name="Y">7203366.000000</SimpleData>
	</SchemaData></ExtendedData>
      <Point><coordinates>-57.6297556389485,-25.284811932897</coordinates></Point>
  </Placemark>
  <Placemark id="clipped.351">
	<ExtendedData><SchemaData schemaUrl="#clipped">
		<SimpleData name="Nº">512.000000</SimpleData>
		<SimpleData name="Individuo">512.000000</SimpleData>
		<SimpleData name="X">436606.000000</SimpleData>
		<SimpleData name="Y">7203366.000000</SimpleData>
	</SchemaData></ExtendedData>
      <Point><coordinates>-57.6296761808186,-25.2848122720339</coordinates></Point>
  </Placemark>
  <Placemark id="clipped.352">
	<ExtendedData><SchemaData schemaUrl="#clipped">
		<SimpleData name="Nº">513.000000</SimpleData>
		<SimpleData name="Individuo">513.000000</SimpleData>
		<SimpleData name="X">436607.000000</SimpleData>
		<SimpleData name="Y">7203364.000000</SimpleData>
	</SchemaData></ExtendedData>
      <Point><coordinates>-57.6296663417986,-25.2848303748176</coordinates></Point>
  </Placemark>
  <Placemark id="clipped.353">
	<ExtendedData><SchemaData schemaUrl="#clipped">
		<SimpleData name="Nº">514.000000</SimpleData>
		<SimpleData name="Individuo">514.000000</SimpleData>
		<SimpleData name="X">436591.000000</SimpleData>
		<SimpleData name="Y">7203357.000000</SimpleData>
	</SchemaData></ExtendedData>
      <Point><coordinates>-57.6298255845264,-25.2848929078902</coordinates></Point>
  </Placemark>
  <Placemark id="clipped.354">
	<ExtendedData><SchemaData schemaUrl="#clipped">
		<SimpleData name="Nº">515.000000</SimpleData>
		<SimpleData name="Individuo">515.000000</SimpleData>
		<SimpleData name="X">436589.000000</SimpleData>
		<SimpleData name="Y">7203356.000000</SimpleData>
	</SchemaData></ExtendedData>
      <Point><coordinates>-57.6298454957082,-25.2849018532866</coordinates></Point>
  </Placemark>
  <Placemark id="clipped.355">
	<ExtendedData><SchemaData schemaUrl="#clipped">
		<SimpleData name="Nº">516.000000</SimpleData>
		<SimpleData name="Individuo">516.000000</SimpleData>
		<SimpleData name="X">436548.000000</SimpleData>
		<SimpleData name="Y">7203338.000000</SimpleData>
	</SchemaData></ExtendedData>
      <Point><coordinates>-57.6302535589004,-25.2850626578146</coordinates></Point>
  </Placemark>
  <Placemark id="clipped.356">
	<ExtendedData><SchemaData schemaUrl="#clipped">
		<SimpleData name="Nº">517.000000</SimpleData>
		<SimpleData name="Individuo">517.000000</SimpleData>
		<SimpleData name="X">436583.000000</SimpleData>
		<SimpleData name="Y">7203340.000000</SimpleData>
	</SchemaData></ExtendedData>
      <Point><coordinates>-57.6299058356073,-25.2850460820163</coordinates></Point>
  </Placemark>
  <Placemark id="clipped.357">
	<ExtendedData><SchemaData schemaUrl="#clipped">
		<SimpleData name="Nº">518.000000</SimpleData>
		<SimpleData name="Individuo">518.000000</SimpleData>
		<SimpleData name="X">436597.000000</SimpleData>
		<SimpleData name="Y">7203344.000000</SimpleData>
	</SchemaData></ExtendedData>
      <Point><coordinates>-57.6297665970919,-25.2850105548369</coordinates></Point>
  </Placemark>
  <Placemark id="clipped.358">
	<ExtendedData><SchemaData schemaUrl="#clipped">
		<SimpleData name="Nº">519.000000</SimpleData>
		<SimpleData name="Individuo">519.000000</SimpleData>
		<SimpleData name="X">436586.000000</SimpleData>
		<SimpleData name="Y">7203333.000000</SimpleData>
	</SchemaData></ExtendedData>
      <Point><coordinates>-57.6298763652275,-25.2851094206057</coordinates></Point>
  </Placemark>
  <Placemark id="clipped.359">
	<ExtendedData><SchemaData schemaUrl="#clipped">
		<SimpleData name="Nº">520.000000</SimpleData>
		<SimpleData name="Individuo">520.000000</SimpleData>
		<SimpleData name="X">436589.000000</SimpleData>
		<SimpleData name="Y">7203333.000000</SimpleData>
	</SchemaData></ExtendedData>
      <Point><coordinates>-57.629846568357,-25.2851095478128</coordinates></Point>
  </Placemark>
  <Placemark id="clipped.360">
	<ExtendedData><SchemaData schemaUrl="#clipped">
		<SimpleData name="Nº">521.000000</SimpleData>
		<SimpleData name="Individuo">521.000000</SimpleData>
		<SimpleData name="X">436593.000000</SimpleData>
		<SimpleData name="Y">7203334.000000</SimpleData>
	</SchemaData></ExtendedData>
      <Point><coordinates>-57.6298067925617,-25.2851006872162</coordinates></Point>
  </Placemark>
  <Placemark id="clipped.361">
	<ExtendedData><SchemaData schemaUrl="#clipped">
		<SimpleData name="Nº">522.000000</SimpleData>
		<SimpleData name="Individuo">522.000000</SimpleData>
		<SimpleData name="X">436598.000000</SimpleData>
		<SimpleData name="Y">7203338.000000</SimpleData>
	</SchemaData></ExtendedData>
      <Point><coordinates>-57.6297569445917,-25.2850647784138</coordinates></Point>
  </Placemark>
  <Placemark id="clipped.362">
	<ExtendedData><SchemaData schemaUrl="#clipped">
		<SimpleData name="Nº">523.000000</SimpleData>
		<SimpleData name="Individuo">523.000000</SimpleData>
		<SimpleData name="X">436598.000000</SimpleData>
		<SimpleData name="Y">7203336.000000</SimpleData>
	</SchemaData></ExtendedData>
      <Point><coordinates>-57.6297570378526,-25.2850828388076</coordinates></Point>
  </Placemark>
  <Placemark id="clipped.363">
	<ExtendedData><SchemaData schemaUrl="#clipped">
		<SimpleData name="Nº">524.000000</SimpleData>
		<SimpleData name="Individuo">524.000000</SimpleData>
		<SimpleData name="X">436611.000000</SimpleData>
		<SimpleData name="Y">7203319.000000</SimpleData>
	</SchemaData></ExtendedData>
      <Point><coordinates>-57.6296287106629,-25.2852369032387</coordinates></Point>
  </Placemark>
  <Placemark id="clipped.364">
	<ExtendedData><SchemaData schemaUrl="#clipped">
		<SimpleData name="Nº">525.000000</SimpleData>
		<SimpleData name="Individuo">525.000000</SimpleData>
		<SimpleData name="X">436598.000000</SimpleData>
		<SimpleData name="Y">7203328.000000</SimpleData>
	</SchemaData></ExtendedData>
      <Point><coordinates>-57.6297574108972,-25.285155080382</coordinates></Point>
  </Placemark>
  <Placemark id="clipped.365">
	<ExtendedData><SchemaData schemaUrl="#clipped">
		<SimpleData name="Nº">526.000000</SimpleData>
		<SimpleData name="Individuo">526.000000</SimpleData>
		<SimpleData name="X">436610.000000</SimpleData>
		<SimpleData name="Y">7203337.000000</SimpleData>
	</SchemaData></ExtendedData>
      <Point><coordinates>-57.6296378037709,-25.285074317306</coordinates></Point>
  </Placemark>
  <Placemark id="clipped.366">
	<ExtendedData><SchemaData schemaUrl="#clipped">
		<SimpleData name="Nº">527.000000</SimpleData>
		<SimpleData name="Individuo">527.000000</SimpleData>
		<SimpleData name="X">436604.000000</SimpleData>
		<SimpleData name="Y">7203342.000000</SimpleData>
	</SchemaData></ExtendedData>
      <Point><coordinates>-57.629697164367,-25.2850289119854</coordinates></Point>
  </Placemark>
  <Placemark id="clipped.367">
	<ExtendedData><SchemaData schemaUrl="#clipped">
		<SimpleData name="Nº">528.000000</SimpleData>
		<SimpleData name="Individuo">528.000000</SimpleData>
		<SimpleData name="X">436600.000000</SimpleData>
		<SimpleData name="Y">7203342.000000</SimpleData>
	</SchemaData></ExtendedData>
      <Point><coordinates>-57.6297368935026,-25.2850287424153</coordinates></Point>
  </Placemark>
  <Placemark id="clipped.368">
	<ExtendedData><SchemaData schemaUrl="#clipped">
		<SimpleData name="Nº">529.000000</SimpleData>
		<SimpleData name="Individuo">529.000000</SimpleData>
		<SimpleData name="X">436597.000000</SimpleData>
		<SimpleData name="Y">7203349.000000</SimpleData>
	</SchemaData></ExtendedData>
      <Point><coordinates>-57.629766363937,-25.2849654038521</coordinates></Point>
  </Placemark>
  <Placemark id="clipped.369">
	<ExtendedData><SchemaData schemaUrl="#clipped">
		<SimpleData name="Nº">530.000000</SimpleData>
		<SimpleData name="Individuo">530.000000</SimpleData>
		<SimpleData name="X">436598.000000</SimpleData>
		<SimpleData name="Y">7203346.000000</SimpleData>
	</SchemaData></ExtendedData>
      <Point><coordinates>-57.629756571549,-25.2849925368385</coordinates></Point>
  </Placemark>
  <Placemark id="clipped.370">
	<ExtendedData><SchemaData schemaUrl="#clipped">
		<SimpleData name="Nº">531.000000</SimpleData>
		<SimpleData name="Individuo">531.000000</SimpleData>
		<SimpleData name="X">436599.000000</SimpleData>
		<SimpleData name="Y">7203355.000000</SimpleData>
	</SchemaData></ExtendedData>
      <Point><coordinates>-57.6297462196034,-25.28491130746</coordinates></Point>
  </Placemark>
  <Placemark id="clipped.371">
	<ExtendedData><SchemaData schemaUrl="#clipped">
		<SimpleData name="Nº">532.000000</SimpleData>
		<SimpleData name="Individuo">532.000000</SimpleData>
		<SimpleData name="X">436593.000000</SimpleData>
		<SimpleData name="Y">7203358.000000</SimpleData>
	</SchemaData></ExtendedData>
      <Point><coordinates>-57.6298056733475,-25.2848839624911</coordinates></Point>
  </Placemark>
  <Placemark id="clipped.372">
	<ExtendedData><SchemaData schemaUrl="#clipped">
		<SimpleData name="Nº">533.000000</SimpleData>
		<SimpleData name="Individuo">533.000000</SimpleData>
		<SimpleData name="X">436609.000000</SimpleData>
		<SimpleData name="Y">7203353.000000</SimpleData>
	</SchemaData></ExtendedData>
      <Point><coordinates>-57.6296469901037,-25.2849297917641</coordinates></Point>
  </Placemark>
  <Placemark id="clipped.373">
	<ExtendedData><SchemaData schemaUrl="#clipped">
		<SimpleData name="Nº">534.000000</SimpleData>
		<SimpleData name="Individuo">534.000000</SimpleData>
		<SimpleData name="X">436627.000000</SimpleData>
		<SimpleData name="Y">7203364.000000</SimpleData>
	</SchemaData></ExtendedData>
      <Point><coordinates>-57.6294676964378,-25.28483122246</coordinates></Point>
  </Placemark>
  <Placemark id="clipped.374">
	<ExtendedData><SchemaData schemaUrl="#clipped">
		<SimpleData name="Nº">535.000000</SimpleData>
		<SimpleData name="Individuo">535.000000</SimpleData>
		<SimpleData name="X">436624.000000</SimpleData>
		<SimpleData name="Y">7203352.000000</SimpleData>
	</SchemaData></ExtendedData>
      <Point><coordinates>-57.6294980525728,-25.2849394577013</coordinates></Point>
  </Placemark>
  <Placemark id="clipped.375">
	<ExtendedData><SchemaData schemaUrl="#clipped">
		<SimpleData name="Nº">536.000000</SimpleData>
		<SimpleData name="Individuo">536.000000</SimpleData>
		<SimpleData name="X">436627.000000</SimpleData>
		<SimpleData name="Y">7203324.000000</SimpleData>
	</SchemaData></ExtendedData>
      <Point><coordinates>-57.6294695607967,-25.2851924303577</coordinates></Point>
  </Placemark>
  <Placemark id="clipped.376">
	<ExtendedData><SchemaData schemaUrl="#clipped">
		<SimpleData name="Nº">537.000000</SimpleData>
		<SimpleData name="Individuo">537.000000</SimpleData>
		<SimpleData name="X">436617.000000</SimpleData>
		<SimpleData name="Y">7203352.000000</SimpleData>
	</SchemaData></ExtendedData>
      <Point><coordinates>-57.6295675785115,-25.2849391610414</coordinates></Point>
  </Placemark>
  <Placemark id="clipped.377">
	<ExtendedData><SchemaData schemaUrl="#clipped">
		<SimpleData name="Nº">538.000000</SimpleData>
		<SimpleData name="Individuo">538.000000</SimpleData>
		<SimpleData name="X">436616.000000</SimpleData>
		<SimpleData name="Y">7203349.000000</SimpleData>
	</SchemaData></ExtendedData>
      <Point><coordinates>-57.6295776506391,-25.2849662092507</coordinates></Point>
  </Placemark>
  <Placemark id="clipped.378">
	<ExtendedData><SchemaData schemaUrl="#clipped">
		<SimpleData name="Nº">539.000000</SimpleData>
		<SimpleData name="Individuo">539.000000</SimpleData>
		<SimpleData name="X">436619.000000</SimpleData>
		<SimpleData name="Y">7203341.000000</SimpleData>
	</SchemaData></ExtendedData>
      <Point><coordinates>-57.6295482267205,-25.2850385779753</coordinates></Point>
  </Placemark>
  <Placemark id="clipped.379">
	<ExtendedData><SchemaData schemaUrl="#clipped">
		<SimpleData name="Nº">540.000000</SimpleData>
		<SimpleData name="Individuo">540.000000</SimpleData>
		<SimpleData name="X">436624.000000</SimpleData>
		<SimpleData name="Y">7203337.000000</SimpleData>
	</SchemaData></ExtendedData>
      <Point><coordinates>-57.6294987517404,-25.2850749106622</coordinates></Point>
  </Placemark>
  <Placemark id="clipped.380">
	<ExtendedData><SchemaData schemaUrl="#clipped">
		<SimpleData name="Nº">541.000000</SimpleData>
		<SimpleData name="Individuo">541.000000</SimpleData>
		<SimpleData name="X">436623.000000</SimpleData>
		<SimpleData name="Y">7203332.000000</SimpleData>
	</SchemaData></ExtendedData>
      <Point><coordinates>-57.629508917089,-25.2851200192703</coordinates></Point>
  </Placemark>
  <Placemark id="clipped.381">
	<ExtendedData><SchemaData schemaUrl="#clipped">
		<SimpleData name="Nº">542.000000</SimpleData>
		<SimpleData name="Individuo">542.000000</SimpleData>
		<SimpleData name="X">436612.000000</SimpleData>
		<SimpleData name="Y">7203336.000000</SimpleData>
	</SchemaData></ExtendedData>
      <Point><coordinates>-57.6296179858156,-25.2850834322763</coordinates></Point>
  </Placemark>
  <Placemark id="clipped.382">
	<ExtendedData><SchemaData schemaUrl="#clipped">
		<SimpleData name="Nº">543.000000</SimpleData>
		<SimpleData name="Individuo">543.000000</SimpleData>
		<SimpleData name="X">436609.000000</SimpleData>
		<SimpleData name="Y">7203324.000000</SimpleData>
	</SchemaData></ExtendedData>
      <Point><coordinates>-57.6296483421513,-25.2851916674792</coordinates></Point>
  </Placemark>
  <Placemark id="clipped.383">
	<ExtendedData><SchemaData schemaUrl="#clipped">
		<SimpleData name="Nº">544.000000</SimpleData>
		<SimpleData name="Individuo">544.000000</SimpleData>
		<SimpleData name="X">436612.000000</SimpleData>
		<SimpleData name="Y">7203318.000000</SimpleData>
	</SchemaData></ExtendedData>
      <Point><coordinates>-57.6296188249825,-25.2852459758222</coordinates></Point>
  </Placemark>
  <Placemark id="clipped.384">
	<ExtendedData><SchemaData schemaUrl="#clipped">
		<SimpleData name="Nº">545.000000</SimpleData>
		<SimpleData name="Individuo">545.000000</SimpleData>
		<SimpleData name="X">436607.000000</SimpleData>
		<SimpleData name="Y">7203325.000000</SimpleData>
	</SchemaData></ExtendedData>
      <Point><coordinates>-57.6296681601217,-25.2851825525047</coordinates></Point>
  </Placemark>
  <Placemark id="clipped.385">
	<ExtendedData><SchemaData schemaUrl="#clipped">
		<SimpleData name="Nº">546.000000</SimpleData>
		<SimpleData name="Individuo">546.000000</SimpleData>
		<SimpleData name="X">436601.000000</SimpleData>
		<SimpleData name="Y">7203314.000000</SimpleData>
	</SchemaData></ExtendedData>
      <Point><coordinates>-57.6297282668153,-25.2852816303197</coordinates></Point>
  </Placemark>
  <Placemark id="clipped.386">
	<ExtendedData><SchemaData schemaUrl="#clipped">
		<SimpleData name="Nº">547.000000</SimpleData>
		<SimpleData name="Individuo">547.000000</SimpleData>
		<SimpleData name="X">436605.000000</SimpleData>
		<SimpleData name="Y">7203313.000000</SimpleData>
	</SchemaData></ExtendedData>
      <Point><coordinates>-57.6296885842232,-25.2852908300858</coordinates></Point>
  </Placemark>
  <Placemark id="clipped.387">
	<ExtendedData><SchemaData schemaUrl="#clipped">
		<SimpleData name="Nº">548.000000</SimpleData>
		<SimpleData name="Individuo">548.000000</SimpleData>
		<SimpleData name="X">436587.000000</SimpleData>
		<SimpleData name="Y">7203312.000000</SimpleData>
	</SchemaData></ExtendedData>
      <Point><coordinates>-57.6298674123536,-25.2852990971355</coordinates></Point>
  </Placemark>
  <Placemark id="clipped.388">
	<ExtendedData><SchemaData schemaUrl="#clipped">
		<SimpleData name="Nº">549.000000</SimpleData>
		<SimpleData name="Individuo">549.000000</SimpleData>
		<SimpleData name="X">436582.000000</SimpleData>
		<SimpleData name="Y">7203309.000000</SimpleData>
	</SchemaData></ExtendedData>
      <Point><coordinates>-57.6299172138098,-25.2853259757007</coordinates></Point>
  </Placemark>
  <Placemark id="clipped.389">
	<ExtendedData><SchemaData schemaUrl="#clipped">
		<SimpleData name="Nº">550.000000</SimpleData>
		<SimpleData name="Individuo">550.000000</SimpleData>
		<SimpleData name="X">436587.000000</SimpleData>
		<SimpleData name="Y">7203309.000000</SimpleData>
	</SchemaData></ExtendedData>
      <Point><coordinates>-57.629867552271,-25.2853261877246</coordinates></Point>
  </Placemark>
  <Placemark id="clipped.390">
	<ExtendedData><SchemaData schemaUrl="#clipped">
		<SimpleData name="Nº">551.000000</SimpleData>
		<SimpleData name="Individuo">551.000000</SimpleData>
		<SimpleData name="X">436588.000000</SimpleData>
		<SimpleData name="Y">7203308.000000</SimpleData>
	</SchemaData></ExtendedData>
      <Point><coordinates>-57.6298576666016,-25.2853352603238</coordinates></Point>
  </Placemark>
  <Placemark id="clipped.391">
	<ExtendedData><SchemaData schemaUrl="#clipped">
		<SimpleData name="Nº">552.000000</SimpleData>
		<SimpleData name="Individuo">552.000000</SimpleData>
		<SimpleData name="X">436599.000000</SimpleData>
		<SimpleData name="Y">7203289.000000</SimpleData>
	</SchemaData></ExtendedData>
      <Point><coordinates>-57.6297492971871,-25.2855073004431</coordinates></Point>
  </Placemark>
  <Placemark id="clipped.392">
	<ExtendedData><SchemaData schemaUrl="#clipped">
		<SimpleData name="Nº">553.000000</SimpleData>
		<SimpleData name="Individuo">553.000000</SimpleData>
		<SimpleData name="X">436596.000000</SimpleData>
		<SimpleData name="Y">7203289.000000</SimpleData>
	</SchemaData></ExtendedData>
      <Point><coordinates>-57.6297790941553,-25.2855071732538</coordinates></Point>
  </Placemark>
  <Placemark id="clipped.393">
	<ExtendedData><SchemaData schemaUrl="#clipped">
		<SimpleData name="Nº">554.000000</SimpleData>
		<SimpleData name="Individuo">554.000000</SimpleData>
		<SimpleData name="X">436582.000000</SimpleData>
		<SimpleData name="Y">7203284.000000</SimpleData>
	</SchemaData></ExtendedData>
      <Point><coordinates>-57.629918379888,-25.2855517306041</coordinates></Point>
  </Placemark>
  <Placemark id="clipped.394">
	<ExtendedData><SchemaData schemaUrl="#clipped">
		<SimpleData name="Nº">555.000000</SimpleData>
		<SimpleData name="Individuo">555.000000</SimpleData>
		<SimpleData name="X">436579.000000</SimpleData>
		<SimpleData name="Y">7203279.000000</SimpleData>
	</SchemaData></ExtendedData>
      <Point><coordinates>-57.6299484100945,-25.28559675436</coordinates></Point>
  </Placemark>
  <Placemark id="clipped.395">
	<ExtendedData><SchemaData schemaUrl="#clipped">
		<SimpleData name="Nº">556.000000</SimpleData>
		<SimpleData name="Individuo">556.000000</SimpleData>
		<SimpleData name="X">436580.000000</SimpleData>
		<SimpleData name="Y">7203285.000000</SimpleData>
	</SchemaData></ExtendedData>
      <Point><coordinates>-57.6299381978952,-25.285542615593</coordinates></Point>
  </Placemark>
  <Placemark id="clipped.396">
	<ExtendedData><SchemaData schemaUrl="#clipped">
		<SimpleData name="Nº">557.000000</SimpleData>
		<SimpleData name="Individuo">557.000000</SimpleData>
		<SimpleData name="X">436582.000000</SimpleData>
		<SimpleData name="Y">7203284.000000</SimpleData>
	</SchemaData></ExtendedData>
      <Point><coordinates>-57.629918379888,-25.2855517306041</coordinates></Point>
  </Placemark>
  <Placemark id="clipped.397">
	<ExtendedData><SchemaData schemaUrl="#clipped">
		<SimpleData name="Nº">558.000000</SimpleData>
		<SimpleData name="Individuo">558.000000</SimpleData>
		<SimpleData name="X">436570.000000</SimpleData>
		<SimpleData name="Y">7203297.000000</SimpleData>
	</SchemaData></ExtendedData>
      <Point><coordinates>-57.6300369613222,-25.2854338291269</coordinates></Point>
  </Placemark>
  <Placemark id="clipped.398">
	<ExtendedData><SchemaData schemaUrl="#clipped">
		<SimpleData name="Nº">559.000000</SimpleData>
		<SimpleData name="Individuo">559.000000</SimpleData>
		<SimpleData name="X">436569.000000</SimpleData>
		<SimpleData name="Y">7203299.000000</SimpleData>
	</SchemaData></ExtendedData>
      <Point><coordinates>-57.6300468003332,-25.2854157263201</coordinates></Point>
  </Placemark>
  <Placemark id="clipped.399">
	<ExtendedData><SchemaData schemaUrl="#clipped">
		<SimpleData name="Nº">560.000000</SimpleData>
		<SimpleData name="Individuo">560.000000</SimpleData>
		<SimpleData name="X">436559.000000</SimpleData>
		<SimpleData name="Y">7203300.000000</SimpleData>
	</SchemaData></ExtendedData>
      <Point><coordinates>-57.6301460768197,-25.2854062719376</coordinates></Point>
  </Placemark>
  <Placemark id="clipped.400">
	<ExtendedData><SchemaData schemaUrl="#clipped">
		<SimpleData name="Nº">561.000000</SimpleData>
		<SimpleData name="Individuo">561.000000</SimpleData>
		<SimpleData name="X">436559.000000</SimpleData>
		<SimpleData name="Y">7203303.000000</SimpleData>
	</SchemaData></ExtendedData>
      <Point><coordinates>-57.6301459368399,-25.2853791813502</coordinates></Point>
  </Placemark>
  <Placemark id="clipped.401">
	<ExtendedData><SchemaData schemaUrl="#clipped">
		<SimpleData name="Nº">562.000000</SimpleData>
		<SimpleData name="Individuo">562.000000</SimpleData>
		<SimpleData name="X">436558.000000</SimpleData>
		<SimpleData name="Y">7203302.000000</SimpleData>
	</SchemaData></ExtendedData>
      <Point><coordinates>-57.6301559158121,-25.2853881691237</coordinates></Point>
  </Placemark>
  <Placemark id="clipped.402">
	<ExtendedData><SchemaData schemaUrl="#clipped">
		<SimpleData name="Nº">563.000000</SimpleData>
		<SimpleData name="Individuo">563.000000</SimpleData>
		<SimpleData name="X">436559.000000</SimpleData>
		<SimpleData name="Y">7203284.000000</SimpleData>
	</SchemaData></ExtendedData>
      <Point><coordinates>-57.630146823382,-25.2855507550686</coordinates></Point>
  </Placemark>
  <Placemark id="clipped.403">
	<ExtendedData><SchemaData schemaUrl="#clipped">
		<SimpleData name="Nº">564.000000</SimpleData>
		<SimpleData name="Individuo">564.000000</SimpleData>
		<SimpleData name="X">436572.000000</SimpleData>
		<SimpleData name="Y">7203308.000000</SimpleData>
	</SchemaData></ExtendedData>
      <Point><coordinates>-57.6300165835359,-25.2853345817987</coordinates></Point>
  </Placemark>
  <Placemark id="clipped.404">
	<ExtendedData><SchemaData schemaUrl="#clipped">
		<SimpleData name="Nº">565.000000</SimpleData>
		<SimpleData name="Individuo">565.000000</SimpleData>
		<SimpleData name="X">436573.000000</SimpleData>
		<SimpleData name="Y">7203311.000000</SimpleData>
	</SchemaData></ExtendedData>
      <Point><coordinates>-57.6300065112793,-25.2853075336231</coordinates></Point>
  </Placemark>
  <Placemark id="clipped.405">
	<ExtendedData><SchemaData schemaUrl="#clipped">
		<SimpleData name="Nº">566.000000</SimpleData>
		<SimpleData name="Individuo">566.000000</SimpleData>
		<SimpleData name="X">436564.000000</SimpleData>
		<SimpleData name="Y">7203312.000000</SimpleData>
	</SchemaData></ExtendedData>
      <Point><coordinates>-57.6300958553766,-25.285298121688</coordinates></Point>
  </Placemark>
  <Placemark id="clipped.406">
	<ExtendedData><SchemaData schemaUrl="#clipped">
		<SimpleData name="Nº">567.000000</SimpleData>
		<SimpleData name="Individuo">567.000000</SimpleData>
		<SimpleData name="X">436561.000000</SimpleData>
		<SimpleData name="Y">7203311.000000</SimpleData>
	</SchemaData></ExtendedData>
      <Point><coordinates>-57.63012569895,-25.2853070246256</coordinates></Point>
  </Placemark>
  <Placemark id="clipped.407">
	<ExtendedData><SchemaData schemaUrl="#clipped">
		<SimpleData name="Nº">568.000000</SimpleData>
		<SimpleData name="Individuo">568.000000</SimpleData>
		<SimpleData name="X">436562.000000</SimpleData>
		<SimpleData name="Y">7203312.000000</SimpleData>
	</SchemaData></ExtendedData>
      <Point><coordinates>-57.6301157199867,-25.2852980368498</coordinates></Point>
  </Placemark>
  <Placemark id="clipped.408">
	<ExtendedData><SchemaData schemaUrl="#clipped">
		<SimpleData name="Nº">569.000000</SimpleData>
		<SimpleData name="Individuo">569.000000</SimpleData>
		<SimpleData name="X">436561.000000</SimpleData>
		<SimpleData name="Y">7203309.000000</SimpleData>
	</SchemaData></ExtendedData>
      <Point><coordinates>-57.6301257922665,-25.2853250850174</coordinates></Point>
  </Placemark>
  <Placemark id="clipped.409">
	<ExtendedData><SchemaData schemaUrl="#clipped">
		<SimpleData name="Nº">570.000000</SimpleData>
		<SimpleData name="Individuo">570.000000</SimpleData>
		<SimpleData name="X">436556.000000</SimpleData>
		<SimpleData name="Y">7203308.000000</SimpleData>
	</SchemaData></ExtendedData>
      <Point><coordinates>-57.6301755004643,-25.2853339031024</coordinates></Point>
  </Placemark>
  <Placemark id="clipped.410">
	<ExtendedData><SchemaData schemaUrl="#clipped">
		<SimpleData name="Nº">571.000000</SimpleData>
		<SimpleData name="Individuo">571.000000</SimpleData>
		<SimpleData name="X">436554.000000</SimpleData>
		<SimpleData name="Y">7203309.000000</SimpleData>
	</SchemaData></ExtendedData>
      <Point><coordinates>-57.6301953184165,-25.2853247880575</coordinates></Point>
  </Placemark>
  <Placemark id="clipped.411">
	<ExtendedData><SchemaData schemaUrl="#clipped">
		<SimpleData name="Nº">572.000000</SimpleData>
		<SimpleData name="Individuo">572.000000</SimpleData>
		<SimpleData name="X">436552.000000</SimpleData>
		<SimpleData name="Y">7203313.000000</SimpleData>
	</SchemaData></ExtendedData>
      <Point><coordinates>-57.6302149963712,-25.2852885824227</coordinates></Point>
  </Placemark>
  <Placemark id="clipped.412">
	<ExtendedData><SchemaData schemaUrl="#clipped">
		<SimpleData name="Nº">573.000000</SimpleData>
		<SimpleData name="Individuo">573.000000</SimpleData>
		<SimpleData name="X">436551.000000</SimpleData>
		<SimpleData name="Y">7203312.000000</SimpleData>
	</SchemaData></ExtendedData>
      <Point><coordinates>-57.6302249753408,-25.2852975701917</coordinates></Point>
  </Placemark>
  <Placemark id="clipped.413">
	<ExtendedData><SchemaData schemaUrl="#clipped">
		<SimpleData name="Nº">574.000000</SimpleData>
		<SimpleData name="Individuo">574.000000</SimpleData>
		<SimpleData name="X">436548.000000</SimpleData>
		<SimpleData name="Y">7203308.000000</SimpleData>
	</SchemaData></ExtendedData>
      <Point><coordinates>-57.6302549589264,-25.28533356369</coordinates></Point>
  </Placemark>
  <Placemark id="clipped.414">
	<ExtendedData><SchemaData schemaUrl="#clipped">
		<SimpleData name="Nº">575.000000</SimpleData>
		<SimpleData name="Individuo">575.000000</SimpleData>
		<SimpleData name="X">436554.000000</SimpleData>
		<SimpleData name="Y">7203321.000000</SimpleData>
	</SchemaData></ExtendedData>
      <Point><coordinates>-57.6301947584569,-25.2852164257072</coordinates></Point>
  </Placemark>
  <Placemark id="clipped.415">
	<ExtendedData><SchemaData schemaUrl="#clipped">
		<SimpleData name="Nº">576.000000</SimpleData>
		<SimpleData name="Individuo">576.000000</SimpleData>
		<SimpleData name="X">436569.000000</SimpleData>
		<SimpleData name="Y">7203322.000000</SimpleData>
	</SchemaData></ExtendedData>
      <Point><coordinates>-57.6300457273286,-25.2852080318105</coordinates></Point>
  </Placemark>
  <Placemark id="clipped.416">
	<ExtendedData><SchemaData schemaUrl="#clipped">
		<SimpleData name="Nº">577.000000</SimpleData>
		<SimpleData name="Individuo">577.000000</SimpleData>
		<SimpleData name="X">436576.000000</SimpleData>
		<SimpleData name="Y">7203324.000000</SimpleData>
	</SchemaData></ExtendedData>
      <Point><coordinates>-57.6299761079492,-25.285190268306</coordinates></Point>
  </Placemark>
  <Placemark id="clipped.417">
	<ExtendedData><SchemaData schemaUrl="#clipped">
		<SimpleData name="Nº">578.000000</SimpleData>
		<SimpleData name="Individuo">578.000000</SimpleData>
		<SimpleData name="X">436573.000000</SimpleData>
		<SimpleData name="Y">7203331.000000</SimpleData>
	</SchemaData></ExtendedData>
      <Point><coordinates>-57.6300055782953,-25.285126929698</coordinates></Point>
  </Placemark>
  <Placemark id="clipped.418">
	<ExtendedData><SchemaData schemaUrl="#clipped">
		<SimpleData name="Nº">579.000000</SimpleData>
		<SimpleData name="Individuo">579.000000</SimpleData>
		<SimpleData name="X">436570.000000</SimpleData>
		<SimpleData name="Y">7203337.000000</SimpleData>
	</SchemaData></ExtendedData>
      <Point><coordinates>-57.6300350952625,-25.2850726212806</coordinates></Point>
  </Placemark>
  <Placemark id="clipped.419">
	<ExtendedData><SchemaData schemaUrl="#clipped">
		<SimpleData name="Nº">580.000000</SimpleData>
		<SimpleData name="Individuo">580.000000</SimpleData>
		<SimpleData name="X">436571.000000</SimpleData>
		<SimpleData name="Y">7203333.000000</SimpleData>
	</SchemaData></ExtendedData>
      <Point><coordinates>-57.6300253495771,-25.2851087844798</coordinates></Point>
  </Placemark>
  <Placemark id="clipped.420">
	<ExtendedData><SchemaData schemaUrl="#clipped">
		<SimpleData name="Nº">581.000000</SimpleData>
		<SimpleData name="Individuo">581.000000</SimpleData>
		<SimpleData name="X">436569.000000</SimpleData>
		<SimpleData name="Y">7203330.000000</SimpleData>
	</SchemaData></ExtendedData>
      <Point><coordinates>-57.6300453541124,-25.2851357902405</coordinates></Point>
  </Placemark>
  <Placemark id="clipped.421">
	<ExtendedData><SchemaData schemaUrl="#clipped">
		<SimpleData name="Nº">582.000000</SimpleData>
		<SimpleData name="Individuo">582.000000</SimpleData>
		<SimpleData name="X">436566.000000</SimpleData>
		<SimpleData name="Y">7203329.000000</SimpleData>
	</SchemaData></ExtendedData>
      <Point><coordinates>-57.6300751976423,-25.2851446931894</coordinates></Point>
  </Placemark>
  <Placemark id="clipped.422">
	<ExtendedData><SchemaData schemaUrl="#clipped">
		<SimpleData name="Nº">583.000000</SimpleData>
		<SimpleData name="Individuo">583.000000</SimpleData>
		<SimpleData name="X">436561.000000</SimpleData>
		<SimpleData name="Y">7203339.000000</SimpleData>
	</SchemaData></ExtendedData>
      <Point><coordinates>-57.6301243925279,-25.285054179135</coordinates></Point>
  </Placemark>
  <Placemark id="clipped.423">
	<ExtendedData><SchemaData schemaUrl="#clipped">
		<SimpleData name="Nº">584.000000</SimpleData>
		<SimpleData name="Individuo">584.000000</SimpleData>
		<SimpleData name="X">436558.000000</SimpleData>
		<SimpleData name="Y">7203333.000000</SimpleData>
	</SchemaData></ExtendedData>
      <Point><coordinates>-57.6301544693426,-25.285108233049</coordinates></Point>
  </Placemark>
  <Placemark id="clipped.424">
	<ExtendedData><SchemaData schemaUrl="#clipped">
		<SimpleData name="Nº">585.000000</SimpleData>
		<SimpleData name="Individuo">585.000000</SimpleData>
		<SimpleData name="X">436556.000000</SimpleData>
		<SimpleData name="Y">7203326.000000</SimpleData>
	</SchemaData></ExtendedData>
      <Point><coordinates>-57.6301746605522,-25.2851713595759</coordinates></Point>
  </Placemark>
  <Placemark id="clipped.425">
	<ExtendedData><SchemaData schemaUrl="#clipped">
		<SimpleData name="Nº">586.000000</SimpleData>
		<SimpleData name="Individuo">586.000000</SimpleData>
		<SimpleData name="X">436550.000000</SimpleData>
		<SimpleData name="Y">7203331.000000</SimpleData>
	</SchemaData></ExtendedData>
      <Point><coordinates>-57.6302340209898,-25.2851259540428</coordinates></Point>
  </Placemark>
  <Placemark id="clipped.426">
	<ExtendedData><SchemaData schemaUrl="#clipped">
		<SimpleData name="Nº">587.000000</SimpleData>
		<SimpleData name="Individuo">587.000000</SimpleData>
		<SimpleData name="X">436541.000000</SimpleData>
		<SimpleData name="Y">7203327.000000</SimpleData>
	</SchemaData></ExtendedData>
      <Point><coordinates>-57.6303235982963,-25.2851616929515</coordinates></Point>
  </Placemark>
  <Placemark id="clipped.427">
	<ExtendedData><SchemaData schemaUrl="#clipped">
		<SimpleData name="Nº">588.000000</SimpleData>
		<SimpleData name="Individuo">588.000000</SimpleData>
		<SimpleData name="X">436543.000000</SimpleData>
		<SimpleData name="Y">7203332.000000</SimpleData>
	</SchemaData></ExtendedData>
      <Point><coordinates>-57.6303035003538,-25.2851166268382</coordinates></Point>
  </Placemark>
  <Placemark id="clipped.428">
	<ExtendedData><SchemaData schemaUrl="#clipped">
		<SimpleData name="Nº">589.000000</SimpleData>
		<SimpleData name="Individuo">589.000000</SimpleData>
		<SimpleData name="X">436541.000000</SimpleData>
		<SimpleData name="Y">7203336.000000</SimpleData>
	</SchemaData></ExtendedData>
      <Point><coordinates>-57.6303231782438,-25.2850804211892</coordinates></Point>
  </Placemark>
  <Placemark id="clipped.429">
	<ExtendedData><SchemaData schemaUrl="#clipped">
		<SimpleData name="Nº">590.000000</SimpleData>
		<SimpleData name="Individuo">590.000000</SimpleData>
		<SimpleData name="X">436541.000000</SimpleData>
		<SimpleData name="Y">7203343.000000</SimpleData>
	</SchemaData></ExtendedData>
      <Point><coordinates>-57.6303228515377,-25.2850172098178</coordinates></Point>
  </Placemark>
  <Placemark id="clipped.430">
	<ExtendedData><SchemaData schemaUrl="#clipped">
		<SimpleData name="Nº">591.000000</SimpleData>
		<SimpleData name="Individuo">591.000000</SimpleData>
		<SimpleData name="X">436537.000000</SimpleData>
		<SimpleData name="Y">7203338.000000</SimpleData>
	</SchemaData></ExtendedData>
      <Point><coordinates>-57.6303628140408,-25.2850621910585</coordinates></Point>
  </Placemark>
  <Placemark id="clipped.431">
	<ExtendedData><SchemaData schemaUrl="#clipped">
		<SimpleData name="Nº">592.000000</SimpleData>
		<SimpleData name="Individuo">592.000000</SimpleData>
		<SimpleData name="X">436531.000000</SimpleData>
		<SimpleData name="Y">7203342.000000</SimpleData>
	</SchemaData></ExtendedData>
      <Point><coordinates>-57.6304222210339,-25.2850258156472</coordinates></Point>
  </Placemark>
  <Placemark id="clipped.432">
	<ExtendedData><SchemaData schemaUrl="#clipped">
		<SimpleData name="Nº">593.000000</SimpleData>
		<SimpleData name="Individuo">593.000000</SimpleData>
		<SimpleData name="X">436533.000000</SimpleData>
		<SimpleData name="Y">7203335.000000</SimpleData>
	</SchemaData></ExtendedData>
      <Point><coordinates>-57.6304026832168,-25.2850891118962</coordinates></Point>
  </Placemark>
  <Placemark id="clipped.433">
	<ExtendedData><SchemaData schemaUrl="#clipped">
		<SimpleData name="Nº">594.000000</SimpleData>
		<SimpleData name="Individuo">594.000000</SimpleData>
		<SimpleData name="X">436532.000000</SimpleData>
		<SimpleData name="Y">7203333.000000</SimpleData>
	</SchemaData></ExtendedData>
      <Point><coordinates>-57.6304127088624,-25.2851071298485</coordinates></Point>
  </Placemark>
  <Placemark id="clipped.434">
	<ExtendedData><SchemaData schemaUrl="#clipped">
		<SimpleData name="Nº">595.000000</SimpleData>
		<SimpleData name="Individuo">595.000000</SimpleData>
		<SimpleData name="X">436534.000000</SimpleData>
		<SimpleData name="Y">7203328.000000</SimpleData>
	</SchemaData></ExtendedData>
      <Point><coordinates>-57.6303930776728,-25.2851523657045</coordinates></Point>
  </Placemark>
  <Placemark id="clipped.435">
	<ExtendedData><SchemaData schemaUrl="#clipped">
		<SimpleData name="Nº">596.000000</SimpleData>
		<SimpleData name="Individuo">596.000000</SimpleData>
		<SimpleData name="X">436539.000000</SimpleData>
		<SimpleData name="Y">7203328.000000</SimpleData>
	</SchemaData></ExtendedData>
      <Point><coordinates>-57.6303434162093,-25.2851525778873</coordinates></Point>
  </Placemark>
  <Placemark id="clipped.436">
	<ExtendedData><SchemaData schemaUrl="#clipped">
		<SimpleData name="Nº">597.000000</SimpleData>
		<SimpleData name="Individuo">597.000000</SimpleData>
		<SimpleData name="X">436534.000000</SimpleData>
		<SimpleData name="Y">7203325.000000</SimpleData>
	</SchemaData></ExtendedData>
      <Point><coordinates>-57.630393217706,-25.2851794562915</coordinates></Point>
  </Placemark>
  <Placemark id="clipped.437">
	<ExtendedData><SchemaData schemaUrl="#clipped">
		<SimpleData name="Nº">598.000000</SimpleData>
		<SimpleData name="Individuo">598.000000</SimpleData>
		<SimpleData name="X">436538.000000</SimpleData>
		<SimpleData name="Y">7203320.000000</SimpleData>
	</SchemaData></ExtendedData>
      <Point><coordinates>-57.6303537219009,-25.2852247770176</coordinates></Point>
  </Placemark>
  <Placemark id="clipped.438">
	<ExtendedData><SchemaData schemaUrl="#clipped">
		<SimpleData name="Nº">599.000000</SimpleData>
		<SimpleData name="Individuo">599.000000</SimpleData>
		<SimpleData name="X">436544.000000</SimpleData>
		<SimpleData name="Y">7203321.000000</SimpleData>
	</SchemaData></ExtendedData>
      <Point><coordinates>-57.6302940814383,-25.285216001424</coordinates></Point>
  </Placemark>
  <Placemark id="clipped.439">
	<ExtendedData><SchemaData schemaUrl="#clipped">
		<SimpleData name="Nº">600.000000</SimpleData>
		<SimpleData name="Individuo">600.000000</SimpleData>
		<SimpleData name="X">436542.000000</SimpleData>
		<SimpleData name="Y">7203315.000000</SimpleData>
	</SchemaData></ExtendedData>
      <Point><coordinates>-57.6303142260666,-25.2852700977334</coordinates></Point>
  </Placemark>
  <Placemark id="clipped.440">
	<ExtendedData><SchemaData schemaUrl="#clipped">
		<SimpleData name="Nº">601.000000</SimpleData>
		<SimpleData name="Individuo">601.000000</SimpleData>
		<SimpleData name="X">436538.000000</SimpleData>
		<SimpleData name="Y">7203319.000000</SimpleData>
	</SchemaData></ExtendedData>
      <Point><coordinates>-57.6303537685759,-25.2852338072132</coordinates></Point>
  </Placemark>
  <Placemark id="clipped.441">
	<ExtendedData><SchemaData schemaUrl="#clipped">
		<SimpleData name="Nº">602.000000</SimpleData>
		<SimpleData name="Individuo">602.000000</SimpleData>
		<SimpleData name="X">436533.000000</SimpleData>
		<SimpleData name="Y">7203308.000000</SimpleData>
	</SchemaData></ExtendedData>
      <Point><coordinates>-57.630403943539,-25.2853329271766</coordinates></Point>
  </Placemark>
  <Placemark id="clipped.442">
	<ExtendedData><SchemaData schemaUrl="#clipped">
		<SimpleData name="Nº">603.000000</SimpleData>
		<SimpleData name="Individuo">603.000000</SimpleData>
		<SimpleData name="X">436536.000000</SimpleData>
		<SimpleData name="Y">7203322.000000</SimpleData>
	</SchemaData></ExtendedData>
      <Point><coordinates>-57.6303734931453,-25.2852066317536</coordinates></Point>
  </Placemark>
  <Placemark id="clipped.443">
	<ExtendedData><SchemaData schemaUrl="#clipped">
		<SimpleData name="Nº">604.000000</SimpleData>
		<SimpleData name="Individuo">604.000000</SimpleData>
		<SimpleData name="X">436535.000000</SimpleData>
		<SimpleData name="Y">7203320.000000</SimpleData>
	</SchemaData></ExtendedData>
      <Point><coordinates>-57.6303835187967,-25.2852246497075</coordinates></Point>
  </Placemark>
  <Placemark id="clipped.444">
	<ExtendedData><SchemaData schemaUrl="#clipped">
		<SimpleData name="Nº">605.000000</SimpleData>
		<SimpleData name="Individuo">605.000000</SimpleData>
		<SimpleData name="X">436533.000000</SimpleData>
		<SimpleData name="Y">7203318.000000</SimpleData>
	</SchemaData></ExtendedData>
      <Point><coordinates>-57.6304034767511,-25.2852426252218</coordinates></Point>
  </Placemark>
  <Placemark id="clipped.445">
	<ExtendedData><SchemaData schemaUrl="#clipped">
		<SimpleData name="Nº">606.000000</SimpleData>
		<SimpleData name="Individuo">606.000000</SimpleData>
		<SimpleData name="X">436532.000000</SimpleData>
		<SimpleData name="Y">7203321.000000</SimpleData>
	</SchemaData></ExtendedData>
      <Point><coordinates>-57.6304132690129,-25.2852154921958</coordinates></Point>
  </Placemark>
  <Placemark id="clipped.446">
	<ExtendedData><SchemaData schemaUrl="#clipped">
		<SimpleData name="Nº">607.000000</SimpleData>
		<SimpleData name="Individuo">607.000000</SimpleData>
		<SimpleData name="X">436530.000000</SimpleData>
		<SimpleData name="Y">7203316.000000</SimpleData>
	</SchemaData></ExtendedData>
      <Point><coordinates>-57.6304333670127,-25.2852605582926</coordinates></Point>
  </Placemark>
  <Placemark id="clipped.447">
	<ExtendedData><SchemaData schemaUrl="#clipped">
		<SimpleData name="Nº">608.000000</SimpleData>
		<SimpleData name="Individuo">608.000000</SimpleData>
		<SimpleData name="X">436527.000000</SimpleData>
		<SimpleData name="Y">7203316.000000</SimpleData>
	</SchemaData></ExtendedData>
      <Point><coordinates>-57.6304631639168,-25.2852604309662</coordinates></Point>
  </Placemark>
  <Placemark id="clipped.448">
	<ExtendedData><SchemaData schemaUrl="#clipped">
		<SimpleData name="Nº">609.000000</SimpleData>
		<SimpleData name="Individuo">609.000000</SimpleData>
		<SimpleData name="X">436524.000000</SimpleData>
		<SimpleData name="Y">7203316.000000</SimpleData>
	</SchemaData></ExtendedData>
      <Point><coordinates>-57.6304929608206,-25.2852603036339</coordinates></Point>
  </Placemark>
  <Placemark id="clipped.449">
	<ExtendedData><SchemaData schemaUrl="#clipped">
		<SimpleData name="Nº">610.000000</SimpleData>
		<SimpleData name="Individuo">610.000000</SimpleData>
		<SimpleData name="X">436517.000000</SimpleData>
		<SimpleData name="Y">7203324.000000</SimpleData>
	</SchemaData></ExtendedData>
      <Point><coordinates>-57.6305621134056,-25.2851877649394</coordinates></Point>
  </Placemark>
  <Placemark id="clipped.450">
	<ExtendedData><SchemaData schemaUrl="#clipped">
		<SimpleData name="Nº">611.000000</SimpleData>
		<SimpleData name="Individuo">611.000000</SimpleData>
		<SimpleData name="X">436517.000000</SimpleData>
		<SimpleData name="Y">7203330.000000</SimpleData>
	</SchemaData></ExtendedData>
      <Point><coordinates>-57.6305618332642,-25.2851335837673</coordinates></Point>
  </Placemark>
  <Placemark id="clipped.451">
	<ExtendedData><SchemaData schemaUrl="#clipped">
		<SimpleData name="Nº">612.000000</SimpleData>
		<SimpleData name="Individuo">612.000000</SimpleData>
		<SimpleData name="X">436515.000000</SimpleData>
		<SimpleData name="Y">7203327.000000</SimpleData>
	</SchemaData></ExtendedData>
      <Point><coordinates>-57.6305818379208,-25.2851605894528</coordinates></Point>
  </Placemark>
  <Placemark id="clipped.452">
	<ExtendedData><SchemaData schemaUrl="#clipped">
		<SimpleData name="Nº">613.000000</SimpleData>
		<SimpleData name="Individuo">613.000000</SimpleData>
		<SimpleData name="X">436513.000000</SimpleData>
		<SimpleData name="Y">7203327.000000</SimpleData>
	</SchemaData></ExtendedData>
      <Point><coordinates>-57.6306017025066,-25.2851605045496</coordinates></Point>
  </Placemark>
  <Placemark id="clipped.453">
	<ExtendedData><SchemaData schemaUrl="#clipped">
		<SimpleData name="Nº">614.000000</SimpleData>
		<SimpleData name="Individuo">614.000000</SimpleData>
		<SimpleData name="X">436515.000000</SimpleData>
		<SimpleData name="Y">7203325.000000</SimpleData>
	</SchemaData></ExtendedData>
      <Point><coordinates>-57.6305819313042,-25.2851786498434</coordinates></Point>
  </Placemark>
  <Placemark id="clipped.454">
	<ExtendedData><SchemaData schemaUrl="#clipped">
		<SimpleData name="Nº">615.000000</SimpleData>
		<SimpleData name="Individuo">615.000000</SimpleData>
		<SimpleData name="X">436506.000000</SimpleData>
		<SimpleData name="Y">7203330.000000</SimpleData>
	</SchemaData></ExtendedData>
      <Point><coordinates>-57.6306710884616,-25.2851331167817</coordinates></Point>
  </Placemark>
  <Placemark id="clipped.455">
	<ExtendedData><SchemaData schemaUrl="#clipped">
		<SimpleData name="Nº">616.000000</SimpleData>
		<SimpleData name="Individuo">616.000000</SimpleData>
		<SimpleData name="X">436511.000000</SimpleData>
		<SimpleData name="Y">7203349.000000</SimpleData>
	</SchemaData></ExtendedData>
      <Point><coordinates>-57.6306205398155,-25.2849617553454</coordinates></Point>
  </Placemark>
  <Placemark id="clipped.456">
	<ExtendedData><SchemaData schemaUrl="#clipped">
		<SimpleData name="Nº">617.000000</SimpleData>
		<SimpleData name="Individuo">617.000000</SimpleData>
		<SimpleData name="X">436511.000000</SimpleData>
		<SimpleData name="Y">7203345.000000</SimpleData>
	</SchemaData></ExtendedData>
      <Point><coordinates>-57.6306207265923,-25.2849978761273</coordinates></Point>
  </Placemark>
  <Placemark id="clipped.457">
	<ExtendedData><SchemaData schemaUrl="#clipped">
		<SimpleData name="Nº">618.000000</SimpleData>
		<SimpleData name="Individuo">618.000000</SimpleData>
		<SimpleData name="X">436510.000000</SimpleData>
		<SimpleData name="Y">7203342.000000</SimpleData>
	</SchemaData></ExtendedData>
      <Point><coordinates>-57.630630798957,-25.2850249242599</coordinates></Point>
  </Placemark>
  <Placemark id="clipped.458">
	<ExtendedData><SchemaData schemaUrl="#clipped">
		<SimpleData name="Nº">619.000000</SimpleData>
		<SimpleData name="Individuo">619.000000</SimpleData>
		<SimpleData name="X">436507.000000</SimpleData>
		<SimpleData name="Y">7203342.000000</SimpleData>
	</SchemaData></ExtendedData>
      <Point><coordinates>-57.6306605958023,-25.2850247968948</coordinates></Point>
  </Placemark>
  <Placemark id="clipped.459">
	<ExtendedData><SchemaData schemaUrl="#clipped">
		<SimpleData name="Nº">620.000000</SimpleData>
		<SimpleData name="Individuo">620.000000</SimpleData>
		<SimpleData name="X">436502.000000</SimpleData>
		<SimpleData name="Y">7203342.000000</SimpleData>
	</SchemaData></ExtendedData>
      <Point><coordinates>-57.6307102572108,-25.2850245846063</coordinates></Point>
  </Placemark>
  <Placemark id="clipped.460">
	<ExtendedData><SchemaData schemaUrl="#clipped">
		<SimpleData name="Nº">621.000000</SimpleData>
		<SimpleData name="Individuo">621.000000</SimpleData>
		<SimpleData name="X">436505.000000</SimpleData>
		<SimpleData name="Y">7203340.000000</SimpleData>
	</SchemaData></ExtendedData>
      <Point><coordinates>-57.6306805537633,-25.285042772372</coordinates></Point>
  </Placemark>
  <Placemark id="clipped.461">
	<ExtendedData><SchemaData schemaUrl="#clipped">
		<SimpleData name="Nº">622.000000</SimpleData>
		<SimpleData name="Individuo">622.000000</SimpleData>
		<SimpleData name="X">436497.000000</SimpleData>
		<SimpleData name="Y">7203332.000000</SimpleData>
	</SchemaData></ExtendedData>
      <Point><coordinates>-57.6307603856659,-25.2851146742522</coordinates></Point>
  </Placemark>
  <Placemark id="clipped.462">
	<ExtendedData><SchemaData schemaUrl="#clipped">
		<SimpleData name="Nº">623.000000</SimpleData>
		<SimpleData name="Individuo">623.000000</SimpleData>
		<SimpleData name="X">436499.000000</SimpleData>
		<SimpleData name="Y">7203332.000000</SimpleData>
	</SchemaData></ExtendedData>
      <Point><coordinates>-57.6307405210881,-25.2851147591767</coordinates></Point>
  </Placemark>
  <Placemark id="clipped.463">
	<ExtendedData><SchemaData schemaUrl="#clipped">
		<SimpleData name="Nº">624.000000</SimpleData>
		<SimpleData name="Individuo">624.000000</SimpleData>
		<SimpleData name="X">436490.000000</SimpleData>
		<SimpleData name="Y">7203342.000000</SimpleData>
	</SchemaData></ExtendedData>
      <Point><coordinates>-57.6308294445888,-25.2850240750456</coordinates></Point>
  </Placemark>
  <Placemark id="clipped.464">
	<ExtendedData><SchemaData schemaUrl="#clipped">
		<SimpleData name="Nº">625.000000</SimpleData>
		<SimpleData name="Individuo">625.000000</SimpleData>
		<SimpleData name="X">436486.000000</SimpleData>
		<SimpleData name="Y">7203344.000000</SimpleData>
	</SchemaData></ExtendedData>
      <Point><coordinates>-57.6308690802888,-25.2850058447806</coordinates></Point>
  </Placemark>
  <Placemark id="clipped.465">
	<ExtendedData><SchemaData schemaUrl="#clipped">
		<SimpleData name="Nº">626.000000</SimpleData>
		<SimpleData name="Individuo">626.000000</SimpleData>
		<SimpleData name="X">436645.000000</SimpleData>
		<SimpleData name="Y">7203400.000000</SimpleData>
	</SchemaData></ExtendedData>
      <Point><coordinates>-57.6292872381895,-25.2845068979753</coordinates></Point>
  </Placemark>
  <Placemark id="clipped.466">
	<ExtendedData><SchemaData schemaUrl="#clipped">
		<SimpleData name="Nº">627.000000</SimpleData>
		<SimpleData name="Individuo">627.000000</SimpleData>
		<SimpleData name="X">436599.000000</SimpleData>
		<SimpleData name="Y">7203382.000000</SimpleData>
	</SchemaData></ExtendedData>
      <Point><coordinates>-57.6297449606201,-25.2846674921347</coordinates></Point>
  </Placemark>
  <Placemark id="clipped.467">
	<ExtendedData><SchemaData schemaUrl="#clipped">
		<SimpleData name="Nº">628.000000</SimpleData>
		<SimpleData name="Individuo">628.000000</SimpleData>
		<SimpleData name="X">436492.000000</SimpleData>
		<SimpleData name="Y">7203370.000000</SimpleData>
	</SchemaData></ExtendedData>
      <Point><coordinates>-57.6308082722029,-25.2847713145121</coordinates></Point>
  </Placemark>
  <Placemark id="clipped.468">
	<ExtendedData><SchemaData schemaUrl="#clipped">
		<SimpleData name="Nº">629.000000</SimpleData>
		<SimpleData name="Individuo">629.000000</SimpleData>
		<SimpleData name="X">436508.000000</SimpleData>
		<SimpleData name="Y">7203325.000000</SimpleData>
	</SchemaData></ExtendedData>
      <Point><coordinates>-57.6306514573647,-25.2851783526702</coordinates></Point>
  </Placemark>
  <Placemark id="clipped.469">
	<ExtendedData><SchemaData schemaUrl="#clipped">
		<SimpleData name="Nº">630.000000</SimpleData>
		<SimpleData name="Individuo">630.000000</SimpleData>
		<SimpleData name="X">436535.000000</SimpleData>
		<SimpleData name="Y">7203398.000000</SimpleData>
	</SchemaData></ExtendedData>
      <Point><coordinates>-57.6303798780465,-25.2845202944177</coordinates></Point>
  </Placemark>
  <Placemark id="clipped.470">
	<ExtendedData><SchemaData schemaUrl="#clipped">
		<SimpleData name="Nº">631.000000</SimpleData>
		<SimpleData name="Individuo">631.000000</SimpleData>
		<SimpleData name="X">436489.000000</SimpleData>
		<SimpleData name="Y">7203330.000000</SimpleData>
	</SchemaData></ExtendedData>
      <Point><coordinates>-57.6308399373977,-25.2851323949175</coordinates></Point>
  </Placemark>
  <Placemark id="clipped.471">
	<ExtendedData><SchemaData schemaUrl="#clipped">
		<SimpleData name="Nº">632.000000</SimpleData>
		<SimpleData name="Individuo">632.000000</SimpleData>
		<SimpleData name="X">436502.000000</SimpleData>
		<SimpleData name="Y">7203317.000000</SimpleData>
	</SchemaData></ExtendedData>
      <Point><coordinates>-57.6307114247412,-25.2852503394844</coordinates></Point>
  </Placemark>
  <Placemark id="clipped.472">
	<ExtendedData><SchemaData schemaUrl="#clipped">
		<SimpleData name="Nº">633.000000</SimpleData>
		<SimpleData name="Individuo">633.000000</SimpleData>
		<SimpleData name="X">436514.000000</SimpleData>
		<SimpleData name="Y">7203315.000000</SimpleData>
	</SchemaData></ExtendedData>
      <Point><coordinates>-57.6305923305247,-25.2852689093444</coordinates></Point>
  </Placemark>
  <Placemark id="clipped.473">
	<ExtendedData><SchemaData schemaUrl="#clipped">
		<SimpleData name="Nº">634.000000</SimpleData>
		<SimpleData name="Individuo">634.000000</SimpleData>
		<SimpleData name="X">436517.000000</SimpleData>
		<SimpleData name="Y">7203311.000000</SimpleData>
	</SchemaData></ExtendedData>
      <Point><coordinates>-57.6305627203815,-25.2853051574777</coordinates></Point>
  </Placemark>
  <Placemark id="clipped.474">
	<ExtendedData><SchemaData schemaUrl="#clipped">
		<SimpleData name="Nº">635.000000</SimpleData>
		<SimpleData name="Individuo">635.000000</SimpleData>
		<SimpleData name="X">436554.000000</SimpleData>
		<SimpleData name="Y">7203296.000000</SimpleData>
	</SchemaData></ExtendedData>
      <Point><coordinates>-57.6301959250431,-25.2854421806019</coordinates></Point>
  </Placemark>
  <Placemark id="clipped.475">
	<ExtendedData><SchemaData schemaUrl="#clipped">
		<SimpleData name="Nº">636.000000</SimpleData>
		<SimpleData name="Individuo">636.000000</SimpleData>
		<SimpleData name="X">436552.000000</SimpleData>
		<SimpleData name="Y">7203295.000000</SimpleData>
	</SchemaData></ExtendedData>
      <Point><coordinates>-57.6302158363416,-25.2854511259453</coordinates></Point>
  </Placemark>
  <Placemark id="clipped.476">
	<ExtendedData><SchemaData schemaUrl="#clipped">
		<SimpleData name="Nº">637.000000</SimpleData>
		<SimpleData name="Individuo">637.000000</SimpleData>
		<SimpleData name="X">436562.000000</SimpleData>
		<SimpleData name="Y">7203286.000000</SimpleData>
	</SchemaData></ExtendedData>
      <Point><coordinates>-57.630116933089,-25.2855328219411</coordinates></Point>
  </Placemark>
  <Placemark id="clipped.477">
	<ExtendedData><SchemaData schemaUrl="#clipped">
		<SimpleData name="Nº">638.000000</SimpleData>
		<SimpleData name="Individuo">638.000000</SimpleData>
		<SimpleData name="X">436576.000000</SimpleData>
		<SimpleData name="Y">7203275.000000</SimpleData>
	</SchemaData></ExtendedData>
      <Point><coordinates>-57.6299783936754,-25.2856327479133</coordinates></Point>
  </Placemark>
  <Placemark id="clipped.478">
	<ExtendedData><SchemaData schemaUrl="#clipped">
		<SimpleData name="Nº">639.000000</SimpleData>
		<SimpleData name="Individuo">639.000000</SimpleData>
		<SimpleData name="X">436575.000000</SimpleData>
		<SimpleData name="Y">7203277.000000</SimpleData>
	</SchemaData></ExtendedData>
      <Point><coordinates>-57.6299882327105,-25.2856146451103</coordinates></Point>
  </Placemark>
  <Placemark id="clipped.479">
	<ExtendedData><SchemaData schemaUrl="#clipped">
		<SimpleData name="Nº">640.000000</SimpleData>
		<SimpleData name="Individuo">640.000000</SimpleData>
		<SimpleData name="X">436574.000000</SimpleData>
		<SimpleData name="Y">7203268.000000</SimpleData>
	</SchemaData></ExtendedData>
      <Point><coordinates>-57.6299985848875,-25.2856958744599</coordinates></Point>
  </Placemark>
  <Placemark id="clipped.480">
	<ExtendedData><SchemaData schemaUrl="#clipped">
		<SimpleData name="Nº">641.000000</SimpleData>
		<SimpleData name="Individuo">641.000000</SimpleData>
		<SimpleData name="X">436578.000000</SimpleData>
		<SimpleData name="Y">7203271.000000</SimpleData>
	</SchemaData></ExtendedData>
      <Point><coordinates>-57.6299587155966,-25.2856689535173</coordinates></Point>
  </Placemark>
  <Placemark id="clipped.481">
	<ExtendedData><SchemaData schemaUrl="#clipped">
		<SimpleData name="Nº">642.000000</SimpleData>
		<SimpleData name="Individuo">642.000000</SimpleData>
		<SimpleData name="X">436619.000000</SimpleData>
		<SimpleData name="Y">7203267.000000</SimpleData>
	</SchemaData></ExtendedData>
      <Point><coordinates>-57.6295516762862,-25.2857068125429</coordinates></Point>
  </Placemark>
  <Placemark id="clipped.482">
	<ExtendedData><SchemaData schemaUrl="#clipped">
		<SimpleData name="Nº">643.000000</SimpleData>
		<SimpleData name="Individuo">643.000000</SimpleData>
		<SimpleData name="X">436620.000000</SimpleData>
		<SimpleData name="Y">7203277.000000</SimpleData>
	</SchemaData></ExtendedData>
      <Point><coordinates>-57.6295412777894,-25.2856165529598</coordinates></Point>
  </Placemark>
  <Placemark id="clipped.483">
	<ExtendedData><SchemaData schemaUrl="#clipped">
		<SimpleData name="Nº">644.000000</SimpleData>
		<SimpleData name="Individuo">644.000000</SimpleData>
		<SimpleData name="X">436629.000000</SimpleData>
		<SimpleData name="Y">7203294.000000</SimpleData>
	</SchemaData></ExtendedData>
      <Point><coordinates>-57.6294510944499,-25.2854634210212</coordinates></Point>
  </Placemark>
  <Placemark id="clipped.484">
	<ExtendedData><SchemaData schemaUrl="#clipped">
		<SimpleData name="Nº">645.000000</SimpleData>
		<SimpleData name="Individuo">645.000000</SimpleData>
		<SimpleData name="X">436640.000000</SimpleData>
		<SimpleData name="Y">7203307.000000</SimpleData>
	</SchemaData></ExtendedData>
      <Point><coordinates>-57.6293412331258,-25.2853464945457</coordinates></Point>
  </Placemark>
  <Placemark id="clipped.485">
	<ExtendedData><SchemaData schemaUrl="#clipped">
		<SimpleData name="Nº">646.000000</SimpleData>
		<SimpleData name="Individuo">646.000000</SimpleData>
		<SimpleData name="X">436641.000000</SimpleData>
		<SimpleData name="Y">7203314.000000</SimpleData>
	</SchemaData></ExtendedData>
      <Point><coordinates>-57.6293309746193,-25.285283325532</coordinates></Point>
  </Placemark>
  <Placemark id="clipped.486">
	<ExtendedData><SchemaData schemaUrl="#clipped">
		<SimpleData name="Nº">647.000000</SimpleData>
		<SimpleData name="Individuo">647.000000</SimpleData>
		<SimpleData name="X">436643.000000</SimpleData>
		<SimpleData name="Y">7203315.000000</SimpleData>
	</SchemaData></ExtendedData>
      <Point><coordinates>-57.6293110634107,-25.2852743800671</coordinates></Point>
  </Placemark>
  <Placemark id="clipped.487">
	<ExtendedData><SchemaData schemaUrl="#clipped">
		<SimpleData name="Nº">648.000000</SimpleData>
		<SimpleData name="Individuo">648.000000</SimpleData>
		<SimpleData name="X">436643.000000</SimpleData>
		<SimpleData name="Y">7203318.000000</SimpleData>
	</SchemaData></ExtendedData>
      <Point><coordinates>-57.6293109236172,-25.2852472894749</coordinates></Point>
  </Placemark>
  <Placemark id="clipped.488">
	<ExtendedData><SchemaData schemaUrl="#clipped">
		<SimpleData name="Nº">649.000000</SimpleData>
		<SimpleData name="Individuo">649.000000</SimpleData>
		<SimpleData name="X">436652.000000</SimpleData>
		<SimpleData name="Y">7203326.000000</SimpleData>
	</SchemaData></ExtendedData>
      <Point><coordinates>-57.6292211601656,-25.2851754291565</coordinates></Point>
  </Placemark>
  <Placemark id="clipped.489">
	<ExtendedData><SchemaData schemaUrl="#clipped">
		<SimpleData name="Nº">650.000000</SimpleData>
		<SimpleData name="Individuo">650.000000</SimpleData>
		<SimpleData name="X">436649.000000</SimpleData>
		<SimpleData name="Y">7203326.000000</SimpleData>
	</SchemaData></ExtendedData>
      <Point><coordinates>-57.6292509570558,-25.2851753020754</coordinates></Point>
  </Placemark>
  <Placemark id="clipped.490">
	<ExtendedData><SchemaData schemaUrl="#clipped">
		<SimpleData name="Nº">651.000000</SimpleData>
		<SimpleData name="Individuo">651.000000</SimpleData>
		<SimpleData name="X">436655.000000</SimpleData>
		<SimpleData name="Y">7203323.000000</SimpleData>
	</SchemaData></ExtendedData>
      <Point><coordinates>-57.6291915030417,-25.2852026468248</coordinates></Point>
  </Placemark>
  <Placemark id="clipped.491">
	<ExtendedData><SchemaData schemaUrl="#clipped">
		<SimpleData name="Nº">652.000000</SimpleData>
		<SimpleData name="Individuo">652.000000</SimpleData>
		<SimpleData name="X">436661.000000</SimpleData>
		<SimpleData name="Y">7203327.000000</SimpleData>
	</SchemaData></ExtendedData>
      <Point><coordinates>-57.6291317229094,-25.285166780166</coordinates></Point>
  </Placemark>
  <Placemark id="clipped.492">
	<ExtendedData><SchemaData schemaUrl="#clipped">
		<SimpleData name="Nº">653.000000</SimpleData>
		<SimpleData name="Individuo">653.000000</SimpleData>
		<SimpleData name="X">436659.000000</SimpleData>
		<SimpleData name="Y">7203331.000000</SimpleData>
	</SchemaData></ExtendedData>
      <Point><coordinates>-57.6291514011587,-25.2851305746667</coordinates></Point>
  </Placemark>
  <Placemark id="clipped.493">
	<ExtendedData><SchemaData schemaUrl="#clipped">
		<SimpleData name="Nº">654.000000</SimpleData>
		<SimpleData name="Individuo">654.000000</SimpleData>
		<SimpleData name="X">436651.000000</SimpleData>
		<SimpleData name="Y">7203332.000000</SimpleData>
	</SchemaData></ExtendedData>
      <Point><coordinates>-57.6292308129124,-25.2851212056107</coordinates></Point>
  </Placemark>
  <Placemark id="clipped.494">
	<ExtendedData><SchemaData schemaUrl="#clipped">
		<SimpleData name="Nº">655.000000</SimpleData>
		<SimpleData name="Individuo">655.000000</SimpleData>
		<SimpleData name="X">436662.000000</SimpleData>
		<SimpleData name="Y">7203343.000000</SimpleData>
	</SchemaData></ExtendedData>
      <Point><coordinates>-57.6291210452781,-25.2850223393519</coordinates></Point>
  </Placemark>
  <Placemark id="clipped.495">
	<ExtendedData><SchemaData schemaUrl="#clipped">
		<SimpleData name="Nº">656.000000</SimpleData>
		<SimpleData name="Individuo">656.000000</SimpleData>
		<SimpleData name="X">436662.000000</SimpleData>
		<SimpleData name="Y">7203341.000000</SimpleData>
	</SchemaData></ExtendedData>
      <Point><coordinates>-57.6291211384447,-25.2850403997479</coordinates></Point>
  </Placemark>
  <Placemark id="clipped.496">
	<ExtendedData><SchemaData schemaUrl="#clipped">
		<SimpleData name="Nº">657.000000</SimpleData>
		<SimpleData name="Individuo">657.000000</SimpleData>
		<SimpleData name="X">436659.000000</SimpleData>
		<SimpleData name="Y">7203347.000000</SimpleData>
	</SchemaData></ExtendedData>
      <Point><coordinates>-57.6291506557898,-25.2849860914997</coordinates></Point>
  </Placemark>
  <Placemark id="clipped.497">
	<ExtendedData><SchemaData schemaUrl="#clipped">
		<SimpleData name="Nº">658.000000</SimpleData>
		<SimpleData name="Individuo">658.000000</SimpleData>
		<SimpleData name="X">436663.000000</SimpleData>
		<SimpleData name="Y">7203353.000000</SimpleData>
	</SchemaData></ExtendedData>
      <Point><coordinates>-57.6291106471695,-25.2849320797229</coordinates></Point>
  </Placemark>
  <Placemark id="clipped.498">
	<ExtendedData><SchemaData schemaUrl="#clipped">
		<SimpleData name="Nº">659.000000</SimpleData>
		<SimpleData name="Individuo">659.000000</SimpleData>
		<SimpleData name="X">436664.000000</SimpleData>
		<SimpleData name="Y">7203355.000000</SimpleData>
	</SchemaData></ExtendedData>
      <Point><coordinates>-57.6291006217293,-25.2849140616777</coordinates></Point>
  </Placemark>
  <Placemark id="clipped.499">
	<ExtendedData><SchemaData schemaUrl="#clipped">
		<SimpleData name="Nº">660.000000</SimpleData>
		<SimpleData name="Individuo">660.000000</SimpleData>
		<SimpleData name="X">436668.000000</SimpleData>
		<SimpleData name="Y">7203355.000000</SimpleData>
	</SchemaData></ExtendedData>
      <Point><coordinates>-57.6290608926262,-25.2849142310758</coordinates></Point>
  </Placemark>
  <Placemark id="clipped.500">
	<ExtendedData><SchemaData schemaUrl="#clipped">
		<SimpleData name="Nº">661.000000</SimpleData>
		<SimpleData name="Individuo">661.000000</SimpleData>
		<SimpleData name="X">436664.000000</SimpleData>
		<SimpleData name="Y">7203347.000000</SimpleData>
	</SchemaData></ExtendedData>
      <Point><coordinates>-57.6291009943821,-25.284986303263</coordinates></Point>
  </Placemark>
  <Placemark id="clipped.501">
	<ExtendedData><SchemaData schemaUrl="#clipped">
		<SimpleData name="Nº">662.000000</SimpleData>
		<SimpleData name="Individuo">662.000000</SimpleData>
		<SimpleData name="X">436666.000000</SimpleData>
		<SimpleData name="Y">7203347.000000</SimpleData>
	</SchemaData></ExtendedData>
      <Point><coordinates>-57.6290811298189,-25.2849863879636</coordinates></Point>
  </Placemark>
  <Placemark id="clipped.502">
	<ExtendedData><SchemaData schemaUrl="#clipped">
		<SimpleData name="Nº">663.000000</SimpleData>
		<SimpleData name="Individuo">663.000000</SimpleData>
		<SimpleData name="X">436665.000000</SimpleData>
		<SimpleData name="Y">7203345.000000</SimpleData>
	</SchemaData></ExtendedData>
      <Point><coordinates>-57.6290911552625,-25.2850044060099</coordinates></Point>
  </Placemark>
  <Placemark id="clipped.503">
	<ExtendedData><SchemaData schemaUrl="#clipped">
		<SimpleData name="Nº">664.000000</SimpleData>
		<SimpleData name="Individuo">664.000000</SimpleData>
		<SimpleData name="X">436673.000000</SimpleData>
		<SimpleData name="Y">7203341.000000</SimpleData>
	</SchemaData></ExtendedData>
      <Point><coordinates>-57.6290118832977,-25.2850408655842</coordinates></Point>
  </Placemark>
  <Placemark id="clipped.504">
	<ExtendedData><SchemaData schemaUrl="#clipped">
		<SimpleData name="Nº">665.000000</SimpleData>
		<SimpleData name="Individuo">665.000000</SimpleData>
		<SimpleData name="X">436674.000000</SimpleData>
		<SimpleData name="Y">7203350.000000</SimpleData>
	</SchemaData></ExtendedData>
      <Point><coordinates>-57.6290015318421,-25.2849596361446</coordinates></Point>
  </Placemark>
  <Placemark id="clipped.505">
	<ExtendedData><SchemaData schemaUrl="#clipped">
		<SimpleData name="Nº">666.000000</SimpleData>
		<SimpleData name="Individuo">666.000000</SimpleData>
		<SimpleData name="X">436676.000000</SimpleData>
		<SimpleData name="Y">7203350.000000</SimpleData>
	</SchemaData></ExtendedData>
      <Point><coordinates>-57.6289816672828,-25.2849597208317</coordinates></Point>
  </Placemark>
  <Placemark id="clipped.506">
	<ExtendedData><SchemaData schemaUrl="#clipped">
		<SimpleData name="Nº">667.000000</SimpleData>
		<SimpleData name="Individuo">667.000000</SimpleData>
		<SimpleData name="X">436674.000000</SimpleData>
		<SimpleData name="Y">7203351.000000</SimpleData>
	</SchemaData></ExtendedData>
      <Point><coordinates>-57.6290014852678,-25.2849506059462</coordinates></Point>
  </Placemark>
  <Placemark id="clipped.507">
	<ExtendedData><SchemaData schemaUrl="#clipped">
		<SimpleData name="Nº">668.000000</SimpleData>
		<SimpleData name="Individuo">668.000000</SimpleData>
		<SimpleData name="X">436676.000000</SimpleData>
		<SimpleData name="Y">7203355.000000</SimpleData>
	</SchemaData></ExtendedData>
      <Point><coordinates>-57.628981434419,-25.2849145698398</coordinates></Point>
  </Placemark>
  <Placemark id="clipped.508">
	<ExtendedData><SchemaData schemaUrl="#clipped">
		<SimpleData name="Nº">669.000000</SimpleData>
		<SimpleData name="Individuo">669.000000</SimpleData>
		<SimpleData name="X">436678.000000</SimpleData>
		<SimpleData name="Y">7203360.000000</SimpleData>
	</SchemaData></ExtendedData>
      <Point><coordinates>-57.6289613370112,-25.2848695035318</coordinates></Point>
  </Placemark>
  <Placemark id="clipped.509">
	<ExtendedData><SchemaData schemaUrl="#clipped">
		<SimpleData name="Nº">670.000000</SimpleData>
		<SimpleData name="Individuo">670.000000</SimpleData>
		<SimpleData name="X">436678.000000</SimpleData>
		<SimpleData name="Y">7203364.000000</SimpleData>
	</SchemaData></ExtendedData>
      <Point><coordinates>-57.6289611507269,-25.2848333827377</coordinates></Point>
  </Placemark>
  <Placemark id="clipped.510">
	<ExtendedData><SchemaData schemaUrl="#clipped">
		<SimpleData name="Nº">671.000000</SimpleData>
		<SimpleData name="Individuo">671.000000</SimpleData>
		<SimpleData name="X">436681.000000</SimpleData>
		<SimpleData name="Y">7203368.000000</SimpleData>
	</SchemaData></ExtendedData>
      <Point><coordinates>-57.6289311676435,-25.2847973889643</coordinates></Point>
  </Placemark>
  <Placemark id="clipped.511">
	<ExtendedData><SchemaData schemaUrl="#clipped">
		<SimpleData name="Nº">672.000000</SimpleData>
		<SimpleData name="Individuo">672.000000</SimpleData>
		<SimpleData name="X">436679.000000</SimpleData>
		<SimpleData name="Y">7203368.000000</SimpleData>
	</SchemaData></ExtendedData>
      <Point><coordinates>-57.6289510321765,-25.2847973042844</coordinates></Point>
  </Placemark>
  <Placemark id="clipped.512">
	<ExtendedData><SchemaData schemaUrl="#clipped">
		<SimpleData name="Nº">673.000000</SimpleData>
		<SimpleData name="Individuo">673.000000</SimpleData>
		<SimpleData name="X">436534.000000</SimpleData>
		<SimpleData name="Y">7203474.000000</SimpleData>
	</SchemaData></ExtendedData>
      <Point><coordinates>-57.6303862629658,-25.2838339570194</coordinates></Point>
  </Placemark>
  <Placemark id="clipped.513">
	<ExtendedData><SchemaData schemaUrl="#clipped">
		<SimpleData name="Nº">674.000000</SimpleData>
		<SimpleData name="Individuo">674.000000</SimpleData>
		<SimpleData name="X">436521.000000</SimpleData>
		<SimpleData name="Y">7203485.000000</SimpleData>
	</SchemaData></ExtendedData>
      <Point><coordinates>-57.6305148678502,-25.2837340731304</coordinates></Point>
  </Placemark>
  <Placemark id="clipped.514">
	<ExtendedData><SchemaData schemaUrl="#clipped">
		<SimpleData name="Nº">675.000000</SimpleData>
		<SimpleData name="Individuo">675.000000</SimpleData>
		<SimpleData name="X">436502.000000</SimpleData>
		<SimpleData name="Y">7203494.000000</SimpleData>
	</SchemaData></ExtendedData>
      <Point><coordinates>-57.630703158929,-25.2836519947975</coordinates></Point>
  </Placemark>
  <Placemark id="clipped.515">
	<ExtendedData><SchemaData schemaUrl="#clipped">
		<SimpleData name="Nº">676.000000</SimpleData>
		<SimpleData name="Individuo">676.000000</SimpleData>
		<SimpleData name="X">436498.000000</SimpleData>
		<SimpleData name="Y">7203498.000000</SimpleData>
	</SchemaData></ExtendedData>
      <Point><coordinates>-57.6307427008067,-25.2836157041775</coordinates></Point>
  </Placemark>
  <Placemark id="clipped.516">
	<ExtendedData><SchemaData schemaUrl="#clipped">
		<SimpleData name="Nº">677.000000</SimpleData>
		<SimpleData name="Individuo">677.000000</SimpleData>
		<SimpleData name="X">436493.000000</SimpleData>
		<SimpleData name="Y">7203504.000000</SimpleData>
	</SchemaData></ExtendedData>
      <Point><coordinates>-57.6307920814168,-25.283561310691</coordinates></Point>
  </Placemark>
  <Placemark id="clipped.517">
	<ExtendedData><SchemaData schemaUrl="#clipped">
		<SimpleData name="Nº">678.000000</SimpleData>
		<SimpleData name="Individuo">678.000000</SimpleData>
		<SimpleData name="X">436469.000000</SimpleData>
		<SimpleData name="Y">7203521.000000</SimpleData>
	</SchemaData></ExtendedData>
      <Point><coordinates>-57.6310296590427,-25.283406778054</coordinates></Point>
  </Placemark>
  <Placemark id="clipped.518">
	<ExtendedData><SchemaData schemaUrl="#clipped">
		<SimpleData name="Nº">679.000000</SimpleData>
		<SimpleData name="Individuo">679.000000</SimpleData>
		<SimpleData name="X">436448.000000</SimpleData>
		<SimpleData name="Y">7203458.000000</SimpleData>
	</SchemaData></ExtendedData>
      <Point><coordinates>-57.6312411786237,-25.2839747882075</coordinates></Point>
  </Placemark>
  <Placemark id="clipped.519">
	<ExtendedData><SchemaData schemaUrl="#clipped">
		<SimpleData name="Nº">680.000000</SimpleData>
		<SimpleData name="Individuo">680.000000</SimpleData>
		<SimpleData name="X">436448.000000</SimpleData>
		<SimpleData name="Y">7203460.000000</SimpleData>
	</SchemaData></ExtendedData>
      <Point><coordinates>-57.6312410851476,-25.2839567278162</coordinates></Point>
  </Placemark>
  <Placemark id="clipped.520">
	<ExtendedData><SchemaData schemaUrl="#clipped">
		<SimpleData name="Nº">681.000000</SimpleData>
		<SimpleData name="Individuo">681.000000</SimpleData>
		<SimpleData name="X">436445.000000</SimpleData>
		<SimpleData name="Y">7203449.000000</SimpleData>
	</SchemaData></ExtendedData>
      <Point><coordinates>-57.6312713958719,-25.2840559324838</coordinates></Point>
  </Placemark>
  <Placemark id="clipped.521">
	<ExtendedData><SchemaData schemaUrl="#clipped">
		<SimpleData name="Nº">682.000000</SimpleData>
		<SimpleData name="Individuo">682.000000</SimpleData>
		<SimpleData name="X">436407.000000</SimpleData>
		<SimpleData name="Y">7203375.000000</SimpleData>
	</SchemaData></ExtendedData>
      <Point><coordinates>-57.6316522804409,-25.2847225515526</coordinates></Point>
  </Placemark>
  <Placemark id="clipped.522">
	<ExtendedData><SchemaData schemaUrl="#clipped">
		<SimpleData name="Nº">683.000000</SimpleData>
		<SimpleData name="Individuo">683.000000</SimpleData>
		<SimpleData name="X">436412.000000</SimpleData>
		<SimpleData name="Y">7203372.000000</SimpleData>
	</SchemaData></ExtendedData>
      <Point><coordinates>-57.6316027594637,-25.284749854738</coordinates></Point>
  </Placemark>
  <Placemark id="clipped.523">
	<ExtendedData><SchemaData schemaUrl="#clipped">
		<SimpleData name="Nº">684.000000</SimpleData>
		<SimpleData name="Individuo">684.000000</SimpleData>
		<SimpleData name="X">436472.000000</SimpleData>
		<SimpleData name="Y">7203336.000000</SimpleData>
	</SchemaData></ExtendedData>
      <Point><coordinates>-57.6310085059881,-25.2850774916923</coordinates></Point>
  </Placemark>
  <Placemark id="clipped.524">
	<ExtendedData><SchemaData schemaUrl="#clipped">
		<SimpleData name="Nº">685.000000</SimpleData>
		<SimpleData name="Individuo">685.000000</SimpleData>
		<SimpleData name="X">436472.000000</SimpleData>
		<SimpleData name="Y">7203349.000000</SimpleData>
	</SchemaData></ExtendedData>
      <Point><coordinates>-57.6310078985894,-25.2849600991605</coordinates></Point>
  </Placemark>
  <Placemark id="clipped.525">
	<ExtendedData><SchemaData schemaUrl="#clipped">
		<SimpleData name="Nº">686.000000</SimpleData>
		<SimpleData name="Individuo">686.000000</SimpleData>
		<SimpleData name="X">436474.000000</SimpleData>
		<SimpleData name="Y">7203352.000000</SimpleData>
	</SchemaData></ExtendedData>
      <Point><coordinates>-57.6309878938737,-25.2849330935331</coordinates></Point>
  </Placemark>
  <Placemark id="clipped.526">
	<ExtendedData><SchemaData schemaUrl="#clipped">
		<SimpleData name="Nº">687.000000</SimpleData>
		<SimpleData name="Individuo">687.000000</SimpleData>
		<SimpleData name="X">436474.000000</SimpleData>
		<SimpleData name="Y">7203357.000000</SimpleData>
	</SchemaData></ExtendedData>
      <Point><coordinates>-57.6309876602675,-25.2848879425586</coordinates></Point>
  </Placemark>
  <Placemark id="clipped.527">
	<ExtendedData><SchemaData schemaUrl="#clipped">
		<SimpleData name="Nº">688.000000</SimpleData>
		<SimpleData name="Individuo">688.000000</SimpleData>
		<SimpleData name="X">436479.000000</SimpleData>
		<SimpleData name="Y">7203361.000000</SimpleData>
	</SchemaData></ExtendedData>
      <Point><coordinates>-57.6309378120475,-25.2848520341592</coordinates></Point>
  </Placemark>
  <Placemark id="clipped.528">
	<ExtendedData><SchemaData schemaUrl="#clipped">
		<SimpleData name="Nº">689.000000</SimpleData>
		<SimpleData name="Individuo">689.000000</SimpleData>
		<SimpleData name="X">436482.000000</SimpleData>
		<SimpleData name="Y">7203360.000000</SimpleData>
	</SchemaData></ExtendedData>
      <Point><coordinates>-57.6309080619612,-25.2848611917746</coordinates></Point>
  </Placemark>
  <Placemark id="clipped.529">
	<ExtendedData><SchemaData schemaUrl="#clipped">
		<SimpleData name="Nº">690.000000</SimpleData>
		<SimpleData name="Individuo">690.000000</SimpleData>
		<SimpleData name="X">436489.000000</SimpleData>
		<SimpleData name="Y">7203366.000000</SimpleData>
	</SchemaData></ExtendedData>
      <Point><coordinates>-57.6308382558249,-25.2848073078937</coordinates></Point>
  </Placemark>
  <Placemark id="clipped.530">
	<ExtendedData><SchemaData schemaUrl="#clipped">
		<SimpleData name="Nº">691.000000</SimpleData>
		<SimpleData name="Individuo">691.000000</SimpleData>
		<SimpleData name="X">436492.000000</SimpleData>
		<SimpleData name="Y">7203371.000000</SimpleData>
	</SchemaData></ExtendedData>
      <Point><coordinates>-57.6308082254952,-25.2847622843167</coordinates></Point>
  </Placemark>
  <Placemark id="clipped.531">
	<ExtendedData><SchemaData schemaUrl="#clipped">
		<SimpleData name="Nº">692.000000</SimpleData>
		<SimpleData name="Individuo">692.000000</SimpleData>
		<SimpleData name="X">436493.000000</SimpleData>
		<SimpleData name="Y">7203377.000000</SimpleData>
	</SchemaData></ExtendedData>
      <Point><coordinates>-57.6307980129941,-25.2847081456091</coordinates></Point>
  </Placemark>
  <Placemark id="clipped.532">
	<ExtendedData><SchemaData schemaUrl="#clipped">
		<SimpleData name="Nº">693.000000</SimpleData>
		<SimpleData name="Individuo">693.000000</SimpleData>
		<SimpleData name="X">436479.000000</SimpleData>
		<SimpleData name="Y">7203350.000000</SimpleData>
	</SchemaData></ExtendedData>
      <Point><coordinates>-57.6309383259404,-25.2849513663044</coordinates></Point>
  </Placemark>
  <Placemark id="clipped.533">
	<ExtendedData><SchemaData schemaUrl="#clipped">
		<SimpleData name="Nº">694.000000</SimpleData>
		<SimpleData name="Individuo">694.000000</SimpleData>
		<SimpleData name="X">436482.000000</SimpleData>
		<SimpleData name="Y">7203353.000000</SimpleData>
	</SchemaData></ExtendedData>
      <Point><coordinates>-57.6309083889684,-25.2849244031401</coordinates></Point>
  </Placemark>
  <Placemark id="clipped.534">
	<ExtendedData><SchemaData schemaUrl="#clipped">
		<SimpleData name="Nº">695.000000</SimpleData>
		<SimpleData name="Individuo">695.000000</SimpleData>
		<SimpleData name="X">436450.000000</SimpleData>
		<SimpleData name="Y">7203434.000000</SimpleData>
	</SchemaData></ExtendedData>
      <Point><coordinates>-57.6312224359172,-25.2841915978857</coordinates></Point>
  </Placemark>
  <Placemark id="clipped.535">
	<ExtendedData><SchemaData schemaUrl="#clipped">
		<SimpleData name="Nº">696.000000</SimpleData>
		<SimpleData name="Individuo">696.000000</SimpleData>
		<SimpleData name="X">436444.000000</SimpleData>
		<SimpleData name="Y">7203434.000000</SimpleData>
	</SchemaData></ExtendedData>
      <Point><coordinates>-57.6312820291937,-25.2841913429183</coordinates></Point>
  </Placemark>
  <Placemark id="clipped.536">
	<ExtendedData><SchemaData schemaUrl="#clipped">
		<SimpleData name="Nº">697.000000</SimpleData>
		<SimpleData name="Individuo">697.000000</SimpleData>
		<SimpleData name="X">436444.000000</SimpleData>
		<SimpleData name="Y">7203437.000000</SimpleData>
	</SchemaData></ExtendedData>
      <Point><coordinates>-57.6312818889693,-25.2841642523324</coordinates></Point>
  </Placemark>
  <Placemark id="clipped.537">
	<ExtendedData><SchemaData schemaUrl="#clipped">
		<SimpleData name="Nº">698.000000</SimpleData>
		<SimpleData name="Individuo">698.000000</SimpleData>
		<SimpleData name="X">436438.000000</SimpleData>
		<SimpleData name="Y">7203428.000000</SimpleData>
	</SchemaData></ExtendedData>
      <Point><coordinates>-57.6313419029453,-25.2842452690978</coordinates></Point>
  </Placemark>
  <Placemark id="clipped.538">
	<ExtendedData><SchemaData schemaUrl="#clipped">
		<SimpleData name="Nº">699.000000</SimpleData>
		<SimpleData name="Individuo">699.000000</SimpleData>
		<SimpleData name="X">436479.000000</SimpleData>
		<SimpleData name="Y">7203389.000000</SimpleData>
	</SchemaData></ExtendedData>
      <Point><coordinates>-57.6309365039686,-25.2845991886926</coordinates></Point>
  </Placemark>
  <Placemark id="clipped.539">
	<ExtendedData><SchemaData schemaUrl="#clipped">
		<SimpleData name="Nº">700.000000</SimpleData>
		<SimpleData name="Individuo">700.000000</SimpleData>
		<SimpleData name="X">436481.000000</SimpleData>
		<SimpleData name="Y">7203391.000000</SimpleData>
	</SchemaData></ExtendedData>
      <Point><coordinates>-57.6309165460449,-25.2845812132483</coordinates></Point>
  </Placemark>
  <Placemark id="clipped.540">
	<ExtendedData><SchemaData schemaUrl="#clipped">
		<SimpleData name="Nº">701.000000</SimpleData>
		<SimpleData name="Individuo">701.000000</SimpleData>
		<SimpleData name="X">436506.000000</SimpleData>
		<SimpleData name="Y">7203404.000000</SimpleData>
	</SchemaData></ExtendedData>
      <Point><coordinates>-57.6306676328519,-25.2844648823064</coordinates></Point>
  </Placemark>
  <Placemark id="clipped.541">
	<ExtendedData><SchemaData schemaUrl="#clipped">
		<SimpleData name="Nº">702.000000</SimpleData>
		<SimpleData name="Individuo">702.000000</SimpleData>
		<SimpleData name="X">436502.000000</SimpleData>
		<SimpleData name="Y">7203409.000000</SimpleData>
	</SchemaData></ExtendedData>
      <Point><coordinates>-57.6307071282988,-25.2844195614986</coordinates></Point>
  </Placemark>
  <Placemark id="clipped.542">
	<ExtendedData><SchemaData schemaUrl="#clipped">
		<SimpleData name="Nº">703.000000</SimpleData>
		<SimpleData name="Individuo">703.000000</SimpleData>
		<SimpleData name="X">436516.000000</SimpleData>
		<SimpleData name="Y">7203420.000000</SimpleData>
	</SchemaData></ExtendedData>
      <Point><coordinates>-57.6305675634644,-25.2843208236888</coordinates></Point>
  </Placemark>
  <Placemark id="clipped.543">
	<ExtendedData><SchemaData schemaUrl="#clipped">
		<SimpleData name="Nº">704.000000</SimpleData>
		<SimpleData name="Individuo">704.000000</SimpleData>
		<SimpleData name="X">436507.000000</SimpleData>
		<SimpleData name="Y">7203420.000000</SimpleData>
	</SchemaData></ExtendedData>
      <Point><coordinates>-57.6306569534848,-25.2843204416236</coordinates></Point>
  </Placemark>
  <Placemark id="clipped.544">
	<ExtendedData><SchemaData schemaUrl="#clipped">
		<SimpleData name="Nº">705.000000</SimpleData>
		<SimpleData name="Individuo">705.000000</SimpleData>
		<SimpleData name="X">436517.000000</SimpleData>
		<SimpleData name="Y">7203427.000000</SimpleData>
	</SchemaData></ExtendedData>
      <Point><coordinates>-57.6305573044233,-25.2842576547621</coordinates></Point>
  </Placemark>
  <Placemark id="clipped.545">
	<ExtendedData><SchemaData schemaUrl="#clipped">
		<SimpleData name="Nº">706.000000</SimpleData>
		<SimpleData name="Individuo">706.000000</SimpleData>
		<SimpleData name="X">436517.000000</SimpleData>
		<SimpleData name="Y">7203429.000000</SimpleData>
	</SchemaData></ExtendedData>
      <Point><coordinates>-57.6305572110474,-25.2842395943691</coordinates></Point>
  </Placemark>
  <Placemark id="clipped.546">
	<ExtendedData><SchemaData schemaUrl="#clipped">
		<SimpleData name="Nº">707.000000</SimpleData>
		<SimpleData name="Individuo">707.000000</SimpleData>
		<SimpleData name="X">436519.000000</SimpleData>
		<SimpleData name="Y">7203427.000000</SimpleData>
	</SchemaData></ExtendedData>
      <Point><coordinates>-57.6305374399843,-25.2842577396565</coordinates></Point>
  </Placemark>
  <Placemark id="clipped.547">
	<ExtendedData><SchemaData schemaUrl="#clipped">
		<SimpleData name="Nº">708.000000</SimpleData>
		<SimpleData name="Individuo">708.000000</SimpleData>
		<SimpleData name="X">436530.000000</SimpleData>
		<SimpleData name="Y">7203439.000000</SimpleData>
	</SchemaData></ExtendedData>
      <Point><coordinates>-57.6304276254287,-25.284149844167</coordinates></Point>
  </Placemark>
  <Placemark id="clipped.548">
	<ExtendedData><SchemaData schemaUrl="#clipped">
		<SimpleData name="Nº">709.000000</SimpleData>
		<SimpleData name="Individuo">709.000000</SimpleData>
		<SimpleData name="X">436535.000000</SimpleData>
		<SimpleData name="Y">7203440.000000</SimpleData>
	</SchemaData></ExtendedData>
      <Point><coordinates>-57.6303779176992,-25.2841410261567</coordinates></Point>
  </Placemark>
  <Placemark id="clipped.549">
	<ExtendedData><SchemaData schemaUrl="#clipped">
		<SimpleData name="Nº">710.000000</SimpleData>
		<SimpleData name="Individuo">710.000000</SimpleData>
		<SimpleData name="X">436535.000000</SimpleData>
		<SimpleData name="Y">7203442.000000</SimpleData>
	</SchemaData></ExtendedData>
      <Point><coordinates>-57.6303778243503,-25.2841229657628</coordinates></Point>
  </Placemark>
  <Placemark id="clipped.550">
	<ExtendedData><SchemaData schemaUrl="#clipped">
		<SimpleData name="Nº">711.000000</SimpleData>
		<SimpleData name="Individuo">711.000000</SimpleData>
		<SimpleData name="X">436530.000000</SimpleData>
		<SimpleData name="Y">7203449.000000</SimpleData>
	</SchemaData></ExtendedData>
      <Point><coordinates>-57.6304271586482,-25.2840595421982</coordinates></Point>
  </Placemark>
  <Placemark id="clipped.551">
	<ExtendedData><SchemaData schemaUrl="#clipped">
		<SimpleData name="Nº">712.000000</SimpleData>
		<SimpleData name="Individuo">712.000000</SimpleData>
		<SimpleData name="X">436534.000000</SimpleData>
		<SimpleData name="Y">7203453.000000</SimpleData>
	</SchemaData></ExtendedData>
      <Point><coordinates>-57.6303872431338,-25.28402359116</coordinates></Point>
  </Placemark>
  <Placemark id="clipped.552">
	<ExtendedData><SchemaData schemaUrl="#clipped">
		<SimpleData name="Nº">713.000000</SimpleData>
		<SimpleData name="Individuo">713.000000</SimpleData>
		<SimpleData name="X">436535.000000</SimpleData>
		<SimpleData name="Y">7203460.000000</SimpleData>
	</SchemaData></ExtendedData>
      <Point><coordinates>-57.6303769842145,-25.283960422216</coordinates></Point>
  </Placemark>
  <Placemark id="clipped.553">
	<ExtendedData><SchemaData schemaUrl="#clipped">
		<SimpleData name="Nº">714.000000</SimpleData>
		<SimpleData name="Individuo">714.000000</SimpleData>
		<SimpleData name="X">436537.000000</SimpleData>
		<SimpleData name="Y">7203436.000000</SimpleData>
	</SchemaData></ExtendedData>
      <Point><coordinates>-57.6303582399707,-25.2841772318144</coordinates></Point>
  </Placemark>
  <Placemark id="clipped.554">
	<ExtendedData><SchemaData schemaUrl="#clipped">
		<SimpleData name="Nº">715.000000</SimpleData>
		<SimpleData name="Individuo">715.000000</SimpleData>
		<SimpleData name="X">436519.000000</SimpleData>
		<SimpleData name="Y">7203404.000000</SimpleData>
	</SchemaData></ExtendedData>
      <Point><coordinates>-57.6305385137802,-25.2844654341732</coordinates></Point>
  </Placemark>
  <Placemark id="clipped.555">
	<ExtendedData><SchemaData schemaUrl="#clipped">
		<SimpleData name="Nº">716.000000</SimpleData>
		<SimpleData name="Individuo">716.000000</SimpleData>
		<SimpleData name="X">436663.000000</SimpleData>
		<SimpleData name="Y">7203461.000000</SimpleData>
	</SchemaData></ExtendedData>
      <Point><coordinates>-57.6291056164121,-25.2839568182565</coordinates></Point>
  </Placemark>
  <Placemark id="clipped.556">
	<ExtendedData><SchemaData schemaUrl="#clipped">
		<SimpleData name="Nº">717.000000</SimpleData>
		<SimpleData name="Individuo">717.000000</SimpleData>
		<SimpleData name="X">436652.000000</SimpleData>
		<SimpleData name="Y">7203447.000000</SimpleData>
	</SchemaData></ExtendedData>
      <Point><coordinates>-57.6292155228197,-25.2840827751568</coordinates></Point>
  </Placemark>
  <Placemark id="clipped.557">
	<ExtendedData><SchemaData schemaUrl="#clipped">
		<SimpleData name="Nº">718.000000</SimpleData>
		<SimpleData name="Individuo">718.000000</SimpleData>
		<SimpleData name="X">436645.000000</SimpleData>
		<SimpleData name="Y">7203440.000000</SimpleData>
	</SchemaData></ExtendedData>
      <Point><coordinates>-57.6292853744282,-25.2841456900313</coordinates></Point>
  </Placemark>
  <Placemark id="clipped.558">
	<ExtendedData><SchemaData schemaUrl="#clipped">
		<SimpleData name="Nº">719.000000</SimpleData>
		<SimpleData name="Individuo">719.000000</SimpleData>
		<SimpleData name="X">436629.000000</SimpleData>
		<SimpleData name="Y">7203449.000000</SimpleData>
	</SchemaData></ExtendedData>
      <Point><coordinates>-57.6294438703828,-25.284063740365</coordinates></Point>
  </Placemark>
  <Placemark id="clipped.559">
	<ExtendedData><SchemaData schemaUrl="#clipped">
		<SimpleData name="Nº">720.000000</SimpleData>
		<SimpleData name="Individuo">720.000000</SimpleData>
		<SimpleData name="X">436638.000000</SimpleData>
		<SimpleData name="Y">7203432.000000</SimpleData>
	</SchemaData></ExtendedData>
      <Point><coordinates>-57.6293552727078,-25.2842176350696</coordinates></Point>
  </Placemark>
</Folder>
</Document></kml>
